model_name,scats_number,datetime,actual_flow,predicted_flow
XGBoost,970,2006-10-27 12:00:00,906,864.21
XGBoost,970,2006-10-27 12:15:00,882,903.58
XGBoost,970,2006-10-27 12:30:00,855,890.5
XGBoost,970,2006-10-27 12:45:00,830,843.73
XGBoost,970,2006-10-27 13:00:00,945,863.97
XGBoost,970,2006-10-27 13:15:00,875,919.44
XGBoost,970,2006-10-27 13:30:00,861,918.92
XGBoost,970,2006-10-27 13:45:00,899,858.29
XGBoost,970,2006-10-27 14:00:00,983,912.14
XGBoost,970,2006-10-27 14:15:00,929,932.86
XGBoost,970,2006-10-27 14:30:00,937,927.12
XGBoost,970,2006-10-27 14:45:00,968,933.14
XGBoost,970,2006-10-27 15:00:00,1047,996.97
XGBoost,970,2006-10-27 15:15:00,1078,1070.22
XGBoost,970,2006-10-27 15:30:00,1111,1078.5
XGBoost,970,2006-10-27 15:45:00,1135,1182.87
XGBoost,970,2006-10-27 16:00:00,1146,1182.13
XGBoost,970,2006-10-27 16:15:00,1223,1182.38
XGBoost,970,2006-10-27 16:30:00,1271,1251.55
XGBoost,970,2006-10-27 16:45:00,1225,1207.07
XGBoost,970,2006-10-27 17:00:00,1233,1277.34
XGBoost,970,2006-10-27 17:15:00,1275,1295.69
XGBoost,970,2006-10-27 17:30:00,1324,1288.5
XGBoost,970,2006-10-27 17:45:00,1229,1288.5
XGBoost,970,2006-10-27 18:00:00,1305,1269.6
XGBoost,970,2006-10-27 18:15:00,1154,1255.35
XGBoost,970,2006-10-27 18:30:00,1057,1045.05
XGBoost,970,2006-10-27 18:45:00,999,986.69
XGBoost,970,2006-10-27 19:00:00,901,915.87
XGBoost,970,2006-10-27 19:15:00,827,843.34
XGBoost,970,2006-10-27 19:30:00,744,749.82
XGBoost,970,2006-10-27 19:45:00,653,665.61
XGBoost,970,2006-10-27 20:00:00,585,603.25
XGBoost,970,2006-10-27 20:15:00,532,549.62
XGBoost,970,2006-10-27 20:30:00,507,510.88
XGBoost,970,2006-10-27 20:45:00,469,475.07
XGBoost,970,2006-10-27 21:00:00,563,521.71
XGBoost,970,2006-10-27 21:15:00,530,545.34
XGBoost,970,2006-10-27 21:30:00,464,532.4
XGBoost,970,2006-10-27 21:45:00,369,460.77
XGBoost,970,2006-10-27 22:00:00,386,391.68
XGBoost,970,2006-10-27 22:15:00,312,377.48
XGBoost,970,2006-10-27 22:30:00,332,336.36
XGBoost,970,2006-10-27 22:45:00,345,309.85
XGBoost,970,2006-10-27 23:00:00,370,318.92
XGBoost,970,2006-10-27 23:15:00,277,323.49
XGBoost,970,2006-10-27 23:30:00,295,266.9
XGBoost,970,2006-10-27 23:45:00,237,254.02
XGBoost,970,2006-10-28 00:00:00,227,222.52
XGBoost,970,2006-10-28 00:15:00,215,192.76
XGBoost,970,2006-10-28 00:30:00,157,184.57
XGBoost,970,2006-10-28 00:45:00,158,153.06
XGBoost,970,2006-10-28 01:00:00,118,136.98
XGBoost,970,2006-10-28 01:15:00,93,107.84
XGBoost,970,2006-10-28 01:30:00,91,85.81
XGBoost,970,2006-10-28 01:45:00,74,80.67
XGBoost,970,2006-10-28 02:00:00,77,70.84
XGBoost,970,2006-10-28 02:15:00,65,69.1
XGBoost,970,2006-10-28 02:30:00,62,61.34
XGBoost,970,2006-10-28 02:45:00,60,56.35
XGBoost,970,2006-10-28 03:00:00,39,52.08
XGBoost,970,2006-10-28 03:15:00,53,41.92
XGBoost,970,2006-10-28 03:30:00,36,46.82
XGBoost,970,2006-10-28 03:45:00,42,38.09
XGBoost,970,2006-10-28 04:00:00,43,41.51
XGBoost,970,2006-10-28 04:15:00,48,41.47
XGBoost,970,2006-10-28 04:30:00,51,44.0
XGBoost,970,2006-10-28 04:45:00,40,48.47
XGBoost,970,2006-10-28 05:00:00,45,54.71
XGBoost,970,2006-10-28 05:15:00,60,60.61
XGBoost,970,2006-10-28 05:30:00,93,74.66
XGBoost,970,2006-10-28 05:45:00,124,107.81
XGBoost,970,2006-10-28 06:00:00,97,150.16
XGBoost,970,2006-10-28 06:15:00,164,137.59
XGBoost,970,2006-10-28 06:30:00,217,207.09
XGBoost,970,2006-10-28 06:45:00,237,262.35
XGBoost,970,2006-10-28 07:00:00,233,269.52
XGBoost,970,2006-10-28 07:15:00,264,276.72
XGBoost,970,2006-10-28 07:30:00,351,320.55
XGBoost,970,2006-10-28 07:45:00,447,392.78
XGBoost,970,2006-10-28 08:00:00,508,513.84
XGBoost,970,2006-10-28 08:15:00,562,562.48
XGBoost,970,2006-10-28 08:30:00,728,621.42
XGBoost,970,2006-10-28 08:45:00,743,768.59
XGBoost,970,2006-10-28 09:00:00,703,789.46
XGBoost,970,2006-10-28 09:15:00,840,767.73
XGBoost,970,2006-10-28 09:30:00,857,803.63
XGBoost,970,2006-10-28 09:45:00,864,857.3
XGBoost,970,2006-10-28 10:00:00,914,847.8
XGBoost,970,2006-10-28 10:15:00,961,883.83
XGBoost,970,2006-10-28 10:30:00,943,933.41
XGBoost,970,2006-10-28 10:45:00,1021,948.61
XGBoost,970,2006-10-28 11:00:00,1065,983.93
XGBoost,970,2006-10-28 11:15:00,1037,1030.15
XGBoost,970,2006-10-28 11:30:00,1090,1042.29
XGBoost,970,2006-10-28 11:45:00,1149,1048.39
XGBoost,970,2006-10-28 12:00:00,1130,1119.57
XGBoost,970,2006-10-28 12:15:00,1121,1124.7
XGBoost,970,2006-10-28 12:30:00,1079,1128.11
XGBoost,970,2006-10-28 12:45:00,1154,1061.81
XGBoost,970,2006-10-28 13:00:00,1066,1104.52
XGBoost,970,2006-10-28 13:15:00,1095,1036.52
XGBoost,970,2006-10-28 13:30:00,1085,1094.42
XGBoost,970,2006-10-28 13:45:00,1138,1039.91
XGBoost,970,2006-10-28 14:00:00,1010,1078.08
XGBoost,970,2006-10-28 14:15:00,1079,1007.45
XGBoost,970,2006-10-28 14:30:00,1010,1026.31
XGBoost,970,2006-10-28 14:45:00,1026,1009.44
XGBoost,970,2006-10-28 15:00:00,998,1012.4
XGBoost,970,2006-10-28 15:15:00,979,1010.13
XGBoost,970,2006-10-28 15:30:00,955,974.58
XGBoost,970,2006-10-28 15:45:00,1080,957.6
XGBoost,970,2006-10-28 16:00:00,1022,1016.07
XGBoost,970,2006-10-28 16:15:00,984,995.3
XGBoost,970,2006-10-28 16:30:00,947,981.28
XGBoost,970,2006-10-28 16:45:00,957,963.92
XGBoost,970,2006-10-28 17:00:00,997,964.16
XGBoost,970,2006-10-28 17:15:00,1018,1005.08
XGBoost,970,2006-10-28 17:30:00,1003,1012.03
XGBoost,970,2006-10-28 17:45:00,967,1008.95
XGBoost,970,2006-10-28 18:00:00,861,933.78
XGBoost,970,2006-10-28 18:15:00,881,847.3
XGBoost,970,2006-10-28 18:30:00,820,821.82
XGBoost,970,2006-10-28 18:45:00,775,814.82
XGBoost,970,2006-10-28 19:00:00,748,717.19
XGBoost,970,2006-10-28 19:15:00,685,671.79
XGBoost,970,2006-10-28 19:30:00,622,613.51
XGBoost,970,2006-10-28 19:45:00,370,560.58
XGBoost,970,2006-10-28 20:00:00,515,423.84
XGBoost,970,2006-10-28 20:15:00,481,419.05
XGBoost,970,2006-10-28 20:30:00,396,419.16
XGBoost,970,2006-10-28 20:45:00,345,365.24
XGBoost,970,2006-10-28 21:00:00,353,381.38
XGBoost,970,2006-10-28 21:15:00,347,355.97
XGBoost,970,2006-10-28 21:30:00,363,354.85
XGBoost,970,2006-10-28 21:45:00,337,348.97
XGBoost,970,2006-10-28 22:00:00,372,353.69
XGBoost,970,2006-10-28 22:15:00,335,343.19
XGBoost,970,2006-10-28 22:30:00,365,341.32
XGBoost,970,2006-10-28 22:45:00,310,344.49
XGBoost,970,2006-10-28 23:00:00,354,337.84
XGBoost,970,2006-10-28 23:15:00,347,322.69
XGBoost,970,2006-10-28 23:30:00,358,338.29
XGBoost,970,2006-10-28 23:45:00,311,328.36
XGBoost,970,2006-10-29 00:00:00,324,292.74
XGBoost,970,2006-10-29 00:15:00,299,292.1
XGBoost,970,2006-10-29 00:30:00,273,272.16
XGBoost,970,2006-10-29 00:45:00,213,246.32
XGBoost,970,2006-10-29 01:00:00,150,198.26
XGBoost,970,2006-10-29 01:15:00,139,153.2
XGBoost,970,2006-10-29 01:30:00,114,125.74
XGBoost,970,2006-10-29 01:45:00,0,106.37
XGBoost,970,2006-10-29 02:00:00,0,53.27
XGBoost,970,2006-10-29 02:15:00,0,31.38
XGBoost,970,2006-10-29 02:30:00,0,23.15
XGBoost,970,2006-10-29 02:45:00,102,18.36
XGBoost,970,2006-10-29 03:00:00,99,78.4
XGBoost,970,2006-10-29 03:15:00,108,94.24
XGBoost,970,2006-10-29 03:30:00,109,97.19
XGBoost,970,2006-10-29 03:45:00,89,132.99
XGBoost,970,2006-10-29 04:00:00,73,118.91
XGBoost,970,2006-10-29 04:15:00,81,91.8
XGBoost,970,2006-10-29 04:30:00,66,92.18
XGBoost,970,2006-10-29 04:45:00,56,64.91
XGBoost,970,2006-10-29 05:00:00,74,63.63
XGBoost,970,2006-10-29 05:15:00,62,74.33
XGBoost,970,2006-10-29 05:30:00,64,75.66
XGBoost,970,2006-10-29 05:45:00,59,75.67
XGBoost,970,2006-10-29 06:00:00,81,71.83
XGBoost,970,2006-10-29 06:15:00,105,87.4
XGBoost,970,2006-10-29 06:30:00,131,115.97
XGBoost,970,2006-10-29 06:45:00,144,153.71
XGBoost,970,2006-10-29 07:00:00,134,157.91
XGBoost,970,2006-10-29 07:15:00,147,157.93
XGBoost,970,2006-10-29 07:30:00,196,171.48
XGBoost,970,2006-10-29 07:45:00,196,220.0
XGBoost,970,2006-10-29 08:00:00,191,245.69
XGBoost,970,2006-10-29 08:15:00,241,238.48
XGBoost,970,2006-10-29 08:30:00,289,277.98
XGBoost,970,2006-10-29 08:45:00,322,332.93
XGBoost,970,2006-10-29 09:00:00,348,366.88
XGBoost,970,2006-10-29 09:15:00,423,391.52
XGBoost,970,2006-10-29 09:30:00,473,487.45
XGBoost,970,2006-10-29 09:45:00,588,556.96
XGBoost,970,2006-10-29 10:00:00,525,628.96
XGBoost,970,2006-10-29 10:15:00,618,623.52
XGBoost,970,2006-10-29 10:30:00,686,654.3
XGBoost,970,2006-10-29 10:45:00,719,709.91
XGBoost,970,2006-10-29 11:00:00,737,723.64
XGBoost,970,2006-10-29 11:15:00,789,747.86
XGBoost,970,2006-10-29 11:30:00,891,813.86
XGBoost,970,2006-10-29 11:45:00,956,921.28
XGBoost,970,2006-10-29 12:00:00,920,958.44
XGBoost,970,2006-10-29 12:15:00,975,963.43
XGBoost,970,2006-10-29 12:30:00,964,986.61
XGBoost,970,2006-10-29 12:45:00,937,985.06
XGBoost,970,2006-10-29 13:00:00,914,946.82
XGBoost,970,2006-10-29 13:15:00,920,942.42
XGBoost,970,2006-10-29 13:30:00,895,935.67
XGBoost,970,2006-10-29 13:45:00,888,922.41
XGBoost,970,2006-10-29 14:00:00,830,912.55
XGBoost,970,2006-10-29 14:15:00,916,864.09
XGBoost,970,2006-10-29 14:30:00,942,879.28
XGBoost,970,2006-10-29 14:45:00,982,947.68
XGBoost,970,2006-10-29 15:00:00,912,965.05
XGBoost,970,2006-10-29 15:15:00,980,926.6
XGBoost,970,2006-10-29 15:30:00,985,942.19
XGBoost,970,2006-10-29 15:45:00,940,966.74
XGBoost,970,2006-10-29 16:00:00,933,962.48
XGBoost,970,2006-10-29 16:15:00,1001,933.93
XGBoost,970,2006-10-29 16:30:00,978,955.63
XGBoost,970,2006-10-29 16:45:00,963,947.41
XGBoost,970,2006-10-29 17:00:00,941,955.88
XGBoost,970,2006-10-29 17:15:00,999,940.25
XGBoost,970,2006-10-29 17:30:00,963,965.34
XGBoost,970,2006-10-29 17:45:00,892,949.82
XGBoost,970,2006-10-29 18:00:00,815,830.9
XGBoost,970,2006-10-29 18:15:00,779,775.91
XGBoost,970,2006-10-29 18:30:00,708,716.53
XGBoost,970,2006-10-29 18:45:00,604,651.8
XGBoost,970,2006-10-29 19:00:00,500,555.19
XGBoost,970,2006-10-29 19:15:00,508,492.98
XGBoost,970,2006-10-29 19:30:00,419,457.2
XGBoost,970,2006-10-29 19:45:00,478,376.77
XGBoost,970,2006-10-29 20:00:00,463,403.09
XGBoost,970,2006-10-29 20:15:00,407,419.87
XGBoost,970,2006-10-29 20:30:00,382,375.51
XGBoost,970,2006-10-29 20:45:00,407,353.26
XGBoost,970,2006-10-29 21:00:00,410,370.46
XGBoost,970,2006-10-29 21:15:00,334,376.85
XGBoost,970,2006-10-29 21:30:00,352,338.96
XGBoost,970,2006-10-29 21:45:00,328,328.94
XGBoost,970,2006-10-29 22:00:00,290,319.35
XGBoost,970,2006-10-29 22:15:00,266,278.64
XGBoost,970,2006-10-29 22:30:00,228,259.55
XGBoost,970,2006-10-29 22:45:00,190,213.73
XGBoost,970,2006-10-29 23:00:00,185,182.3
XGBoost,970,2006-10-29 23:15:00,133,164.12
XGBoost,970,2006-10-29 23:30:00,145,131.13
XGBoost,970,2006-10-29 23:45:00,128,116.31
XGBoost,970,2006-10-30 00:00:00,111,119.61
XGBoost,970,2006-10-30 00:15:00,92,102.28
XGBoost,970,2006-10-30 00:30:00,61,82.86
XGBoost,970,2006-10-30 00:45:00,56,61.71
XGBoost,970,2006-10-30 01:00:00,69,48.46
XGBoost,970,2006-10-30 01:15:00,46,50.64
XGBoost,970,2006-10-30 01:30:00,36,42.04
XGBoost,970,2006-10-30 01:45:00,36,27.7
XGBoost,970,2006-10-30 02:00:00,33,28.37
XGBoost,970,2006-10-30 02:15:00,24,26.85
XGBoost,970,2006-10-30 02:30:00,28,21.17
XGBoost,970,2006-10-30 02:45:00,26,25.68
XGBoost,970,2006-10-30 03:00:00,15,26.37
XGBoost,970,2006-10-30 03:15:00,20,21.04
XGBoost,970,2006-10-30 03:30:00,21,20.83
XGBoost,970,2006-10-30 03:45:00,35,20.22
XGBoost,970,2006-10-30 04:00:00,30,40.49
XGBoost,970,2006-10-30 04:15:00,37,38.95
XGBoost,970,2006-10-30 04:30:00,50,43.15
XGBoost,970,2006-10-30 04:45:00,54,53.3
XGBoost,970,2006-10-30 05:00:00,55,79.04
XGBoost,970,2006-10-30 05:15:00,87,77.59
XGBoost,970,2006-10-30 05:30:00,127,113.18
XGBoost,970,2006-10-30 05:45:00,178,165.42
XGBoost,970,2006-10-30 06:00:00,237,233.16
XGBoost,970,2006-10-30 06:15:00,334,325.83
XGBoost,970,2006-10-30 06:30:00,564,438.7
XGBoost,970,2006-10-30 06:45:00,609,646.37
XGBoost,970,2006-10-30 07:00:00,748,734.8
XGBoost,970,2006-10-30 07:15:00,942,847.57
XGBoost,970,2006-10-30 07:30:00,1098,1005.15
XGBoost,970,2006-10-30 07:45:00,1183,1173.86
XGBoost,970,2006-10-30 08:00:00,1250,1166.73
XGBoost,970,2006-10-30 08:15:00,1278,1249.46
XGBoost,970,2006-10-30 08:30:00,1255,1262.81
XGBoost,970,2006-10-30 08:45:00,1243,1244.2
XGBoost,970,2006-10-30 09:00:00,1043,1076.31
XGBoost,970,2006-10-30 09:15:00,896,960.8
XGBoost,970,2006-10-30 09:30:00,803,847.75
XGBoost,970,2006-10-30 09:45:00,797,774.07
XGBoost,970,2006-10-30 10:00:00,769,762.3
XGBoost,970,2006-10-30 10:15:00,769,738.15
XGBoost,970,2006-10-30 10:30:00,713,747.03
XGBoost,970,2006-10-30 10:45:00,737,717.43
XGBoost,970,2006-10-30 11:00:00,718,721.44
XGBoost,970,2006-10-30 11:15:00,773,747.66
XGBoost,970,2006-10-30 11:30:00,799,796.5
XGBoost,970,2006-10-30 11:45:00,767,825.76
XGBoost,970,2006-10-30 12:00:00,787,781.51
XGBoost,970,2006-10-30 12:15:00,793,801.72
XGBoost,970,2006-10-30 12:30:00,822,804.16
XGBoost,970,2006-10-30 12:45:00,792,822.4
XGBoost,970,2006-10-30 13:00:00,876,807.23
XGBoost,970,2006-10-30 13:15:00,795,854.89
XGBoost,970,2006-10-30 13:30:00,905,820.51
XGBoost,970,2006-10-30 13:45:00,846,858.63
XGBoost,970,2006-10-30 14:00:00,917,857.08
XGBoost,970,2006-10-30 14:15:00,847,908.58
XGBoost,970,2006-10-30 14:30:00,813,892.71
XGBoost,970,2006-10-30 14:45:00,822,878.52
XGBoost,970,2006-10-30 15:00:00,917,891.22
XGBoost,970,2006-10-30 15:15:00,1026,961.07
XGBoost,970,2006-10-30 15:30:00,1018,1039.63
XGBoost,970,2006-10-30 15:45:00,1070,1072.33
XGBoost,970,2006-10-30 16:00:00,1070,1072.45
XGBoost,970,2006-10-30 16:15:00,1127,1120.97
XGBoost,970,2006-10-30 16:30:00,1115,1174.5
XGBoost,970,2006-10-30 16:45:00,1115,1161.99
XGBoost,970,2006-10-30 17:00:00,1192,1202.23
XGBoost,970,2006-10-30 17:15:00,1216,1217.02
XGBoost,970,2006-10-30 17:30:00,1276,1261.62
XGBoost,970,2006-10-30 17:45:00,1266,1296.95
XGBoost,970,2006-10-30 18:00:00,1218,1223.6
XGBoost,970,2006-10-30 18:15:00,1160,1169.59
XGBoost,970,2006-10-30 18:30:00,1007,1040.73
XGBoost,970,2006-10-30 18:45:00,866,874.13
XGBoost,970,2006-10-30 19:00:00,684,787.63
XGBoost,970,2006-10-30 19:15:00,692,621.86
XGBoost,970,2006-10-30 19:30:00,602,603.34
XGBoost,970,2006-10-30 19:45:00,545,539.87
XGBoost,970,2006-10-30 20:00:00,502,488.4
XGBoost,970,2006-10-30 20:15:00,498,454.95
XGBoost,970,2006-10-30 20:30:00,397,437.41
XGBoost,970,2006-10-30 20:45:00,439,400.64
XGBoost,970,2006-10-30 21:00:00,404,422.18
XGBoost,970,2006-10-30 21:15:00,352,391.57
XGBoost,970,2006-10-30 21:30:00,345,364.87
XGBoost,970,2006-10-30 21:45:00,362,347.46
XGBoost,970,2006-10-30 22:00:00,336,334.8
XGBoost,970,2006-10-30 22:15:00,255,311.68
XGBoost,970,2006-10-30 22:30:00,230,250.07
XGBoost,970,2006-10-30 22:45:00,202,212.6
XGBoost,970,2006-10-30 23:00:00,202,183.59
XGBoost,970,2006-10-30 23:15:00,167,164.55
XGBoost,970,2006-10-30 23:30:00,129,142.7
XGBoost,970,2006-10-30 23:45:00,96,117.91
XGBoost,970,2006-10-31 00:00:00,95,92.27
XGBoost,970,2006-10-31 00:15:00,82,82.07
XGBoost,970,2006-10-31 00:30:00,63,66.4
XGBoost,970,2006-10-31 00:45:00,58,54.9
XGBoost,970,2006-10-31 01:00:00,34,49.07
XGBoost,970,2006-10-31 01:15:00,38,34.48
XGBoost,970,2006-10-31 01:30:00,34,32.94
XGBoost,970,2006-10-31 01:45:00,25,30.77
XGBoost,970,2006-10-31 02:00:00,35,26.21
XGBoost,970,2006-10-31 02:15:00,27,28.42
XGBoost,970,2006-10-31 02:30:00,20,25.99
XGBoost,970,2006-10-31 02:45:00,25,22.11
XGBoost,970,2006-10-31 03:00:00,19,20.89
XGBoost,970,2006-10-31 03:15:00,28,20.53
XGBoost,970,2006-10-31 03:30:00,25,23.27
XGBoost,970,2006-10-31 03:45:00,18,26.37
XGBoost,970,2006-10-31 04:00:00,41,26.74
XGBoost,970,2006-10-31 04:15:00,32,40.97
XGBoost,970,2006-10-31 04:30:00,36,44.15
XGBoost,970,2006-10-31 04:45:00,43,45.03
XGBoost,970,2006-10-31 05:00:00,70,60.55
XGBoost,970,2006-10-31 05:15:00,74,96.81
XGBoost,970,2006-10-31 05:30:00,133,111.24
XGBoost,970,2006-10-31 05:45:00,160,174.4
XGBoost,970,2006-10-31 06:00:00,236,225.5
XGBoost,970,2006-10-31 06:15:00,377,332.75
XGBoost,970,2006-10-31 06:30:00,576,538.87
XGBoost,970,2006-10-31 06:45:00,675,661.55
XGBoost,970,2006-10-31 07:00:00,766,788.85
XGBoost,970,2006-10-31 07:15:00,943,925.59
XGBoost,970,2006-10-31 07:30:00,1204,1063.37
XGBoost,970,2006-10-31 07:45:00,1206,1214.72
XGBoost,970,2006-10-31 08:00:00,1243,1241.79
XGBoost,970,2006-10-31 08:15:00,1298,1285.51
XGBoost,970,2006-10-31 08:30:00,1314,1309.19
XGBoost,970,2006-10-31 08:45:00,1205,1259.63
XGBoost,970,2006-10-31 09:00:00,1090,1050.95
XGBoost,970,2006-10-31 09:15:00,930,963.84
XGBoost,970,2006-10-31 09:30:00,925,877.97
XGBoost,970,2006-10-31 09:45:00,890,858.14
XGBoost,970,2006-10-31 10:00:00,777,855.33
XGBoost,970,2006-10-31 10:15:00,818,808.9
XGBoost,970,2006-10-31 10:30:00,817,773.1
XGBoost,970,2006-10-31 10:45:00,793,779.39
XGBoost,970,2006-10-31 11:00:00,796,769.45
XGBoost,970,2006-10-31 11:15:00,837,813.04
XGBoost,970,2006-10-31 11:30:00,812,829.44
XGBoost,970,2006-10-31 11:45:00,810,812.61
XGBoost,970,2006-10-31 12:00:00,809,811.22
XGBoost,970,2006-10-31 12:15:00,835,811.15
XGBoost,970,2006-10-31 12:30:00,773,830.46
XGBoost,970,2006-10-31 12:45:00,830,807.41
XGBoost,970,2006-10-31 13:00:00,812,853.88
XGBoost,970,2006-10-31 13:15:00,836,823.73
XGBoost,970,2006-10-31 13:30:00,939,863.19
XGBoost,970,2006-10-31 13:45:00,873,889.05
XGBoost,970,2006-10-31 14:00:00,813,919.6
XGBoost,970,2006-10-31 14:15:00,842,851.91
XGBoost,970,2006-10-31 14:30:00,911,843.23
XGBoost,970,2006-10-31 14:45:00,890,885.36
XGBoost,970,2006-10-31 15:00:00,956,938.63
XGBoost,970,2006-10-31 15:15:00,973,1002.88
XGBoost,970,2006-10-31 15:30:00,1097,1010.48
XGBoost,970,2006-10-31 15:45:00,1070,1109.25
XGBoost,970,2006-10-31 16:00:00,1169,1089.68
XGBoost,970,2006-10-31 16:15:00,1190,1177.72
XGBoost,970,2006-10-31 16:30:00,1227,1203.95
XGBoost,970,2006-10-31 16:45:00,1181,1204.87
XGBoost,970,2006-10-31 17:00:00,1194,1226.75
XGBoost,970,2006-10-31 17:15:00,1195,1242.71
XGBoost,970,2006-10-31 17:30:00,1270,1233.65
XGBoost,970,2006-10-31 17:45:00,1266,1281.87
XGBoost,970,2006-10-31 18:00:00,1220,1272.51
XGBoost,970,2006-10-31 18:15:00,1199,1211.6
XGBoost,970,2006-10-31 18:30:00,947,1058.25
XGBoost,970,2006-10-31 18:45:00,907,881.63
XGBoost,970,2006-10-31 19:00:00,776,797.34
XGBoost,970,2006-10-31 19:15:00,795,720.16
XGBoost,970,2006-10-31 19:30:00,665,661.53
XGBoost,970,2006-10-31 19:45:00,579,596.64
XGBoost,970,2006-10-31 20:00:00,518,526.88
XGBoost,970,2006-10-31 20:15:00,544,498.51
XGBoost,970,2006-10-31 20:30:00,475,468.15
XGBoost,970,2006-10-31 20:45:00,448,451.53
XGBoost,970,2006-10-31 21:00:00,496,449.25
XGBoost,970,2006-10-31 21:15:00,426,451.09
XGBoost,970,2006-10-31 21:30:00,395,417.71
XGBoost,970,2006-10-31 21:45:00,417,398.01
XGBoost,970,2006-10-31 22:00:00,383,382.63
XGBoost,970,2006-10-31 22:15:00,345,346.32
XGBoost,970,2006-10-31 22:30:00,295,316.72
XGBoost,970,2006-10-31 22:45:00,269,278.77
XGBoost,970,2006-10-31 23:00:00,229,244.05
XGBoost,970,2006-10-31 23:15:00,158,206.39
XGBoost,970,2006-10-31 23:30:00,158,147.71
XGBoost,970,2006-10-31 23:45:00,133,127.82
XGBoost,2000,2006-10-27 12:00:00,863,874.02
XGBoost,2000,2006-10-27 12:15:00,896,904.12
XGBoost,2000,2006-10-27 12:30:00,897,879.01
XGBoost,2000,2006-10-27 12:45:00,913,876.8
XGBoost,2000,2006-10-27 13:00:00,863,914.52
XGBoost,2000,2006-10-27 13:15:00,906,912.46
XGBoost,2000,2006-10-27 13:30:00,827,912.13
XGBoost,2000,2006-10-27 13:45:00,851,880.47
XGBoost,2000,2006-10-27 14:00:00,947,872.5
XGBoost,2000,2006-10-27 14:15:00,898,908.72
XGBoost,2000,2006-10-27 14:30:00,939,927.12
XGBoost,2000,2006-10-27 14:45:00,922,934.18
XGBoost,2000,2006-10-27 15:00:00,944,985.31
XGBoost,2000,2006-10-27 15:15:00,1014,961.04
XGBoost,2000,2006-10-27 15:30:00,1005,1056.67
XGBoost,2000,2006-10-27 15:45:00,1030,1059.87
XGBoost,2000,2006-10-27 16:00:00,1088,1089.7
XGBoost,2000,2006-10-27 16:15:00,1186,1114.23
XGBoost,2000,2006-10-27 16:30:00,1274,1170.4
XGBoost,2000,2006-10-27 16:45:00,1243,1236.43
XGBoost,2000,2006-10-27 17:00:00,1238,1203.04
XGBoost,2000,2006-10-27 17:15:00,1388,1270.43
XGBoost,2000,2006-10-27 17:30:00,1261,1285.19
XGBoost,2000,2006-10-27 17:45:00,1330,1295.69
XGBoost,2000,2006-10-27 18:00:00,1326,1276.08
XGBoost,2000,2006-10-27 18:15:00,1246,1269.6
XGBoost,2000,2006-10-27 18:30:00,1126,1182.46
XGBoost,2000,2006-10-27 18:45:00,1030,1051.56
XGBoost,2000,2006-10-27 19:00:00,938,951.74
XGBoost,2000,2006-10-27 19:15:00,901,910.95
XGBoost,2000,2006-10-27 19:30:00,784,835.85
XGBoost,2000,2006-10-27 19:45:00,723,715.6
XGBoost,2000,2006-10-27 20:00:00,634,651.21
XGBoost,2000,2006-10-27 20:15:00,578,606.6
XGBoost,2000,2006-10-27 20:30:00,553,555.57
XGBoost,2000,2006-10-27 20:45:00,538,538.89
XGBoost,2000,2006-10-27 21:00:00,576,583.34
XGBoost,2000,2006-10-27 21:15:00,603,593.24
XGBoost,2000,2006-10-27 21:30:00,544,583.63
XGBoost,2000,2006-10-27 21:45:00,490,524.76
XGBoost,2000,2006-10-27 22:00:00,441,498.56
XGBoost,2000,2006-10-27 22:15:00,467,427.92
XGBoost,2000,2006-10-27 22:30:00,487,433.45
XGBoost,2000,2006-10-27 22:45:00,432,437.47
XGBoost,2000,2006-10-27 23:00:00,454,409.29
XGBoost,2000,2006-10-27 23:15:00,402,413.07
XGBoost,2000,2006-10-27 23:30:00,393,367.04
XGBoost,2000,2006-10-27 23:45:00,313,346.51
XGBoost,2000,2006-10-28 00:00:00,319,302.9
XGBoost,2000,2006-10-28 00:15:00,305,281.48
XGBoost,2000,2006-10-28 00:30:00,229,289.74
XGBoost,2000,2006-10-28 00:45:00,202,219.69
XGBoost,2000,2006-10-28 01:00:00,178,177.2
XGBoost,2000,2006-10-28 01:15:00,145,156.83
XGBoost,2000,2006-10-28 01:30:00,129,132.83
XGBoost,2000,2006-10-28 01:45:00,110,115.31
XGBoost,2000,2006-10-28 02:00:00,128,102.56
XGBoost,2000,2006-10-28 02:15:00,99,108.27
XGBoost,2000,2006-10-28 02:30:00,101,95.54
XGBoost,2000,2006-10-28 02:45:00,76,90.91
XGBoost,2000,2006-10-28 03:00:00,59,73.62
XGBoost,2000,2006-10-28 03:15:00,74,58.32
XGBoost,2000,2006-10-28 03:30:00,61,65.28
XGBoost,2000,2006-10-28 03:45:00,77,59.98
XGBoost,2000,2006-10-28 04:00:00,57,69.04
XGBoost,2000,2006-10-28 04:15:00,56,60.99
XGBoost,2000,2006-10-28 04:30:00,69,55.97
XGBoost,2000,2006-10-28 04:45:00,75,67.47
XGBoost,2000,2006-10-28 05:00:00,80,82.15
XGBoost,2000,2006-10-28 05:15:00,100,90.33
XGBoost,2000,2006-10-28 05:30:00,140,114.0
XGBoost,2000,2006-10-28 05:45:00,145,157.21
XGBoost,2000,2006-10-28 06:00:00,150,187.83
XGBoost,2000,2006-10-28 06:15:00,240,212.13
XGBoost,2000,2006-10-28 06:30:00,291,277.73
XGBoost,2000,2006-10-28 06:45:00,294,326.97
XGBoost,2000,2006-10-28 07:00:00,299,337.95
XGBoost,2000,2006-10-28 07:15:00,320,360.05
XGBoost,2000,2006-10-28 07:30:00,411,406.37
XGBoost,2000,2006-10-28 07:45:00,501,472.67
XGBoost,2000,2006-10-28 08:00:00,534,543.96
XGBoost,2000,2006-10-28 08:15:00,616,598.85
XGBoost,2000,2006-10-28 08:30:00,785,675.12
XGBoost,2000,2006-10-28 08:45:00,802,808.05
XGBoost,2000,2006-10-28 09:00:00,740,831.38
XGBoost,2000,2006-10-28 09:15:00,856,799.46
XGBoost,2000,2006-10-28 09:30:00,837,857.2
XGBoost,2000,2006-10-28 09:45:00,856,849.17
XGBoost,2000,2006-10-28 10:00:00,880,847.2
XGBoost,2000,2006-10-28 10:15:00,926,881.15
XGBoost,2000,2006-10-28 10:30:00,906,937.26
XGBoost,2000,2006-10-28 10:45:00,903,925.52
XGBoost,2000,2006-10-28 11:00:00,951,906.98
XGBoost,2000,2006-10-28 11:15:00,972,933.23
XGBoost,2000,2006-10-28 11:30:00,978,971.09
XGBoost,2000,2006-10-28 11:45:00,997,982.86
XGBoost,2000,2006-10-28 12:00:00,1005,994.7
XGBoost,2000,2006-10-28 12:15:00,1022,1005.0
XGBoost,2000,2006-10-28 12:30:00,1043,1005.85
XGBoost,2000,2006-10-28 12:45:00,1007,1030.51
XGBoost,2000,2006-10-28 13:00:00,1014,1003.25
XGBoost,2000,2006-10-28 13:15:00,1003,998.83
XGBoost,2000,2006-10-28 13:30:00,992,1004.31
XGBoost,2000,2006-10-28 13:45:00,1025,985.98
XGBoost,2000,2006-10-28 14:00:00,921,999.53
XGBoost,2000,2006-10-28 14:15:00,995,941.21
XGBoost,2000,2006-10-28 14:30:00,1012,982.25
XGBoost,2000,2006-10-28 14:45:00,967,984.54
XGBoost,2000,2006-10-28 15:00:00,983,960.15
XGBoost,2000,2006-10-28 15:15:00,1013,972.13
XGBoost,2000,2006-10-28 15:30:00,902,999.47
XGBoost,2000,2006-10-28 15:45:00,970,946.34
XGBoost,2000,2006-10-28 16:00:00,997,960.06
XGBoost,2000,2006-10-28 16:15:00,971,1004.82
XGBoost,2000,2006-10-28 16:30:00,929,981.28
XGBoost,2000,2006-10-28 16:45:00,962,950.11
XGBoost,2000,2006-10-28 17:00:00,1008,962.24
XGBoost,2000,2006-10-28 17:15:00,1033,1005.08
XGBoost,2000,2006-10-28 17:30:00,1055,1032.53
XGBoost,2000,2006-10-28 17:45:00,961,1025.29
XGBoost,2000,2006-10-28 18:00:00,945,915.36
XGBoost,2000,2006-10-28 18:15:00,885,916.84
XGBoost,2000,2006-10-28 18:30:00,900,862.25
XGBoost,2000,2006-10-28 18:45:00,889,858.49
XGBoost,2000,2006-10-28 19:00:00,792,839.16
XGBoost,2000,2006-10-28 19:15:00,743,748.94
XGBoost,2000,2006-10-28 19:30:00,645,666.5
XGBoost,2000,2006-10-28 19:45:00,664,597.83
XGBoost,2000,2006-10-28 20:00:00,530,588.51
XGBoost,2000,2006-10-28 20:15:00,575,519.55
XGBoost,2000,2006-10-28 20:30:00,513,483.11
XGBoost,2000,2006-10-28 20:45:00,434,467.48
XGBoost,2000,2006-10-28 21:00:00,450,461.75
XGBoost,2000,2006-10-28 21:15:00,408,453.9
XGBoost,2000,2006-10-28 21:30:00,429,406.71
XGBoost,2000,2006-10-28 21:45:00,429,410.15
XGBoost,2000,2006-10-28 22:00:00,510,414.22
XGBoost,2000,2006-10-28 22:15:00,445,455.03
XGBoost,2000,2006-10-28 22:30:00,448,433.72
XGBoost,2000,2006-10-28 22:45:00,406,422.22
XGBoost,2000,2006-10-28 23:00:00,452,411.98
XGBoost,2000,2006-10-28 23:15:00,472,424.46
XGBoost,2000,2006-10-28 23:30:00,471,439.99
XGBoost,2000,2006-10-28 23:45:00,425,437.38
XGBoost,2000,2006-10-29 00:00:00,429,404.55
XGBoost,2000,2006-10-29 00:15:00,406,389.94
XGBoost,2000,2006-10-29 00:30:00,372,363.64
XGBoost,2000,2006-10-29 00:45:00,312,340.88
XGBoost,2000,2006-10-29 01:00:00,241,286.39
XGBoost,2000,2006-10-29 01:15:00,210,230.61
XGBoost,2000,2006-10-29 01:30:00,174,198.4
XGBoost,2000,2006-10-29 01:45:00,68,159.85
XGBoost,2000,2006-10-29 02:00:00,63,95.97
XGBoost,2000,2006-10-29 02:15:00,51,67.46
XGBoost,2000,2006-10-29 02:30:00,56,56.82
XGBoost,2000,2006-10-29 02:45:00,178,59.51
XGBoost,2000,2006-10-29 03:00:00,171,128.59
XGBoost,2000,2006-10-29 03:15:00,178,158.77
XGBoost,2000,2006-10-29 03:30:00,140,160.7
XGBoost,2000,2006-10-29 03:45:00,157,163.44
XGBoost,2000,2006-10-29 04:00:00,108,181.42
XGBoost,2000,2006-10-29 04:15:00,118,138.46
XGBoost,2000,2006-10-29 04:30:00,121,142.25
XGBoost,2000,2006-10-29 04:45:00,112,106.88
XGBoost,2000,2006-10-29 05:00:00,113,103.06
XGBoost,2000,2006-10-29 05:15:00,104,108.14
XGBoost,2000,2006-10-29 05:30:00,101,109.08
XGBoost,2000,2006-10-29 05:45:00,100,108.65
XGBoost,2000,2006-10-29 06:00:00,136,103.94
XGBoost,2000,2006-10-29 06:15:00,149,138.81
XGBoost,2000,2006-10-29 06:30:00,188,157.54
XGBoost,2000,2006-10-29 06:45:00,180,197.28
XGBoost,2000,2006-10-29 07:00:00,166,197.94
XGBoost,2000,2006-10-29 07:15:00,207,192.43
XGBoost,2000,2006-10-29 07:30:00,242,225.61
XGBoost,2000,2006-10-29 07:45:00,236,277.34
XGBoost,2000,2006-10-29 08:00:00,220,283.52
XGBoost,2000,2006-10-29 08:15:00,284,276.13
XGBoost,2000,2006-10-29 08:30:00,321,327.64
XGBoost,2000,2006-10-29 08:45:00,389,377.63
XGBoost,2000,2006-10-29 09:00:00,403,419.91
XGBoost,2000,2006-10-29 09:15:00,508,476.1
XGBoost,2000,2006-10-29 09:30:00,576,573.43
XGBoost,2000,2006-10-29 09:45:00,678,632.17
XGBoost,2000,2006-10-29 10:00:00,633,713.15
XGBoost,2000,2006-10-29 10:15:00,657,668.34
XGBoost,2000,2006-10-29 10:30:00,771,677.47
XGBoost,2000,2006-10-29 10:45:00,822,754.18
XGBoost,2000,2006-10-29 11:00:00,811,832.83
XGBoost,2000,2006-10-29 11:15:00,793,838.33
XGBoost,2000,2006-10-29 11:30:00,905,830.94
XGBoost,2000,2006-10-29 11:45:00,898,910.84
XGBoost,2000,2006-10-29 12:00:00,965,950.29
XGBoost,2000,2006-10-29 12:15:00,945,963.31
XGBoost,2000,2006-10-29 12:30:00,1011,977.87
XGBoost,2000,2006-10-29 12:45:00,1014,1011.96
XGBoost,2000,2006-10-29 13:00:00,923,990.19
XGBoost,2000,2006-10-29 13:15:00,987,956.13
XGBoost,2000,2006-10-29 13:30:00,953,950.45
XGBoost,2000,2006-10-29 13:45:00,911,959.13
XGBoost,2000,2006-10-29 14:00:00,893,923.56
XGBoost,2000,2006-10-29 14:15:00,936,916.61
XGBoost,2000,2006-10-29 14:30:00,883,908.84
XGBoost,2000,2006-10-29 14:45:00,974,914.25
XGBoost,2000,2006-10-29 15:00:00,929,933.29
XGBoost,2000,2006-10-29 15:15:00,974,926.9
XGBoost,2000,2006-10-29 15:30:00,898,931.0
XGBoost,2000,2006-10-29 15:45:00,920,927.71
XGBoost,2000,2006-10-29 16:00:00,947,938.04
XGBoost,2000,2006-10-29 16:15:00,927,942.5
XGBoost,2000,2006-10-29 16:30:00,982,927.2
XGBoost,2000,2006-10-29 16:45:00,1028,942.22
XGBoost,2000,2006-10-29 17:00:00,968,972.58
XGBoost,2000,2006-10-29 17:15:00,981,954.55
XGBoost,2000,2006-10-29 17:30:00,1026,960.44
XGBoost,2000,2006-10-29 17:45:00,961,958.41
XGBoost,2000,2006-10-29 18:00:00,909,877.45
XGBoost,2000,2006-10-29 18:15:00,841,838.56
XGBoost,2000,2006-10-29 18:30:00,782,795.07
XGBoost,2000,2006-10-29 18:45:00,632,734.34
XGBoost,2000,2006-10-29 19:00:00,635,570.02
XGBoost,2000,2006-10-29 19:15:00,527,554.23
XGBoost,2000,2006-10-29 19:30:00,514,500.89
XGBoost,2000,2006-10-29 19:45:00,500,459.51
XGBoost,2000,2006-10-29 20:00:00,509,425.79
XGBoost,2000,2006-10-29 20:15:00,474,432.91
XGBoost,2000,2006-10-29 20:30:00,429,415.19
XGBoost,2000,2006-10-29 20:45:00,459,396.79
XGBoost,2000,2006-10-29 21:00:00,478,421.3
XGBoost,2000,2006-10-29 21:15:00,431,423.46
XGBoost,2000,2006-10-29 21:30:00,407,403.74
XGBoost,2000,2006-10-29 21:45:00,386,388.71
XGBoost,2000,2006-10-29 22:00:00,362,371.66
XGBoost,2000,2006-10-29 22:15:00,375,349.66
XGBoost,2000,2006-10-29 22:30:00,286,354.31
XGBoost,2000,2006-10-29 22:45:00,263,296.0
XGBoost,2000,2006-10-29 23:00:00,261,256.72
XGBoost,2000,2006-10-29 23:15:00,207,252.46
XGBoost,2000,2006-10-29 23:30:00,203,206.67
XGBoost,2000,2006-10-29 23:45:00,169,184.79
XGBoost,2000,2006-10-30 00:00:00,148,180.23
XGBoost,2000,2006-10-30 00:15:00,130,130.53
XGBoost,2000,2006-10-30 00:30:00,97,119.51
XGBoost,2000,2006-10-30 00:45:00,90,92.0
XGBoost,2000,2006-10-30 01:00:00,82,78.9
XGBoost,2000,2006-10-30 01:15:00,62,71.95
XGBoost,2000,2006-10-30 01:30:00,58,59.54
XGBoost,2000,2006-10-30 01:45:00,53,46.34
XGBoost,2000,2006-10-30 02:00:00,44,47.44
XGBoost,2000,2006-10-30 02:15:00,40,40.25
XGBoost,2000,2006-10-30 02:30:00,35,36.06
XGBoost,2000,2006-10-30 02:45:00,30,36.17
XGBoost,2000,2006-10-30 03:00:00,31,32.4
XGBoost,2000,2006-10-30 03:15:00,33,34.41
XGBoost,2000,2006-10-30 03:30:00,36,33.12
XGBoost,2000,2006-10-30 03:45:00,44,34.51
XGBoost,2000,2006-10-30 04:00:00,43,49.84
XGBoost,2000,2006-10-30 04:15:00,57,50.0
XGBoost,2000,2006-10-30 04:30:00,60,66.13
XGBoost,2000,2006-10-30 04:45:00,80,71.94
XGBoost,2000,2006-10-30 05:00:00,90,117.51
XGBoost,2000,2006-10-30 05:15:00,135,140.7
XGBoost,2000,2006-10-30 05:30:00,184,176.06
XGBoost,2000,2006-10-30 05:45:00,256,243.75
XGBoost,2000,2006-10-30 06:00:00,342,349.32
XGBoost,2000,2006-10-30 06:15:00,546,437.46
XGBoost,2000,2006-10-30 06:30:00,755,658.31
XGBoost,2000,2006-10-30 06:45:00,843,825.41
XGBoost,2000,2006-10-30 07:00:00,920,910.73
XGBoost,2000,2006-10-30 07:15:00,1115,1028.69
XGBoost,2000,2006-10-30 07:30:00,1207,1199.17
XGBoost,2000,2006-10-30 07:45:00,1278,1218.19
XGBoost,2000,2006-10-30 08:00:00,1311,1245.21
XGBoost,2000,2006-10-30 08:15:00,1277,1270.65
XGBoost,2000,2006-10-30 08:30:00,1327,1220.75
XGBoost,2000,2006-10-30 08:45:00,1219,1231.14
XGBoost,2000,2006-10-30 09:00:00,1111,1092.61
XGBoost,2000,2006-10-30 09:15:00,978,1018.4
XGBoost,2000,2006-10-30 09:30:00,886,909.32
XGBoost,2000,2006-10-30 09:45:00,861,832.58
XGBoost,2000,2006-10-30 10:00:00,785,824.63
XGBoost,2000,2006-10-30 10:15:00,840,767.45
XGBoost,2000,2006-10-30 10:30:00,775,805.96
XGBoost,2000,2006-10-30 10:45:00,801,808.61
XGBoost,2000,2006-10-30 11:00:00,788,800.07
XGBoost,2000,2006-10-30 11:15:00,788,799.92
XGBoost,2000,2006-10-30 11:30:00,820,821.89
XGBoost,2000,2006-10-30 11:45:00,768,840.0
XGBoost,2000,2006-10-30 12:00:00,840,792.59
XGBoost,2000,2006-10-30 12:15:00,831,823.23
XGBoost,2000,2006-10-30 12:30:00,841,845.8
XGBoost,2000,2006-10-30 12:45:00,774,829.91
XGBoost,2000,2006-10-30 13:00:00,900,818.17
XGBoost,2000,2006-10-30 13:15:00,891,878.93
XGBoost,2000,2006-10-30 13:30:00,868,901.75
XGBoost,2000,2006-10-30 13:45:00,863,863.63
XGBoost,2000,2006-10-30 14:00:00,876,899.62
XGBoost,2000,2006-10-30 14:15:00,772,913.97
XGBoost,2000,2006-10-30 14:30:00,792,851.09
XGBoost,2000,2006-10-30 14:45:00,787,846.44
XGBoost,2000,2006-10-30 15:00:00,856,874.84
XGBoost,2000,2006-10-30 15:15:00,955,909.04
XGBoost,2000,2006-10-30 15:30:00,993,954.98
XGBoost,2000,2006-10-30 15:45:00,968,1023.71
XGBoost,2000,2006-10-30 16:00:00,1082,1023.53
XGBoost,2000,2006-10-30 16:15:00,1102,1052.85
XGBoost,2000,2006-10-30 16:30:00,1200,1171.72
XGBoost,2000,2006-10-30 16:45:00,1126,1169.62
XGBoost,2000,2006-10-30 17:00:00,1190,1193.0
XGBoost,2000,2006-10-30 17:15:00,1336,1217.72
XGBoost,2000,2006-10-30 17:30:00,1322,1268.05
XGBoost,2000,2006-10-30 17:45:00,1348,1274.05
XGBoost,2000,2006-10-30 18:00:00,1245,1219.03
XGBoost,2000,2006-10-30 18:15:00,1205,1196.73
XGBoost,2000,2006-10-30 18:30:00,1101,1060.61
XGBoost,2000,2006-10-30 18:45:00,943,1005.36
XGBoost,2000,2006-10-30 19:00:00,785,859.53
XGBoost,2000,2006-10-30 19:15:00,763,727.63
XGBoost,2000,2006-10-30 19:30:00,606,661.81
XGBoost,2000,2006-10-30 19:45:00,534,561.84
XGBoost,2000,2006-10-30 20:00:00,531,507.1
XGBoost,2000,2006-10-30 20:15:00,522,469.41
XGBoost,2000,2006-10-30 20:30:00,470,467.75
XGBoost,2000,2006-10-30 20:45:00,503,441.39
XGBoost,2000,2006-10-30 21:00:00,428,472.66
XGBoost,2000,2006-10-30 21:15:00,416,442.3
XGBoost,2000,2006-10-30 21:30:00,385,413.16
XGBoost,2000,2006-10-30 21:45:00,480,390.66
XGBoost,2000,2006-10-30 22:00:00,392,410.6
XGBoost,2000,2006-10-30 22:15:00,330,391.47
XGBoost,2000,2006-10-30 22:30:00,276,313.17
XGBoost,2000,2006-10-30 22:45:00,276,276.34
XGBoost,2000,2006-10-30 23:00:00,219,258.19
XGBoost,2000,2006-10-30 23:15:00,212,213.23
XGBoost,2000,2006-10-30 23:30:00,173,200.36
XGBoost,2000,2006-10-30 23:45:00,134,161.17
XGBoost,2000,2006-10-31 00:00:00,127,134.87
XGBoost,2000,2006-10-31 00:15:00,102,121.28
XGBoost,2000,2006-10-31 00:30:00,78,92.51
XGBoost,2000,2006-10-31 00:45:00,72,68.59
XGBoost,2000,2006-10-31 01:00:00,58,58.57
XGBoost,2000,2006-10-31 01:15:00,59,49.84
XGBoost,2000,2006-10-31 01:30:00,45,46.76
XGBoost,2000,2006-10-31 01:45:00,51,40.24
XGBoost,2000,2006-10-31 02:00:00,34,40.86
XGBoost,2000,2006-10-31 02:15:00,33,34.16
XGBoost,2000,2006-10-31 02:30:00,27,31.52
XGBoost,2000,2006-10-31 02:45:00,38,27.02
XGBoost,2000,2006-10-31 03:00:00,30,32.9
XGBoost,2000,2006-10-31 03:15:00,30,30.19
XGBoost,2000,2006-10-31 03:30:00,41,29.03
XGBoost,2000,2006-10-31 03:45:00,34,34.98
XGBoost,2000,2006-10-31 04:00:00,36,40.55
XGBoost,2000,2006-10-31 04:15:00,44,43.41
XGBoost,2000,2006-10-31 04:30:00,49,54.1
XGBoost,2000,2006-10-31 04:45:00,62,54.19
XGBoost,2000,2006-10-31 05:00:00,78,92.34
XGBoost,2000,2006-10-31 05:15:00,129,114.71
XGBoost,2000,2006-10-31 05:30:00,197,171.8
XGBoost,2000,2006-10-31 05:45:00,250,269.59
XGBoost,2000,2006-10-31 06:00:00,336,360.45
XGBoost,2000,2006-10-31 06:15:00,556,518.6
XGBoost,2000,2006-10-31 06:30:00,806,701.49
XGBoost,2000,2006-10-31 06:45:00,916,881.88
XGBoost,2000,2006-10-31 07:00:00,1003,985.89
XGBoost,2000,2006-10-31 07:15:00,1196,1191.12
XGBoost,2000,2006-10-31 07:30:00,1211,1227.12
XGBoost,2000,2006-10-31 07:45:00,1221,1259.41
XGBoost,2000,2006-10-31 08:00:00,1271,1290.64
XGBoost,2000,2006-10-31 08:15:00,1341,1317.59
XGBoost,2000,2006-10-31 08:30:00,1338,1277.97
XGBoost,2000,2006-10-31 08:45:00,1238,1251.34
XGBoost,2000,2006-10-31 09:00:00,1183,1148.61
XGBoost,2000,2006-10-31 09:15:00,1008,1054.03
XGBoost,2000,2006-10-31 09:30:00,982,934.8
XGBoost,2000,2006-10-31 09:45:00,892,919.7
XGBoost,2000,2006-10-31 10:00:00,849,869.36
XGBoost,2000,2006-10-31 10:15:00,805,845.56
XGBoost,2000,2006-10-31 10:30:00,887,815.51
XGBoost,2000,2006-10-31 10:45:00,852,831.38
XGBoost,2000,2006-10-31 11:00:00,806,846.28
XGBoost,2000,2006-10-31 11:15:00,857,826.6
XGBoost,2000,2006-10-31 11:30:00,796,844.18
XGBoost,2000,2006-10-31 11:45:00,830,822.82
XGBoost,2000,2006-10-31 12:00:00,806,837.96
XGBoost,2000,2006-10-31 12:15:00,837,836.24
XGBoost,2000,2006-10-31 12:30:00,842,839.25
XGBoost,2000,2006-10-31 12:45:00,772,825.49
XGBoost,2000,2006-10-31 13:00:00,835,845.29
XGBoost,2000,2006-10-31 13:15:00,880,866.92
XGBoost,2000,2006-10-31 13:30:00,936,873.85
XGBoost,2000,2006-10-31 13:45:00,897,876.68
XGBoost,2000,2006-10-31 14:00:00,835,921.86
XGBoost,2000,2006-10-31 14:15:00,910,851.78
XGBoost,2000,2006-10-31 14:30:00,942,873.18
XGBoost,2000,2006-10-31 14:45:00,926,912.99
XGBoost,2000,2006-10-31 15:00:00,897,938.01
XGBoost,2000,2006-10-31 15:15:00,952,965.7
XGBoost,2000,2006-10-31 15:30:00,1014,991.74
XGBoost,2000,2006-10-31 15:45:00,1077,1039.57
XGBoost,2000,2006-10-31 16:00:00,1170,1071.63
XGBoost,2000,2006-10-31 16:15:00,1130,1183.0
XGBoost,2000,2006-10-31 16:30:00,1213,1195.52
XGBoost,2000,2006-10-31 16:45:00,1231,1209.04
XGBoost,2000,2006-10-31 17:00:00,1259,1225.12
XGBoost,2000,2006-10-31 17:15:00,1304,1286.41
XGBoost,2000,2006-10-31 17:30:00,1291,1295.37
XGBoost,2000,2006-10-31 17:45:00,1322,1299.04
XGBoost,2000,2006-10-31 18:00:00,1312,1264.89
XGBoost,2000,2006-10-31 18:15:00,1249,1201.43
XGBoost,2000,2006-10-31 18:30:00,1135,1200.83
XGBoost,2000,2006-10-31 18:45:00,1037,1045.28
XGBoost,2000,2006-10-31 19:00:00,892,927.13
XGBoost,2000,2006-10-31 19:15:00,844,824.01
XGBoost,2000,2006-10-31 19:30:00,713,728.68
XGBoost,2000,2006-10-31 19:45:00,658,635.02
XGBoost,2000,2006-10-31 20:00:00,566,576.76
XGBoost,2000,2006-10-31 20:15:00,609,528.7
XGBoost,2000,2006-10-31 20:30:00,543,520.27
XGBoost,2000,2006-10-31 20:45:00,528,508.77
XGBoost,2000,2006-10-31 21:00:00,533,523.37
XGBoost,2000,2006-10-31 21:15:00,564,520.17
XGBoost,2000,2006-10-31 21:30:00,444,494.87
XGBoost,2000,2006-10-31 21:45:00,520,471.15
XGBoost,2000,2006-10-31 22:00:00,466,458.04
XGBoost,2000,2006-10-31 22:15:00,458,435.36
XGBoost,2000,2006-10-31 22:30:00,386,404.65
XGBoost,2000,2006-10-31 22:45:00,328,363.34
XGBoost,2000,2006-10-31 23:00:00,301,300.61
XGBoost,2000,2006-10-31 23:15:00,260,276.74
XGBoost,2000,2006-10-31 23:30:00,206,231.87
XGBoost,2000,2006-10-31 23:45:00,188,190.27
XGBoost,2200,2006-10-27 12:00:00,541,486.34
XGBoost,2200,2006-10-27 12:15:00,538,505.19
XGBoost,2200,2006-10-27 12:30:00,519,504.87
XGBoost,2200,2006-10-27 12:45:00,512,538.91
XGBoost,2200,2006-10-27 13:00:00,534,487.43
XGBoost,2200,2006-10-27 13:15:00,469,529.66
XGBoost,2200,2006-10-27 13:30:00,492,502.01
XGBoost,2200,2006-10-27 13:45:00,470,488.9
XGBoost,2200,2006-10-27 14:00:00,487,497.52
XGBoost,2200,2006-10-27 14:15:00,527,501.26
XGBoost,2200,2006-10-27 14:30:00,519,503.18
XGBoost,2200,2006-10-27 14:45:00,570,533.89
XGBoost,2200,2006-10-27 15:00:00,579,591.52
XGBoost,2200,2006-10-27 15:15:00,563,599.37
XGBoost,2200,2006-10-27 15:30:00,595,602.75
XGBoost,2200,2006-10-27 15:45:00,611,617.56
XGBoost,2200,2006-10-27 16:00:00,645,620.07
XGBoost,2200,2006-10-27 16:15:00,626,624.18
XGBoost,2200,2006-10-27 16:30:00,641,629.95
XGBoost,2200,2006-10-27 16:45:00,623,643.87
XGBoost,2200,2006-10-27 17:00:00,652,663.15
XGBoost,2200,2006-10-27 17:15:00,655,679.02
XGBoost,2200,2006-10-27 17:30:00,662,683.49
XGBoost,2200,2006-10-27 17:45:00,694,699.77
XGBoost,2200,2006-10-27 18:00:00,660,685.86
XGBoost,2200,2006-10-27 18:15:00,662,669.7
XGBoost,2200,2006-10-27 18:30:00,605,662.9
XGBoost,2200,2006-10-27 18:45:00,556,566.17
XGBoost,2200,2006-10-27 19:00:00,461,531.86
XGBoost,2200,2006-10-27 19:15:00,489,463.83
XGBoost,2200,2006-10-27 19:30:00,432,435.01
XGBoost,2200,2006-10-27 19:45:00,370,393.46
XGBoost,2200,2006-10-27 20:00:00,337,351.24
XGBoost,2200,2006-10-27 20:15:00,293,315.47
XGBoost,2200,2006-10-27 20:30:00,279,290.53
XGBoost,2200,2006-10-27 20:45:00,268,273.86
XGBoost,2200,2006-10-27 21:00:00,249,266.45
XGBoost,2200,2006-10-27 21:15:00,244,254.4
XGBoost,2200,2006-10-27 21:30:00,272,249.92
XGBoost,2200,2006-10-27 21:45:00,213,246.41
XGBoost,2200,2006-10-27 22:00:00,211,222.0
XGBoost,2200,2006-10-27 22:15:00,226,207.82
XGBoost,2200,2006-10-27 22:30:00,199,199.67
XGBoost,2200,2006-10-27 22:45:00,219,185.96
XGBoost,2200,2006-10-27 23:00:00,214,193.53
XGBoost,2200,2006-10-27 23:15:00,196,190.93
XGBoost,2200,2006-10-27 23:30:00,148,178.46
XGBoost,2200,2006-10-27 23:45:00,142,139.62
XGBoost,2200,2006-10-28 00:00:00,133,124.73
XGBoost,2200,2006-10-28 00:15:00,94,117.18
XGBoost,2200,2006-10-28 00:30:00,70,88.71
XGBoost,2200,2006-10-28 00:45:00,69,66.7
XGBoost,2200,2006-10-28 01:00:00,64,60.49
XGBoost,2200,2006-10-28 01:15:00,52,56.09
XGBoost,2200,2006-10-28 01:30:00,47,47.83
XGBoost,2200,2006-10-28 01:45:00,39,40.3
XGBoost,2200,2006-10-28 02:00:00,32,36.14
XGBoost,2200,2006-10-28 02:15:00,35,30.67
XGBoost,2200,2006-10-28 02:30:00,39,28.92
XGBoost,2200,2006-10-28 02:45:00,32,30.79
XGBoost,2200,2006-10-28 03:00:00,34,29.35
XGBoost,2200,2006-10-28 03:15:00,38,27.42
XGBoost,2200,2006-10-28 03:30:00,28,32.23
XGBoost,2200,2006-10-28 03:45:00,20,27.08
XGBoost,2200,2006-10-28 04:00:00,21,22.54
XGBoost,2200,2006-10-28 04:15:00,17,21.37
XGBoost,2200,2006-10-28 04:30:00,19,21.77
XGBoost,2200,2006-10-28 04:45:00,27,22.28
XGBoost,2200,2006-10-28 05:00:00,23,31.8
XGBoost,2200,2006-10-28 05:15:00,33,34.52
XGBoost,2200,2006-10-28 05:30:00,37,45.42
XGBoost,2200,2006-10-28 05:45:00,52,48.68
XGBoost,2200,2006-10-28 06:00:00,46,67.99
XGBoost,2200,2006-10-28 06:15:00,61,67.84
XGBoost,2200,2006-10-28 06:30:00,101,88.48
XGBoost,2200,2006-10-28 06:45:00,95,127.2
XGBoost,2200,2006-10-28 07:00:00,146,122.06
XGBoost,2200,2006-10-28 07:15:00,129,154.92
XGBoost,2200,2006-10-28 07:30:00,198,162.64
XGBoost,2200,2006-10-28 07:45:00,270,226.98
XGBoost,2200,2006-10-28 08:00:00,306,289.58
XGBoost,2200,2006-10-28 08:15:00,284,343.5
XGBoost,2200,2006-10-28 08:30:00,342,334.39
XGBoost,2200,2006-10-28 08:45:00,393,385.01
XGBoost,2200,2006-10-28 09:00:00,406,421.85
XGBoost,2200,2006-10-28 09:15:00,447,430.19
XGBoost,2200,2006-10-28 09:30:00,472,457.08
XGBoost,2200,2006-10-28 09:45:00,526,484.83
XGBoost,2200,2006-10-28 10:00:00,493,513.92
XGBoost,2200,2006-10-28 10:15:00,556,532.25
XGBoost,2200,2006-10-28 10:30:00,539,526.03
XGBoost,2200,2006-10-28 10:45:00,569,551.05
XGBoost,2200,2006-10-28 11:00:00,539,556.77
XGBoost,2200,2006-10-28 11:15:00,575,556.88
XGBoost,2200,2006-10-28 11:30:00,595,572.97
XGBoost,2200,2006-10-28 11:45:00,608,593.35
XGBoost,2200,2006-10-28 12:00:00,602,606.64
XGBoost,2200,2006-10-28 12:15:00,624,610.02
XGBoost,2200,2006-10-28 12:30:00,605,613.72
XGBoost,2200,2006-10-28 12:45:00,622,609.56
XGBoost,2200,2006-10-28 13:00:00,586,601.61
XGBoost,2200,2006-10-28 13:15:00,571,586.44
XGBoost,2200,2006-10-28 13:30:00,586,571.09
XGBoost,2200,2006-10-28 13:45:00,598,578.35
XGBoost,2200,2006-10-28 14:00:00,594,575.37
XGBoost,2200,2006-10-28 14:15:00,558,578.36
XGBoost,2200,2006-10-28 14:30:00,536,572.92
XGBoost,2200,2006-10-28 14:45:00,493,564.72
XGBoost,2200,2006-10-28 15:00:00,524,544.24
XGBoost,2200,2006-10-28 15:15:00,528,528.48
XGBoost,2200,2006-10-28 15:30:00,544,540.2
XGBoost,2200,2006-10-28 15:45:00,522,545.67
XGBoost,2200,2006-10-28 16:00:00,531,545.59
XGBoost,2200,2006-10-28 16:15:00,518,541.51
XGBoost,2200,2006-10-28 16:30:00,512,538.93
XGBoost,2200,2006-10-28 16:45:00,547,527.79
XGBoost,2200,2006-10-28 17:00:00,505,541.67
XGBoost,2200,2006-10-28 17:15:00,546,532.51
XGBoost,2200,2006-10-28 17:30:00,546,538.46
XGBoost,2200,2006-10-28 17:45:00,511,558.67
XGBoost,2200,2006-10-28 18:00:00,450,501.46
XGBoost,2200,2006-10-28 18:15:00,459,464.58
XGBoost,2200,2006-10-28 18:30:00,477,449.74
XGBoost,2200,2006-10-28 18:45:00,456,448.56
XGBoost,2200,2006-10-28 19:00:00,445,394.86
XGBoost,2200,2006-10-28 19:15:00,453,391.22
XGBoost,2200,2006-10-28 19:30:00,350,387.73
XGBoost,2200,2006-10-28 19:45:00,321,326.67
XGBoost,2200,2006-10-28 20:00:00,274,318.36
XGBoost,2200,2006-10-28 20:15:00,248,274.74
XGBoost,2200,2006-10-28 20:30:00,245,238.36
XGBoost,2200,2006-10-28 20:45:00,214,231.88
XGBoost,2200,2006-10-28 21:00:00,215,215.82
XGBoost,2200,2006-10-28 21:15:00,205,211.54
XGBoost,2200,2006-10-28 21:30:00,224,219.91
XGBoost,2200,2006-10-28 21:45:00,188,207.66
XGBoost,2200,2006-10-28 22:00:00,190,199.62
XGBoost,2200,2006-10-28 22:15:00,199,193.08
XGBoost,2200,2006-10-28 22:30:00,192,195.53
XGBoost,2200,2006-10-28 22:45:00,204,197.29
XGBoost,2200,2006-10-28 23:00:00,204,195.98
XGBoost,2200,2006-10-28 23:15:00,217,199.37
XGBoost,2200,2006-10-28 23:30:00,185,194.11
XGBoost,2200,2006-10-28 23:45:00,175,177.21
XGBoost,2200,2006-10-29 00:00:00,176,158.28
XGBoost,2200,2006-10-29 00:15:00,125,153.05
XGBoost,2200,2006-10-29 00:30:00,124,119.83
XGBoost,2200,2006-10-29 00:45:00,100,105.93
XGBoost,2200,2006-10-29 01:00:00,86,91.32
XGBoost,2200,2006-10-29 01:15:00,89,76.6
XGBoost,2200,2006-10-29 01:30:00,70,76.6
XGBoost,2200,2006-10-29 01:45:00,0,65.34
XGBoost,2200,2006-10-29 02:00:00,0,38.13
XGBoost,2200,2006-10-29 02:15:00,0,21.16
XGBoost,2200,2006-10-29 02:30:00,0,19.07
XGBoost,2200,2006-10-29 02:45:00,46,13.7
XGBoost,2200,2006-10-29 03:00:00,47,31.04
XGBoost,2200,2006-10-29 03:15:00,55,40.79
XGBoost,2200,2006-10-29 03:30:00,51,43.27
XGBoost,2200,2006-10-29 03:45:00,59,45.91
XGBoost,2200,2006-10-29 04:00:00,31,51.3
XGBoost,2200,2006-10-29 04:15:00,40,37.31
XGBoost,2200,2006-10-29 04:30:00,31,37.24
XGBoost,2200,2006-10-29 04:45:00,24,34.17
XGBoost,2200,2006-10-29 05:00:00,40,30.41
XGBoost,2200,2006-10-29 05:15:00,27,39.86
XGBoost,2200,2006-10-29 05:30:00,26,35.8
XGBoost,2200,2006-10-29 05:45:00,36,34.58
XGBoost,2200,2006-10-29 06:00:00,37,41.66
XGBoost,2200,2006-10-29 06:15:00,31,45.5
XGBoost,2200,2006-10-29 06:30:00,55,45.72
XGBoost,2200,2006-10-29 06:45:00,57,66.4
XGBoost,2200,2006-10-29 07:00:00,65,66.82
XGBoost,2200,2006-10-29 07:15:00,51,70.33
XGBoost,2200,2006-10-29 07:30:00,91,65.94
XGBoost,2200,2006-10-29 07:45:00,87,95.58
XGBoost,2200,2006-10-29 08:00:00,105,107.21
XGBoost,2200,2006-10-29 08:15:00,98,121.85
XGBoost,2200,2006-10-29 08:30:00,185,120.69
XGBoost,2200,2006-10-29 08:45:00,210,191.48
XGBoost,2200,2006-10-29 09:00:00,234,231.5
XGBoost,2200,2006-10-29 09:15:00,255,251.01
XGBoost,2200,2006-10-29 09:30:00,253,285.19
XGBoost,2200,2006-10-29 09:45:00,335,293.08
XGBoost,2200,2006-10-29 10:00:00,296,349.21
XGBoost,2200,2006-10-29 10:15:00,340,341.98
XGBoost,2200,2006-10-29 10:30:00,363,363.44
XGBoost,2200,2006-10-29 10:45:00,390,385.85
XGBoost,2200,2006-10-29 11:00:00,416,395.84
XGBoost,2200,2006-10-29 11:15:00,376,429.79
XGBoost,2200,2006-10-29 11:30:00,411,410.97
XGBoost,2200,2006-10-29 11:45:00,480,425.57
XGBoost,2200,2006-10-29 12:00:00,479,478.56
XGBoost,2200,2006-10-29 12:15:00,514,493.38
XGBoost,2200,2006-10-29 12:30:00,487,514.47
XGBoost,2200,2006-10-29 12:45:00,490,503.75
XGBoost,2200,2006-10-29 13:00:00,486,490.45
XGBoost,2200,2006-10-29 13:15:00,425,493.46
XGBoost,2200,2006-10-29 13:30:00,494,463.63
XGBoost,2200,2006-10-29 13:45:00,487,493.07
XGBoost,2200,2006-10-29 14:00:00,520,488.94
XGBoost,2200,2006-10-29 14:15:00,490,511.08
XGBoost,2200,2006-10-29 14:30:00,450,493.7
XGBoost,2200,2006-10-29 14:45:00,478,464.11
XGBoost,2200,2006-10-29 15:00:00,484,480.41
XGBoost,2200,2006-10-29 15:15:00,488,484.28
XGBoost,2200,2006-10-29 15:30:00,504,486.88
XGBoost,2200,2006-10-29 15:45:00,435,496.83
XGBoost,2200,2006-10-29 16:00:00,518,467.2
XGBoost,2200,2006-10-29 16:15:00,502,495.35
XGBoost,2200,2006-10-29 16:30:00,528,492.24
XGBoost,2200,2006-10-29 16:45:00,494,512.62
XGBoost,2200,2006-10-29 17:00:00,516,501.09
XGBoost,2200,2006-10-29 17:15:00,524,502.26
XGBoost,2200,2006-10-29 17:30:00,503,522.34
XGBoost,2200,2006-10-29 17:45:00,456,489.96
XGBoost,2200,2006-10-29 18:00:00,455,416.48
XGBoost,2200,2006-10-29 18:15:00,423,404.29
XGBoost,2200,2006-10-29 18:30:00,399,391.67
XGBoost,2200,2006-10-29 18:45:00,351,374.42
XGBoost,2200,2006-10-29 19:00:00,308,326.33
XGBoost,2200,2006-10-29 19:15:00,320,300.09
XGBoost,2200,2006-10-29 19:30:00,301,282.59
XGBoost,2200,2006-10-29 19:45:00,282,269.21
XGBoost,2200,2006-10-29 20:00:00,240,268.48
XGBoost,2200,2006-10-29 20:15:00,233,230.55
XGBoost,2200,2006-10-29 20:30:00,264,215.22
XGBoost,2200,2006-10-29 20:45:00,220,226.62
XGBoost,2200,2006-10-29 21:00:00,223,209.85
XGBoost,2200,2006-10-29 21:15:00,221,203.81
XGBoost,2200,2006-10-29 21:30:00,183,205.58
XGBoost,2200,2006-10-29 21:45:00,185,183.23
XGBoost,2200,2006-10-29 22:00:00,161,167.72
XGBoost,2200,2006-10-29 22:15:00,153,155.85
XGBoost,2200,2006-10-29 22:30:00,131,138.87
XGBoost,2200,2006-10-29 22:45:00,120,130.12
XGBoost,2200,2006-10-29 23:00:00,101,107.97
XGBoost,2200,2006-10-29 23:15:00,89,92.52
XGBoost,2200,2006-10-29 23:30:00,56,78.07
XGBoost,2200,2006-10-29 23:45:00,80,59.6
XGBoost,2200,2006-10-30 00:00:00,42,59.25
XGBoost,2200,2006-10-30 00:15:00,34,45.54
XGBoost,2200,2006-10-30 00:30:00,39,31.54
XGBoost,2200,2006-10-30 00:45:00,29,33.03
XGBoost,2200,2006-10-30 01:00:00,23,26.79
XGBoost,2200,2006-10-30 01:15:00,12,22.53
XGBoost,2200,2006-10-30 01:30:00,19,16.43
XGBoost,2200,2006-10-30 01:45:00,22,13.0
XGBoost,2200,2006-10-30 02:00:00,14,15.84
XGBoost,2200,2006-10-30 02:15:00,11,13.4
XGBoost,2200,2006-10-30 02:30:00,11,10.33
XGBoost,2200,2006-10-30 02:45:00,11,12.57
XGBoost,2200,2006-10-30 03:00:00,9,12.7
XGBoost,2200,2006-10-30 03:15:00,10,12.36
XGBoost,2200,2006-10-30 03:30:00,15,12.03
XGBoost,2200,2006-10-30 03:45:00,12,13.35
XGBoost,2200,2006-10-30 04:00:00,14,18.19
XGBoost,2200,2006-10-30 04:15:00,16,19.85
XGBoost,2200,2006-10-30 04:30:00,29,20.76
XGBoost,2200,2006-10-30 04:45:00,30,29.25
XGBoost,2200,2006-10-30 05:00:00,29,39.72
XGBoost,2200,2006-10-30 05:15:00,43,37.62
XGBoost,2200,2006-10-30 05:30:00,57,49.92
XGBoost,2200,2006-10-30 05:45:00,74,66.71
XGBoost,2200,2006-10-30 06:00:00,112,88.99
XGBoost,2200,2006-10-30 06:15:00,180,142.41
XGBoost,2200,2006-10-30 06:30:00,277,224.44
XGBoost,2200,2006-10-30 06:45:00,314,346.47
XGBoost,2200,2006-10-30 07:00:00,433,399.47
XGBoost,2200,2006-10-30 07:15:00,604,519.53
XGBoost,2200,2006-10-30 07:30:00,624,689.8
XGBoost,2200,2006-10-30 07:45:00,734,724.94
XGBoost,2200,2006-10-30 08:00:00,737,739.42
XGBoost,2200,2006-10-30 08:15:00,725,741.81
XGBoost,2200,2006-10-30 08:30:00,822,709.42
XGBoost,2200,2006-10-30 08:45:00,707,773.25
XGBoost,2200,2006-10-30 09:00:00,648,615.78
XGBoost,2200,2006-10-30 09:15:00,503,582.83
XGBoost,2200,2006-10-30 09:30:00,515,489.27
XGBoost,2200,2006-10-30 09:45:00,420,469.32
XGBoost,2200,2006-10-30 10:00:00,443,443.45
XGBoost,2200,2006-10-30 10:15:00,449,431.22
XGBoost,2200,2006-10-30 10:30:00,450,439.1
XGBoost,2200,2006-10-30 10:45:00,454,435.48
XGBoost,2200,2006-10-30 11:00:00,434,446.16
XGBoost,2200,2006-10-30 11:15:00,484,431.91
XGBoost,2200,2006-10-30 11:30:00,475,461.24
XGBoost,2200,2006-10-30 11:45:00,466,481.75
XGBoost,2200,2006-10-30 12:00:00,465,470.98
XGBoost,2200,2006-10-30 12:15:00,496,481.61
XGBoost,2200,2006-10-30 12:30:00,451,473.37
XGBoost,2200,2006-10-30 12:45:00,388,470.38
XGBoost,2200,2006-10-30 13:00:00,547,428.03
XGBoost,2200,2006-10-30 13:15:00,477,470.41
XGBoost,2200,2006-10-30 13:30:00,509,486.53
XGBoost,2200,2006-10-30 13:45:00,495,476.75
XGBoost,2200,2006-10-30 14:00:00,500,521.24
XGBoost,2200,2006-10-30 14:15:00,519,505.84
XGBoost,2200,2006-10-30 14:30:00,480,508.86
XGBoost,2200,2006-10-30 14:45:00,511,502.55
XGBoost,2200,2006-10-30 15:00:00,561,533.63
XGBoost,2200,2006-10-30 15:15:00,599,568.42
XGBoost,2200,2006-10-30 15:30:00,559,601.78
XGBoost,2200,2006-10-30 15:45:00,604,590.43
XGBoost,2200,2006-10-30 16:00:00,615,607.01
XGBoost,2200,2006-10-30 16:15:00,666,626.61
XGBoost,2200,2006-10-30 16:30:00,667,659.17
XGBoost,2200,2006-10-30 16:45:00,578,674.74
XGBoost,2200,2006-10-30 17:00:00,640,640.42
XGBoost,2200,2006-10-30 17:15:00,679,657.28
XGBoost,2200,2006-10-30 17:30:00,686,684.16
XGBoost,2200,2006-10-30 17:45:00,717,698.77
XGBoost,2200,2006-10-30 18:00:00,670,667.78
XGBoost,2200,2006-10-30 18:15:00,609,625.14
XGBoost,2200,2006-10-30 18:30:00,579,567.08
XGBoost,2200,2006-10-30 18:45:00,540,540.19
XGBoost,2200,2006-10-30 19:00:00,451,475.04
XGBoost,2200,2006-10-30 19:15:00,379,410.2
XGBoost,2200,2006-10-30 19:30:00,344,346.11
XGBoost,2200,2006-10-30 19:45:00,311,306.25
XGBoost,2200,2006-10-30 20:00:00,309,293.42
XGBoost,2200,2006-10-30 20:15:00,261,282.93
XGBoost,2200,2006-10-30 20:30:00,224,274.44
XGBoost,2200,2006-10-30 20:45:00,280,230.88
XGBoost,2200,2006-10-30 21:00:00,243,249.52
XGBoost,2200,2006-10-30 21:15:00,219,235.69
XGBoost,2200,2006-10-30 21:30:00,189,210.76
XGBoost,2200,2006-10-30 21:45:00,202,193.69
XGBoost,2200,2006-10-30 22:00:00,172,178.84
XGBoost,2200,2006-10-30 22:15:00,146,161.71
XGBoost,2200,2006-10-30 22:30:00,136,135.75
XGBoost,2200,2006-10-30 22:45:00,111,127.19
XGBoost,2200,2006-10-30 23:00:00,102,95.7
XGBoost,2200,2006-10-30 23:15:00,86,86.09
XGBoost,2200,2006-10-30 23:30:00,65,70.2
XGBoost,2200,2006-10-30 23:45:00,60,59.87
XGBoost,2200,2006-10-31 00:00:00,53,47.08
XGBoost,2200,2006-10-31 00:15:00,43,44.23
XGBoost,2200,2006-10-31 00:30:00,35,37.21
XGBoost,2200,2006-10-31 00:45:00,28,30.05
XGBoost,2200,2006-10-31 01:00:00,26,25.76
XGBoost,2200,2006-10-31 01:15:00,15,21.22
XGBoost,2200,2006-10-31 01:30:00,15,16.18
XGBoost,2200,2006-10-31 01:45:00,16,14.36
XGBoost,2200,2006-10-31 02:00:00,9,14.31
XGBoost,2200,2006-10-31 02:15:00,13,11.73
XGBoost,2200,2006-10-31 02:30:00,10,10.61
XGBoost,2200,2006-10-31 02:45:00,20,10.62
XGBoost,2200,2006-10-31 03:00:00,17,13.77
XGBoost,2200,2006-10-31 03:15:00,8,14.81
XGBoost,2200,2006-10-31 03:30:00,11,12.83
XGBoost,2200,2006-10-31 03:45:00,18,12.39
XGBoost,2200,2006-10-31 04:00:00,12,17.56
XGBoost,2200,2006-10-31 04:15:00,14,16.44
XGBoost,2200,2006-10-31 04:30:00,22,19.66
XGBoost,2200,2006-10-31 04:45:00,37,23.51
XGBoost,2200,2006-10-31 05:00:00,35,42.29
XGBoost,2200,2006-10-31 05:15:00,45,49.41
XGBoost,2200,2006-10-31 05:30:00,55,62.38
XGBoost,2200,2006-10-31 05:45:00,76,78.81
XGBoost,2200,2006-10-31 06:00:00,98,107.16
XGBoost,2200,2006-10-31 06:15:00,198,146.75
XGBoost,2200,2006-10-31 06:30:00,265,267.72
XGBoost,2200,2006-10-31 06:45:00,382,342.73
XGBoost,2200,2006-10-31 07:00:00,505,460.16
XGBoost,2200,2006-10-31 07:15:00,635,612.26
XGBoost,2200,2006-10-31 07:30:00,665,678.26
XGBoost,2200,2006-10-31 07:45:00,729,759.24
XGBoost,2200,2006-10-31 08:00:00,741,734.23
XGBoost,2200,2006-10-31 08:15:00,766,732.61
XGBoost,2200,2006-10-31 08:30:00,735,775.56
XGBoost,2200,2006-10-31 08:45:00,721,719.68
XGBoost,2200,2006-10-31 09:00:00,646,640.98
XGBoost,2200,2006-10-31 09:15:00,585,585.21
XGBoost,2200,2006-10-31 09:30:00,539,552.31
XGBoost,2200,2006-10-31 09:45:00,478,492.45
XGBoost,2200,2006-10-31 10:00:00,454,489.58
XGBoost,2200,2006-10-31 10:15:00,504,471.38
XGBoost,2200,2006-10-31 10:30:00,503,471.69
XGBoost,2200,2006-10-31 10:45:00,465,487.07
XGBoost,2200,2006-10-31 11:00:00,501,466.74
XGBoost,2200,2006-10-31 11:15:00,450,490.08
XGBoost,2200,2006-10-31 11:30:00,481,484.47
XGBoost,2200,2006-10-31 11:45:00,473,470.52
XGBoost,2200,2006-10-31 12:00:00,513,475.14
XGBoost,2200,2006-10-31 12:15:00,494,495.48
XGBoost,2200,2006-10-31 12:30:00,509,480.55
XGBoost,2200,2006-10-31 12:45:00,473,471.01
XGBoost,2200,2006-10-31 13:00:00,479,511.22
XGBoost,2200,2006-10-31 13:15:00,513,478.97
XGBoost,2200,2006-10-31 13:30:00,491,502.98
XGBoost,2200,2006-10-31 13:45:00,493,492.06
XGBoost,2200,2006-10-31 14:00:00,493,506.0
XGBoost,2200,2006-10-31 14:15:00,524,516.09
XGBoost,2200,2006-10-31 14:30:00,493,513.52
XGBoost,2200,2006-10-31 14:45:00,516,514.66
XGBoost,2200,2006-10-31 15:00:00,584,542.6
XGBoost,2200,2006-10-31 15:15:00,637,593.8
XGBoost,2200,2006-10-31 15:30:00,557,605.2
XGBoost,2200,2006-10-31 15:45:00,619,614.48
XGBoost,2200,2006-10-31 16:00:00,639,621.1
XGBoost,2200,2006-10-31 16:15:00,629,666.94
XGBoost,2200,2006-10-31 16:30:00,628,664.38
XGBoost,2200,2006-10-31 16:45:00,590,632.23
XGBoost,2200,2006-10-31 17:00:00,642,642.17
XGBoost,2200,2006-10-31 17:15:00,713,678.31
XGBoost,2200,2006-10-31 17:30:00,766,707.12
XGBoost,2200,2006-10-31 17:45:00,716,745.45
XGBoost,2200,2006-10-31 18:00:00,696,686.58
XGBoost,2200,2006-10-31 18:15:00,668,639.99
XGBoost,2200,2006-10-31 18:30:00,582,622.14
XGBoost,2200,2006-10-31 18:45:00,564,555.96
XGBoost,2200,2006-10-31 19:00:00,470,494.98
XGBoost,2200,2006-10-31 19:15:00,460,433.91
XGBoost,2200,2006-10-31 19:30:00,377,401.67
XGBoost,2200,2006-10-31 19:45:00,375,345.1
XGBoost,2200,2006-10-31 20:00:00,343,349.04
XGBoost,2200,2006-10-31 20:15:00,328,313.38
XGBoost,2200,2006-10-31 20:30:00,329,297.36
XGBoost,2200,2006-10-31 20:45:00,248,301.21
XGBoost,2200,2006-10-31 21:00:00,250,263.33
XGBoost,2200,2006-10-31 21:15:00,276,242.52
XGBoost,2200,2006-10-31 21:30:00,254,246.66
XGBoost,2200,2006-10-31 21:45:00,233,238.35
XGBoost,2200,2006-10-31 22:00:00,219,203.22
XGBoost,2200,2006-10-31 22:15:00,200,194.39
XGBoost,2200,2006-10-31 22:30:00,152,180.38
XGBoost,2200,2006-10-31 22:45:00,125,144.29
XGBoost,2200,2006-10-31 23:00:00,111,108.58
XGBoost,2200,2006-10-31 23:15:00,109,94.79
XGBoost,2200,2006-10-31 23:30:00,68,87.67
XGBoost,2200,2006-10-31 23:45:00,56,65.63
XGBoost,2820,2006-10-27 12:00:00,329,311.27
XGBoost,2820,2006-10-27 12:15:00,356,295.25
XGBoost,2820,2006-10-27 12:30:00,362,307.28
XGBoost,2820,2006-10-27 12:45:00,345,316.74
XGBoost,2820,2006-10-27 13:00:00,367,312.43
XGBoost,2820,2006-10-27 13:15:00,341,323.38
XGBoost,2820,2006-10-27 13:30:00,359,306.87
XGBoost,2820,2006-10-27 13:45:00,343,317.74
XGBoost,2820,2006-10-27 14:00:00,355,315.65
XGBoost,2820,2006-10-27 14:15:00,363,317.78
XGBoost,2820,2006-10-27 14:30:00,458,323.46
XGBoost,2820,2006-10-27 14:45:00,433,396.8
XGBoost,2820,2006-10-27 15:00:00,488,424.38
XGBoost,2820,2006-10-27 15:15:00,518,456.05
XGBoost,2820,2006-10-27 15:30:00,538,474.05
XGBoost,2820,2006-10-27 15:45:00,545,497.81
XGBoost,2820,2006-10-27 16:00:00,532,494.72
XGBoost,2820,2006-10-27 16:15:00,522,496.02
XGBoost,2820,2006-10-27 16:30:00,506,491.67
XGBoost,2820,2006-10-27 16:45:00,552,475.18
XGBoost,2820,2006-10-27 17:00:00,567,502.02
XGBoost,2820,2006-10-27 17:15:00,522,527.04
XGBoost,2820,2006-10-27 17:30:00,526,512.06
XGBoost,2820,2006-10-27 17:45:00,541,495.3
XGBoost,2820,2006-10-27 18:00:00,479,455.84
XGBoost,2820,2006-10-27 18:15:00,462,430.11
XGBoost,2820,2006-10-27 18:30:00,475,403.98
XGBoost,2820,2006-10-27 18:45:00,396,404.46
XGBoost,2820,2006-10-27 19:00:00,360,336.8
XGBoost,2820,2006-10-27 19:15:00,361,303.83
XGBoost,2820,2006-10-27 19:30:00,266,294.45
XGBoost,2820,2006-10-27 19:45:00,256,226.51
XGBoost,2820,2006-10-27 20:00:00,215,209.74
XGBoost,2820,2006-10-27 20:15:00,208,191.65
XGBoost,2820,2006-10-27 20:30:00,167,177.74
XGBoost,2820,2006-10-27 20:45:00,162,149.11
XGBoost,2820,2006-10-27 21:00:00,186,138.25
XGBoost,2820,2006-10-27 21:15:00,171,151.63
XGBoost,2820,2006-10-27 21:30:00,170,145.14
XGBoost,2820,2006-10-27 21:45:00,135,143.26
XGBoost,2820,2006-10-27 22:00:00,161,125.52
XGBoost,2820,2006-10-27 22:15:00,152,132.81
XGBoost,2820,2006-10-27 22:30:00,155,132.33
XGBoost,2820,2006-10-27 22:45:00,148,133.37
XGBoost,2820,2006-10-27 23:00:00,175,128.71
XGBoost,2820,2006-10-27 23:15:00,125,144.32
XGBoost,2820,2006-10-27 23:30:00,112,121.17
XGBoost,2820,2006-10-27 23:45:00,114,98.67
XGBoost,2820,2006-10-28 00:00:00,105,97.77
XGBoost,2820,2006-10-28 00:15:00,79,91.2
XGBoost,2820,2006-10-28 00:30:00,74,74.5
XGBoost,2820,2006-10-28 00:45:00,69,66.09
XGBoost,2820,2006-10-28 01:00:00,71,60.3
XGBoost,2820,2006-10-28 01:15:00,48,58.21
XGBoost,2820,2006-10-28 01:30:00,52,45.38
XGBoost,2820,2006-10-28 01:45:00,35,41.57
XGBoost,2820,2006-10-28 02:00:00,33,34.32
XGBoost,2820,2006-10-28 02:15:00,22,29.11
XGBoost,2820,2006-10-28 02:30:00,23,22.52
XGBoost,2820,2006-10-28 02:45:00,37,20.6
XGBoost,2820,2006-10-28 03:00:00,25,25.75
XGBoost,2820,2006-10-28 03:15:00,28,22.74
XGBoost,2820,2006-10-28 03:30:00,18,24.03
XGBoost,2820,2006-10-28 03:45:00,14,18.87
XGBoost,2820,2006-10-28 04:00:00,19,17.2
XGBoost,2820,2006-10-28 04:15:00,26,17.58
XGBoost,2820,2006-10-28 04:30:00,16,22.9
XGBoost,2820,2006-10-28 04:45:00,32,22.97
XGBoost,2820,2006-10-28 05:00:00,33,36.23
XGBoost,2820,2006-10-28 05:15:00,31,43.19
XGBoost,2820,2006-10-28 05:30:00,38,41.44
XGBoost,2820,2006-10-28 05:45:00,30,52.92
XGBoost,2820,2006-10-28 06:00:00,43,45.58
XGBoost,2820,2006-10-28 06:15:00,66,60.46
XGBoost,2820,2006-10-28 06:30:00,98,83.43
XGBoost,2820,2006-10-28 06:45:00,79,123.3
XGBoost,2820,2006-10-28 07:00:00,103,104.05
XGBoost,2820,2006-10-28 07:15:00,108,119.87
XGBoost,2820,2006-10-28 07:30:00,136,128.27
XGBoost,2820,2006-10-28 07:45:00,157,149.99
XGBoost,2820,2006-10-28 08:00:00,201,176.84
XGBoost,2820,2006-10-28 08:15:00,205,212.72
XGBoost,2820,2006-10-28 08:30:00,231,245.98
XGBoost,2820,2006-10-28 08:45:00,270,248.25
XGBoost,2820,2006-10-28 09:00:00,270,291.33
XGBoost,2820,2006-10-28 09:15:00,296,288.15
XGBoost,2820,2006-10-28 09:30:00,329,314.73
XGBoost,2820,2006-10-28 09:45:00,346,330.85
XGBoost,2820,2006-10-28 10:00:00,309,341.29
XGBoost,2820,2006-10-28 10:15:00,349,332.01
XGBoost,2820,2006-10-28 10:30:00,358,341.71
XGBoost,2820,2006-10-28 10:45:00,402,351.74
XGBoost,2820,2006-10-28 11:00:00,417,386.36
XGBoost,2820,2006-10-28 11:15:00,387,397.93
XGBoost,2820,2006-10-28 11:30:00,408,388.74
XGBoost,2820,2006-10-28 11:45:00,407,400.26
XGBoost,2820,2006-10-28 12:00:00,394,392.27
XGBoost,2820,2006-10-28 12:15:00,429,394.78
XGBoost,2820,2006-10-28 12:30:00,378,416.26
XGBoost,2820,2006-10-28 12:45:00,433,398.0
XGBoost,2820,2006-10-28 13:00:00,403,402.65
XGBoost,2820,2006-10-28 13:15:00,401,403.72
XGBoost,2820,2006-10-28 13:30:00,355,396.11
XGBoost,2820,2006-10-28 13:45:00,429,370.21
XGBoost,2820,2006-10-28 14:00:00,386,394.23
XGBoost,2820,2006-10-28 14:15:00,392,395.71
XGBoost,2820,2006-10-28 14:30:00,390,392.37
XGBoost,2820,2006-10-28 14:45:00,332,389.4
XGBoost,2820,2006-10-28 15:00:00,366,351.74
XGBoost,2820,2006-10-28 15:15:00,350,362.55
XGBoost,2820,2006-10-28 15:30:00,352,361.87
XGBoost,2820,2006-10-28 15:45:00,380,359.79
XGBoost,2820,2006-10-28 16:00:00,339,372.99
XGBoost,2820,2006-10-28 16:15:00,366,359.12
XGBoost,2820,2006-10-28 16:30:00,351,362.29
XGBoost,2820,2006-10-28 16:45:00,321,360.98
XGBoost,2820,2006-10-28 17:00:00,363,345.83
XGBoost,2820,2006-10-28 17:15:00,364,354.35
XGBoost,2820,2006-10-28 17:30:00,344,367.54
XGBoost,2820,2006-10-28 17:45:00,357,354.49
XGBoost,2820,2006-10-28 18:00:00,364,337.48
XGBoost,2820,2006-10-28 18:15:00,345,347.24
XGBoost,2820,2006-10-28 18:30:00,293,341.34
XGBoost,2820,2006-10-28 18:45:00,299,301.74
XGBoost,2820,2006-10-28 19:00:00,287,277.04
XGBoost,2820,2006-10-28 19:15:00,273,263.97
XGBoost,2820,2006-10-28 19:30:00,199,245.75
XGBoost,2820,2006-10-28 19:45:00,200,201.9
XGBoost,2820,2006-10-28 20:00:00,177,192.41
XGBoost,2820,2006-10-28 20:15:00,175,179.0
XGBoost,2820,2006-10-28 20:30:00,143,165.58
XGBoost,2820,2006-10-28 20:45:00,147,144.22
XGBoost,2820,2006-10-28 21:00:00,136,147.81
XGBoost,2820,2006-10-28 21:15:00,134,144.93
XGBoost,2820,2006-10-28 21:30:00,143,138.16
XGBoost,2820,2006-10-28 21:45:00,158,133.17
XGBoost,2820,2006-10-28 22:00:00,153,156.22
XGBoost,2820,2006-10-28 22:15:00,136,153.99
XGBoost,2820,2006-10-28 22:30:00,145,147.79
XGBoost,2820,2006-10-28 22:45:00,163,141.02
XGBoost,2820,2006-10-28 23:00:00,152,164.49
XGBoost,2820,2006-10-28 23:15:00,143,144.99
XGBoost,2820,2006-10-28 23:30:00,139,133.12
XGBoost,2820,2006-10-28 23:45:00,146,129.65
XGBoost,2820,2006-10-29 00:00:00,139,127.07
XGBoost,2820,2006-10-29 00:15:00,115,124.14
XGBoost,2820,2006-10-29 00:30:00,98,105.2
XGBoost,2820,2006-10-29 00:45:00,88,89.74
XGBoost,2820,2006-10-29 01:00:00,64,79.57
XGBoost,2820,2006-10-29 01:15:00,56,63.08
XGBoost,2820,2006-10-29 01:30:00,63,52.89
XGBoost,2820,2006-10-29 01:45:00,0,54.1
XGBoost,2820,2006-10-29 02:00:00,0,31.68
XGBoost,2820,2006-10-29 02:15:00,0,17.97
XGBoost,2820,2006-10-29 02:30:00,0,15.66
XGBoost,2820,2006-10-29 02:45:00,46,14.35
XGBoost,2820,2006-10-29 03:00:00,54,28.6
XGBoost,2820,2006-10-29 03:15:00,44,41.31
XGBoost,2820,2006-10-29 03:30:00,43,37.73
XGBoost,2820,2006-10-29 03:45:00,48,36.74
XGBoost,2820,2006-10-29 04:00:00,30,43.43
XGBoost,2820,2006-10-29 04:15:00,34,33.63
XGBoost,2820,2006-10-29 04:30:00,37,31.12
XGBoost,2820,2006-10-29 04:45:00,27,35.71
XGBoost,2820,2006-10-29 05:00:00,38,34.88
XGBoost,2820,2006-10-29 05:15:00,31,39.36
XGBoost,2820,2006-10-29 05:30:00,24,40.57
XGBoost,2820,2006-10-29 05:45:00,28,32.25
XGBoost,2820,2006-10-29 06:00:00,42,35.93
XGBoost,2820,2006-10-29 06:15:00,52,48.72
XGBoost,2820,2006-10-29 06:30:00,36,62.85
XGBoost,2820,2006-10-29 06:45:00,41,50.32
XGBoost,2820,2006-10-29 07:00:00,63,47.18
XGBoost,2820,2006-10-29 07:15:00,62,68.88
XGBoost,2820,2006-10-29 07:30:00,74,70.45
XGBoost,2820,2006-10-29 07:45:00,71,80.69
XGBoost,2820,2006-10-29 08:00:00,81,82.96
XGBoost,2820,2006-10-29 08:15:00,81,87.94
XGBoost,2820,2006-10-29 08:30:00,102,92.61
XGBoost,2820,2006-10-29 08:45:00,130,113.08
XGBoost,2820,2006-10-29 09:00:00,150,143.57
XGBoost,2820,2006-10-29 09:15:00,189,167.48
XGBoost,2820,2006-10-29 09:30:00,188,195.83
XGBoost,2820,2006-10-29 09:45:00,212,205.61
XGBoost,2820,2006-10-29 10:00:00,219,228.93
XGBoost,2820,2006-10-29 10:15:00,216,246.41
XGBoost,2820,2006-10-29 10:30:00,226,245.64
XGBoost,2820,2006-10-29 10:45:00,242,259.43
XGBoost,2820,2006-10-29 11:00:00,256,265.7
XGBoost,2820,2006-10-29 11:15:00,245,270.17
XGBoost,2820,2006-10-29 11:30:00,262,269.25
XGBoost,2820,2006-10-29 11:45:00,311,282.9
XGBoost,2820,2006-10-29 12:00:00,346,312.19
XGBoost,2820,2006-10-29 12:15:00,332,345.77
XGBoost,2820,2006-10-29 12:30:00,311,335.16
XGBoost,2820,2006-10-29 12:45:00,356,329.81
XGBoost,2820,2006-10-29 13:00:00,350,337.88
XGBoost,2820,2006-10-29 13:15:00,346,344.9
XGBoost,2820,2006-10-29 13:30:00,332,342.47
XGBoost,2820,2006-10-29 13:45:00,322,335.06
XGBoost,2820,2006-10-29 14:00:00,341,326.85
XGBoost,2820,2006-10-29 14:15:00,301,331.35
XGBoost,2820,2006-10-29 14:30:00,319,319.6
XGBoost,2820,2006-10-29 14:45:00,313,312.21
XGBoost,2820,2006-10-29 15:00:00,289,318.97
XGBoost,2820,2006-10-29 15:15:00,340,302.21
XGBoost,2820,2006-10-29 15:30:00,326,330.85
XGBoost,2820,2006-10-29 15:45:00,304,333.75
XGBoost,2820,2006-10-29 16:00:00,296,317.27
XGBoost,2820,2006-10-29 16:15:00,331,308.54
XGBoost,2820,2006-10-29 16:30:00,340,320.29
XGBoost,2820,2006-10-29 16:45:00,310,328.26
XGBoost,2820,2006-10-29 17:00:00,347,320.75
XGBoost,2820,2006-10-29 17:15:00,361,335.12
XGBoost,2820,2006-10-29 17:30:00,345,344.81
XGBoost,2820,2006-10-29 17:45:00,331,346.91
XGBoost,2820,2006-10-29 18:00:00,304,306.85
XGBoost,2820,2006-10-29 18:15:00,291,286.46
XGBoost,2820,2006-10-29 18:30:00,286,267.87
XGBoost,2820,2006-10-29 18:45:00,257,266.41
XGBoost,2820,2006-10-29 19:00:00,225,238.1
XGBoost,2820,2006-10-29 19:15:00,231,207.55
XGBoost,2820,2006-10-29 19:30:00,194,197.6
XGBoost,2820,2006-10-29 19:45:00,170,178.11
XGBoost,2820,2006-10-29 20:00:00,174,169.32
XGBoost,2820,2006-10-29 20:15:00,164,165.69
XGBoost,2820,2006-10-29 20:30:00,163,150.23
XGBoost,2820,2006-10-29 20:45:00,181,147.36
XGBoost,2820,2006-10-29 21:00:00,158,152.64
XGBoost,2820,2006-10-29 21:15:00,163,145.13
XGBoost,2820,2006-10-29 21:30:00,126,147.79
XGBoost,2820,2006-10-29 21:45:00,124,132.84
XGBoost,2820,2006-10-29 22:00:00,128,114.19
XGBoost,2820,2006-10-29 22:15:00,124,116.49
XGBoost,2820,2006-10-29 22:30:00,122,116.43
XGBoost,2820,2006-10-29 22:45:00,92,112.62
XGBoost,2820,2006-10-29 23:00:00,82,83.79
XGBoost,2820,2006-10-29 23:15:00,69,74.12
XGBoost,2820,2006-10-29 23:30:00,55,64.73
XGBoost,2820,2006-10-29 23:45:00,54,52.65
XGBoost,2820,2006-10-30 00:00:00,37,44.57
XGBoost,2820,2006-10-30 00:15:00,37,34.39
XGBoost,2820,2006-10-30 00:30:00,38,30.7
XGBoost,2820,2006-10-30 00:45:00,19,32.57
XGBoost,2820,2006-10-30 01:00:00,21,21.23
XGBoost,2820,2006-10-30 01:15:00,18,17.97
XGBoost,2820,2006-10-30 01:30:00,24,17.3
XGBoost,2820,2006-10-30 01:45:00,10,15.77
XGBoost,2820,2006-10-30 02:00:00,8,13.75
XGBoost,2820,2006-10-30 02:15:00,10,10.24
XGBoost,2820,2006-10-30 02:30:00,8,9.59
XGBoost,2820,2006-10-30 02:45:00,10,10.73
XGBoost,2820,2006-10-30 03:00:00,6,12.11
XGBoost,2820,2006-10-30 03:15:00,13,11.66
XGBoost,2820,2006-10-30 03:30:00,12,12.0
XGBoost,2820,2006-10-30 03:45:00,15,12.22
XGBoost,2820,2006-10-30 04:00:00,10,18.36
XGBoost,2820,2006-10-30 04:15:00,13,19.51
XGBoost,2820,2006-10-30 04:30:00,16,19.9
XGBoost,2820,2006-10-30 04:45:00,17,19.83
XGBoost,2820,2006-10-30 05:00:00,31,28.87
XGBoost,2820,2006-10-30 05:15:00,43,38.58
XGBoost,2820,2006-10-30 05:30:00,49,48.74
XGBoost,2820,2006-10-30 05:45:00,73,59.16
XGBoost,2820,2006-10-30 06:00:00,87,83.42
XGBoost,2820,2006-10-30 06:15:00,115,118.91
XGBoost,2820,2006-10-30 06:30:00,185,169.65
XGBoost,2820,2006-10-30 06:45:00,191,247.47
XGBoost,2820,2006-10-30 07:00:00,254,248.56
XGBoost,2820,2006-10-30 07:15:00,293,320.66
XGBoost,2820,2006-10-30 07:30:00,346,378.02
XGBoost,2820,2006-10-30 07:45:00,358,379.96
XGBoost,2820,2006-10-30 08:00:00,343,369.39
XGBoost,2820,2006-10-30 08:15:00,310,333.61
XGBoost,2820,2006-10-30 08:30:00,326,302.75
XGBoost,2820,2006-10-30 08:45:00,306,306.19
XGBoost,2820,2006-10-30 09:00:00,301,286.3
XGBoost,2820,2006-10-30 09:15:00,324,284.87
XGBoost,2820,2006-10-30 09:30:00,333,290.9
XGBoost,2820,2006-10-30 09:45:00,326,300.07
XGBoost,2820,2006-10-30 10:00:00,282,298.88
XGBoost,2820,2006-10-30 10:15:00,278,276.01
XGBoost,2820,2006-10-30 10:30:00,278,267.87
XGBoost,2820,2006-10-30 10:45:00,293,270.17
XGBoost,2820,2006-10-30 11:00:00,279,286.88
XGBoost,2820,2006-10-30 11:15:00,329,281.36
XGBoost,2820,2006-10-30 11:30:00,286,299.94
XGBoost,2820,2006-10-30 11:45:00,285,310.63
XGBoost,2820,2006-10-30 12:00:00,295,317.18
XGBoost,2820,2006-10-30 12:15:00,326,312.34
XGBoost,2820,2006-10-30 12:30:00,320,317.42
XGBoost,2820,2006-10-30 12:45:00,318,332.68
XGBoost,2820,2006-10-30 13:00:00,324,328.05
XGBoost,2820,2006-10-30 13:15:00,331,330.45
XGBoost,2820,2006-10-30 13:30:00,364,328.85
XGBoost,2820,2006-10-30 13:45:00,310,344.78
XGBoost,2820,2006-10-30 14:00:00,302,348.16
XGBoost,2820,2006-10-30 14:15:00,324,321.83
XGBoost,2820,2006-10-30 14:30:00,415,329.94
XGBoost,2820,2006-10-30 14:45:00,392,389.2
XGBoost,2820,2006-10-30 15:00:00,392,410.53
XGBoost,2820,2006-10-30 15:15:00,465,416.13
XGBoost,2820,2006-10-30 15:30:00,546,462.16
XGBoost,2820,2006-10-30 15:45:00,523,532.32
XGBoost,2820,2006-10-30 16:00:00,563,522.01
XGBoost,2820,2006-10-30 16:15:00,545,544.1
XGBoost,2820,2006-10-30 16:30:00,535,550.16
XGBoost,2820,2006-10-30 16:45:00,478,541.65
XGBoost,2820,2006-10-30 17:00:00,576,516.09
XGBoost,2820,2006-10-30 17:15:00,559,565.18
XGBoost,2820,2006-10-30 17:30:00,481,576.05
XGBoost,2820,2006-10-30 17:45:00,499,520.0
XGBoost,2820,2006-10-30 18:00:00,560,454.42
XGBoost,2820,2006-10-30 18:15:00,498,489.36
XGBoost,2820,2006-10-30 18:30:00,454,467.88
XGBoost,2820,2006-10-30 18:45:00,388,421.38
XGBoost,2820,2006-10-30 19:00:00,325,334.57
XGBoost,2820,2006-10-30 19:15:00,298,290.72
XGBoost,2820,2006-10-30 19:30:00,262,263.43
XGBoost,2820,2006-10-30 19:45:00,204,236.37
XGBoost,2820,2006-10-30 20:00:00,214,211.44
XGBoost,2820,2006-10-30 20:15:00,176,197.97
XGBoost,2820,2006-10-30 20:30:00,193,176.7
XGBoost,2820,2006-10-30 20:45:00,199,187.95
XGBoost,2820,2006-10-30 21:00:00,192,183.4
XGBoost,2820,2006-10-30 21:15:00,154,181.84
XGBoost,2820,2006-10-30 21:30:00,155,147.7
XGBoost,2820,2006-10-30 21:45:00,172,143.26
XGBoost,2820,2006-10-30 22:00:00,172,147.98
XGBoost,2820,2006-10-30 22:15:00,161,146.83
XGBoost,2820,2006-10-30 22:30:00,137,141.92
XGBoost,2820,2006-10-30 22:45:00,102,121.01
XGBoost,2820,2006-10-30 23:00:00,81,89.62
XGBoost,2820,2006-10-30 23:15:00,57,68.3
XGBoost,2820,2006-10-30 23:30:00,61,54.0
XGBoost,2820,2006-10-30 23:45:00,38,50.79
XGBoost,2820,2006-10-31 00:00:00,35,36.9
XGBoost,2820,2006-10-31 00:15:00,28,31.65
XGBoost,2820,2006-10-31 00:30:00,25,27.95
XGBoost,2820,2006-10-31 00:45:00,26,21.27
XGBoost,2820,2006-10-31 01:00:00,11,21.19
XGBoost,2820,2006-10-31 01:15:00,14,15.06
XGBoost,2820,2006-10-31 01:30:00,13,14.34
XGBoost,2820,2006-10-31 01:45:00,13,10.04
XGBoost,2820,2006-10-31 02:00:00,14,10.25
XGBoost,2820,2006-10-31 02:15:00,6,10.75
XGBoost,2820,2006-10-31 02:30:00,6,10.33
XGBoost,2820,2006-10-31 02:45:00,9,9.68
XGBoost,2820,2006-10-31 03:00:00,9,9.54
XGBoost,2820,2006-10-31 03:15:00,7,9.65
XGBoost,2820,2006-10-31 03:30:00,6,9.65
XGBoost,2820,2006-10-31 03:45:00,4,9.68
XGBoost,2820,2006-10-31 04:00:00,8,12.74
XGBoost,2820,2006-10-31 04:15:00,13,13.16
XGBoost,2820,2006-10-31 04:30:00,14,13.62
XGBoost,2820,2006-10-31 04:45:00,16,15.06
XGBoost,2820,2006-10-31 05:00:00,28,26.85
XGBoost,2820,2006-10-31 05:15:00,48,38.85
XGBoost,2820,2006-10-31 05:30:00,71,58.38
XGBoost,2820,2006-10-31 05:45:00,78,88.14
XGBoost,2820,2006-10-31 06:00:00,84,113.29
XGBoost,2820,2006-10-31 06:15:00,123,127.72
XGBoost,2820,2006-10-31 06:30:00,182,184.44
XGBoost,2820,2006-10-31 06:45:00,190,232.9
XGBoost,2820,2006-10-31 07:00:00,304,253.84
XGBoost,2820,2006-10-31 07:15:00,296,341.7
XGBoost,2820,2006-10-31 07:30:00,386,356.73
XGBoost,2820,2006-10-31 07:45:00,305,387.86
XGBoost,2820,2006-10-31 08:00:00,297,358.86
XGBoost,2820,2006-10-31 08:15:00,306,312.43
XGBoost,2820,2006-10-31 08:30:00,248,325.61
XGBoost,2820,2006-10-31 08:45:00,307,292.07
XGBoost,2820,2006-10-31 09:00:00,308,299.4
XGBoost,2820,2006-10-31 09:15:00,301,317.16
XGBoost,2820,2006-10-31 09:30:00,339,316.34
XGBoost,2820,2006-10-31 09:45:00,285,330.0
XGBoost,2820,2006-10-31 10:00:00,313,296.07
XGBoost,2820,2006-10-31 10:15:00,286,292.72
XGBoost,2820,2006-10-31 10:30:00,294,292.02
XGBoost,2820,2006-10-31 10:45:00,316,302.58
XGBoost,2820,2006-10-31 11:00:00,277,303.54
XGBoost,2820,2006-10-31 11:15:00,279,316.44
XGBoost,2820,2006-10-31 11:30:00,293,287.65
XGBoost,2820,2006-10-31 11:45:00,299,292.72
XGBoost,2820,2006-10-31 12:00:00,314,308.96
XGBoost,2820,2006-10-31 12:15:00,306,324.17
XGBoost,2820,2006-10-31 12:30:00,327,320.4
XGBoost,2820,2006-10-31 12:45:00,304,317.03
XGBoost,2820,2006-10-31 13:00:00,336,322.71
XGBoost,2820,2006-10-31 13:15:00,342,333.03
XGBoost,2820,2006-10-31 13:30:00,369,348.66
XGBoost,2820,2006-10-31 13:45:00,337,344.09
XGBoost,2820,2006-10-31 14:00:00,339,341.98
XGBoost,2820,2006-10-31 14:15:00,345,344.46
XGBoost,2820,2006-10-31 14:30:00,376,375.12
XGBoost,2820,2006-10-31 14:45:00,406,390.67
XGBoost,2820,2006-10-31 15:00:00,462,407.01
XGBoost,2820,2006-10-31 15:15:00,482,472.32
XGBoost,2820,2006-10-31 15:30:00,540,521.55
XGBoost,2820,2006-10-31 15:45:00,545,537.96
XGBoost,2820,2006-10-31 16:00:00,553,549.29
XGBoost,2820,2006-10-31 16:15:00,528,558.19
XGBoost,2820,2006-10-31 16:30:00,518,558.59
XGBoost,2820,2006-10-31 16:45:00,505,530.94
XGBoost,2820,2006-10-31 17:00:00,491,559.64
XGBoost,2820,2006-10-31 17:15:00,498,542.54
XGBoost,2820,2006-10-31 17:30:00,571,510.99
XGBoost,2820,2006-10-31 17:45:00,464,544.19
XGBoost,2820,2006-10-31 18:00:00,517,495.13
XGBoost,2820,2006-10-31 18:15:00,540,482.57
XGBoost,2820,2006-10-31 18:30:00,498,490.07
XGBoost,2820,2006-10-31 18:45:00,459,448.34
XGBoost,2820,2006-10-31 19:00:00,384,399.66
XGBoost,2820,2006-10-31 19:15:00,343,358.5
XGBoost,2820,2006-10-31 19:30:00,294,303.22
XGBoost,2820,2006-10-31 19:45:00,292,264.85
XGBoost,2820,2006-10-31 20:00:00,248,266.62
XGBoost,2820,2006-10-31 20:15:00,192,233.05
XGBoost,2820,2006-10-31 20:30:00,240,205.75
XGBoost,2820,2006-10-31 20:45:00,195,216.72
XGBoost,2820,2006-10-31 21:00:00,195,207.72
XGBoost,2820,2006-10-31 21:15:00,191,185.16
XGBoost,2820,2006-10-31 21:30:00,184,180.32
XGBoost,2820,2006-10-31 21:45:00,158,184.33
XGBoost,2820,2006-10-31 22:00:00,200,167.09
XGBoost,2820,2006-10-31 22:15:00,159,178.19
XGBoost,2820,2006-10-31 22:30:00,144,152.07
XGBoost,2820,2006-10-31 22:45:00,113,127.09
XGBoost,2820,2006-10-31 23:00:00,121,100.58
XGBoost,2820,2006-10-31 23:15:00,79,95.79
XGBoost,2820,2006-10-31 23:30:00,75,74.29
XGBoost,2820,2006-10-31 23:45:00,58,62.65
XGBoost,2825,2006-10-27 12:00:00,181,189.25
XGBoost,2825,2006-10-27 12:15:00,183,189.93
XGBoost,2825,2006-10-27 12:30:00,229,196.92
XGBoost,2825,2006-10-27 12:45:00,176,206.1
XGBoost,2825,2006-10-27 13:00:00,207,198.1
XGBoost,2825,2006-10-27 13:15:00,233,200.95
XGBoost,2825,2006-10-27 13:30:00,216,216.33
XGBoost,2825,2006-10-27 13:45:00,194,218.8
XGBoost,2825,2006-10-27 14:00:00,199,207.02
XGBoost,2825,2006-10-27 14:15:00,220,204.31
XGBoost,2825,2006-10-27 14:30:00,221,196.65
XGBoost,2825,2006-10-27 14:45:00,206,224.1
XGBoost,2825,2006-10-27 15:00:00,254,225.72
XGBoost,2825,2006-10-27 15:15:00,254,275.78
XGBoost,2825,2006-10-27 15:30:00,274,266.19
XGBoost,2825,2006-10-27 15:45:00,278,285.76
XGBoost,2825,2006-10-27 16:00:00,298,284.56
XGBoost,2825,2006-10-27 16:15:00,292,297.35
XGBoost,2825,2006-10-27 16:30:00,306,303.7
XGBoost,2825,2006-10-27 16:45:00,310,297.62
XGBoost,2825,2006-10-27 17:00:00,314,313.77
XGBoost,2825,2006-10-27 17:15:00,336,339.26
XGBoost,2825,2006-10-27 17:30:00,367,349.02
XGBoost,2825,2006-10-27 17:45:00,333,360.85
XGBoost,2825,2006-10-27 18:00:00,315,307.51
XGBoost,2825,2006-10-27 18:15:00,319,291.85
XGBoost,2825,2006-10-27 18:30:00,257,289.28
XGBoost,2825,2006-10-27 18:45:00,225,265.93
XGBoost,2825,2006-10-27 19:00:00,181,216.11
XGBoost,2825,2006-10-27 19:15:00,187,191.35
XGBoost,2825,2006-10-27 19:30:00,148,175.75
XGBoost,2825,2006-10-27 19:45:00,167,139.43
XGBoost,2825,2006-10-27 20:00:00,120,144.48
XGBoost,2825,2006-10-27 20:15:00,122,121.58
XGBoost,2825,2006-10-27 20:30:00,107,121.7
XGBoost,2825,2006-10-27 20:45:00,132,110.22
XGBoost,2825,2006-10-27 21:00:00,78,127.47
XGBoost,2825,2006-10-27 21:15:00,144,96.46
XGBoost,2825,2006-10-27 21:30:00,123,132.07
XGBoost,2825,2006-10-27 21:45:00,84,115.65
XGBoost,2825,2006-10-27 22:00:00,99,96.41
XGBoost,2825,2006-10-27 22:15:00,103,97.65
XGBoost,2825,2006-10-27 22:30:00,93,95.91
XGBoost,2825,2006-10-27 22:45:00,79,90.95
XGBoost,2825,2006-10-27 23:00:00,101,88.82
XGBoost,2825,2006-10-27 23:15:00,90,85.85
XGBoost,2825,2006-10-27 23:30:00,78,80.18
XGBoost,2825,2006-10-27 23:45:00,64,79.14
XGBoost,2825,2006-10-28 00:00:00,60,58.57
XGBoost,2825,2006-10-28 00:15:00,69,51.73
XGBoost,2825,2006-10-28 00:30:00,54,54.74
XGBoost,2825,2006-10-28 00:45:00,45,48.75
XGBoost,2825,2006-10-28 01:00:00,32,40.24
XGBoost,2825,2006-10-28 01:15:00,39,30.56
XGBoost,2825,2006-10-28 01:30:00,25,30.59
XGBoost,2825,2006-10-28 01:45:00,13,23.94
XGBoost,2825,2006-10-28 02:00:00,17,16.1
XGBoost,2825,2006-10-28 02:15:00,14,16.17
XGBoost,2825,2006-10-28 02:30:00,22,13.24
XGBoost,2825,2006-10-28 02:45:00,11,14.42
XGBoost,2825,2006-10-28 03:00:00,14,13.37
XGBoost,2825,2006-10-28 03:15:00,14,12.29
XGBoost,2825,2006-10-28 03:30:00,12,11.96
XGBoost,2825,2006-10-28 03:45:00,10,10.89
XGBoost,2825,2006-10-28 04:00:00,19,12.94
XGBoost,2825,2006-10-28 04:15:00,14,15.5
XGBoost,2825,2006-10-28 04:30:00,8,15.05
XGBoost,2825,2006-10-28 04:45:00,12,12.58
XGBoost,2825,2006-10-28 05:00:00,21,19.18
XGBoost,2825,2006-10-28 05:15:00,22,23.46
XGBoost,2825,2006-10-28 05:30:00,24,28.93
XGBoost,2825,2006-10-28 05:45:00,29,34.41
XGBoost,2825,2006-10-28 06:00:00,42,38.12
XGBoost,2825,2006-10-28 06:15:00,58,58.25
XGBoost,2825,2006-10-28 06:30:00,74,72.59
XGBoost,2825,2006-10-28 06:45:00,78,89.49
XGBoost,2825,2006-10-28 07:00:00,51,91.65
XGBoost,2825,2006-10-28 07:15:00,78,70.07
XGBoost,2825,2006-10-28 07:30:00,86,91.1
XGBoost,2825,2006-10-28 07:45:00,90,100.41
XGBoost,2825,2006-10-28 08:00:00,102,110.07
XGBoost,2825,2006-10-28 08:15:00,136,126.3
XGBoost,2825,2006-10-28 08:30:00,178,154.6
XGBoost,2825,2006-10-28 08:45:00,146,189.66
XGBoost,2825,2006-10-28 09:00:00,177,180.57
XGBoost,2825,2006-10-28 09:15:00,139,181.97
XGBoost,2825,2006-10-28 09:30:00,133,173.45
XGBoost,2825,2006-10-28 09:45:00,213,165.06
XGBoost,2825,2006-10-28 10:00:00,183,198.22
XGBoost,2825,2006-10-28 10:15:00,180,192.96
XGBoost,2825,2006-10-28 10:30:00,194,185.56
XGBoost,2825,2006-10-28 10:45:00,194,196.71
XGBoost,2825,2006-10-28 11:00:00,190,196.44
XGBoost,2825,2006-10-28 11:15:00,184,187.92
XGBoost,2825,2006-10-28 11:30:00,206,193.82
XGBoost,2825,2006-10-28 11:45:00,151,206.3
XGBoost,2825,2006-10-28 12:00:00,214,174.04
XGBoost,2825,2006-10-28 12:15:00,207,195.23
XGBoost,2825,2006-10-28 12:30:00,253,213.47
XGBoost,2825,2006-10-28 12:45:00,240,223.77
XGBoost,2825,2006-10-28 13:00:00,236,229.39
XGBoost,2825,2006-10-28 13:15:00,203,226.51
XGBoost,2825,2006-10-28 13:30:00,198,210.24
XGBoost,2825,2006-10-28 13:45:00,154,200.32
XGBoost,2825,2006-10-28 14:00:00,211,173.79
XGBoost,2825,2006-10-28 14:15:00,208,195.01
XGBoost,2825,2006-10-28 14:30:00,212,207.78
XGBoost,2825,2006-10-28 14:45:00,180,204.81
XGBoost,2825,2006-10-28 15:00:00,201,197.29
XGBoost,2825,2006-10-28 15:15:00,212,204.9
XGBoost,2825,2006-10-28 15:30:00,213,219.92
XGBoost,2825,2006-10-28 15:45:00,216,224.44
XGBoost,2825,2006-10-28 16:00:00,249,225.82
XGBoost,2825,2006-10-28 16:15:00,225,242.98
XGBoost,2825,2006-10-28 16:30:00,207,234.35
XGBoost,2825,2006-10-28 16:45:00,222,227.98
XGBoost,2825,2006-10-28 17:00:00,197,228.01
XGBoost,2825,2006-10-28 17:15:00,209,232.04
XGBoost,2825,2006-10-28 17:30:00,248,233.18
XGBoost,2825,2006-10-28 17:45:00,234,250.47
XGBoost,2825,2006-10-28 18:00:00,214,234.0
XGBoost,2825,2006-10-28 18:15:00,192,224.18
XGBoost,2825,2006-10-28 18:30:00,193,201.48
XGBoost,2825,2006-10-28 18:45:00,186,188.74
XGBoost,2825,2006-10-28 19:00:00,166,174.39
XGBoost,2825,2006-10-28 19:15:00,147,162.65
XGBoost,2825,2006-10-28 19:30:00,142,135.36
XGBoost,2825,2006-10-28 19:45:00,94,136.35
XGBoost,2825,2006-10-28 20:00:00,120,101.07
XGBoost,2825,2006-10-28 20:15:00,136,110.34
XGBoost,2825,2006-10-28 20:30:00,93,117.31
XGBoost,2825,2006-10-28 20:45:00,90,101.18
XGBoost,2825,2006-10-28 21:00:00,96,83.72
XGBoost,2825,2006-10-28 21:15:00,93,98.99
XGBoost,2825,2006-10-28 21:30:00,79,95.09
XGBoost,2825,2006-10-28 21:45:00,101,84.62
XGBoost,2825,2006-10-28 22:00:00,121,95.51
XGBoost,2825,2006-10-28 22:15:00,105,109.57
XGBoost,2825,2006-10-28 22:30:00,117,105.32
XGBoost,2825,2006-10-28 22:45:00,118,107.87
XGBoost,2825,2006-10-28 23:00:00,131,109.78
XGBoost,2825,2006-10-28 23:15:00,105,128.46
XGBoost,2825,2006-10-28 23:30:00,101,111.23
XGBoost,2825,2006-10-28 23:45:00,100,91.2
XGBoost,2825,2006-10-29 00:00:00,98,87.07
XGBoost,2825,2006-10-29 00:15:00,107,85.11
XGBoost,2825,2006-10-29 00:30:00,69,88.1
XGBoost,2825,2006-10-29 00:45:00,82,67.78
XGBoost,2825,2006-10-29 01:00:00,55,67.38
XGBoost,2825,2006-10-29 01:15:00,40,56.31
XGBoost,2825,2006-10-29 01:30:00,35,38.53
XGBoost,2825,2006-10-29 01:45:00,0,31.49
XGBoost,2825,2006-10-29 02:00:00,0,21.0
XGBoost,2825,2006-10-29 02:15:00,0,15.06
XGBoost,2825,2006-10-29 02:30:00,0,10.27
XGBoost,2825,2006-10-29 02:45:00,31,9.48
XGBoost,2825,2006-10-29 03:00:00,36,16.7
XGBoost,2825,2006-10-29 03:15:00,19,25.54
XGBoost,2825,2006-10-29 03:30:00,26,19.0
XGBoost,2825,2006-10-29 03:45:00,23,19.25
XGBoost,2825,2006-10-29 04:00:00,16,22.91
XGBoost,2825,2006-10-29 04:15:00,20,17.95
XGBoost,2825,2006-10-29 04:30:00,19,18.33
XGBoost,2825,2006-10-29 04:45:00,11,17.4
XGBoost,2825,2006-10-29 05:00:00,19,19.33
XGBoost,2825,2006-10-29 05:15:00,16,22.58
XGBoost,2825,2006-10-29 05:30:00,11,22.39
XGBoost,2825,2006-10-29 05:45:00,18,21.26
XGBoost,2825,2006-10-29 06:00:00,21,24.77
XGBoost,2825,2006-10-29 06:15:00,33,29.33
XGBoost,2825,2006-10-29 06:30:00,46,43.61
XGBoost,2825,2006-10-29 06:45:00,45,53.35
XGBoost,2825,2006-10-29 07:00:00,37,48.69
XGBoost,2825,2006-10-29 07:15:00,39,44.9
XGBoost,2825,2006-10-29 07:30:00,49,48.63
XGBoost,2825,2006-10-29 07:45:00,53,56.41
XGBoost,2825,2006-10-29 08:00:00,53,64.26
XGBoost,2825,2006-10-29 08:15:00,67,64.21
XGBoost,2825,2006-10-29 08:30:00,72,76.74
XGBoost,2825,2006-10-29 08:45:00,77,79.12
XGBoost,2825,2006-10-29 09:00:00,93,85.7
XGBoost,2825,2006-10-29 09:15:00,83,96.46
XGBoost,2825,2006-10-29 09:30:00,125,97.08
XGBoost,2825,2006-10-29 09:45:00,120,136.54
XGBoost,2825,2006-10-29 10:00:00,129,134.23
XGBoost,2825,2006-10-29 10:15:00,118,143.09
XGBoost,2825,2006-10-29 10:30:00,135,138.57
XGBoost,2825,2006-10-29 10:45:00,129,147.32
XGBoost,2825,2006-10-29 11:00:00,140,141.98
XGBoost,2825,2006-10-29 11:15:00,155,152.05
XGBoost,2825,2006-10-29 11:30:00,173,160.74
XGBoost,2825,2006-10-29 11:45:00,164,166.99
XGBoost,2825,2006-10-29 12:00:00,189,177.36
XGBoost,2825,2006-10-29 12:15:00,225,182.22
XGBoost,2825,2006-10-29 12:30:00,197,220.82
XGBoost,2825,2006-10-29 12:45:00,194,207.36
XGBoost,2825,2006-10-29 13:00:00,216,194.9
XGBoost,2825,2006-10-29 13:15:00,189,198.26
XGBoost,2825,2006-10-29 13:30:00,211,191.62
XGBoost,2825,2006-10-29 13:45:00,167,185.46
XGBoost,2825,2006-10-29 14:00:00,183,179.93
XGBoost,2825,2006-10-29 14:15:00,191,178.33
XGBoost,2825,2006-10-29 14:30:00,185,186.22
XGBoost,2825,2006-10-29 14:45:00,189,180.43
XGBoost,2825,2006-10-29 15:00:00,196,188.85
XGBoost,2825,2006-10-29 15:15:00,186,196.34
XGBoost,2825,2006-10-29 15:30:00,204,193.58
XGBoost,2825,2006-10-29 15:45:00,210,198.23
XGBoost,2825,2006-10-29 16:00:00,194,207.09
XGBoost,2825,2006-10-29 16:15:00,202,199.15
XGBoost,2825,2006-10-29 16:30:00,233,195.35
XGBoost,2825,2006-10-29 16:45:00,196,212.8
XGBoost,2825,2006-10-29 17:00:00,212,198.91
XGBoost,2825,2006-10-29 17:15:00,222,200.88
XGBoost,2825,2006-10-29 17:30:00,230,208.8
XGBoost,2825,2006-10-29 17:45:00,246,215.09
XGBoost,2825,2006-10-29 18:00:00,197,217.91
XGBoost,2825,2006-10-29 18:15:00,206,192.34
XGBoost,2825,2006-10-29 18:30:00,154,190.83
XGBoost,2825,2006-10-29 18:45:00,157,160.02
XGBoost,2825,2006-10-29 19:00:00,163,144.12
XGBoost,2825,2006-10-29 19:15:00,136,139.6
XGBoost,2825,2006-10-29 19:30:00,127,124.89
XGBoost,2825,2006-10-29 19:45:00,110,104.72
XGBoost,2825,2006-10-29 20:00:00,92,109.07
XGBoost,2825,2006-10-29 20:15:00,113,94.05
XGBoost,2825,2006-10-29 20:30:00,103,99.27
XGBoost,2825,2006-10-29 20:45:00,94,94.99
XGBoost,2825,2006-10-29 21:00:00,92,88.49
XGBoost,2825,2006-10-29 21:15:00,113,85.25
XGBoost,2825,2006-10-29 21:30:00,95,95.02
XGBoost,2825,2006-10-29 21:45:00,88,92.49
XGBoost,2825,2006-10-29 22:00:00,95,84.98
XGBoost,2825,2006-10-29 22:15:00,72,86.85
XGBoost,2825,2006-10-29 22:30:00,75,71.18
XGBoost,2825,2006-10-29 22:45:00,75,67.61
XGBoost,2825,2006-10-29 23:00:00,64,62.74
XGBoost,2825,2006-10-29 23:15:00,52,56.82
XGBoost,2825,2006-10-29 23:30:00,44,49.5
XGBoost,2825,2006-10-29 23:45:00,30,43.67
XGBoost,2825,2006-10-30 00:00:00,27,28.27
XGBoost,2825,2006-10-30 00:15:00,32,24.96
XGBoost,2825,2006-10-30 00:30:00,15,27.06
XGBoost,2825,2006-10-30 00:45:00,13,17.93
XGBoost,2825,2006-10-30 01:00:00,20,13.99
XGBoost,2825,2006-10-30 01:15:00,11,16.13
XGBoost,2825,2006-10-30 01:30:00,12,12.67
XGBoost,2825,2006-10-30 01:45:00,10,8.76
XGBoost,2825,2006-10-30 02:00:00,8,9.61
XGBoost,2825,2006-10-30 02:15:00,10,8.34
XGBoost,2825,2006-10-30 02:30:00,9,8.98
XGBoost,2825,2006-10-30 02:45:00,7,10.28
XGBoost,2825,2006-10-30 03:00:00,3,11.3
XGBoost,2825,2006-10-30 03:15:00,6,9.86
XGBoost,2825,2006-10-30 03:30:00,7,10.82
XGBoost,2825,2006-10-30 03:45:00,4,10.38
XGBoost,2825,2006-10-30 04:00:00,9,13.22
XGBoost,2825,2006-10-30 04:15:00,12,14.08
XGBoost,2825,2006-10-30 04:30:00,11,14.17
XGBoost,2825,2006-10-30 04:45:00,16,12.7
XGBoost,2825,2006-10-30 05:00:00,14,23.78
XGBoost,2825,2006-10-30 05:15:00,19,24.01
XGBoost,2825,2006-10-30 05:30:00,41,24.08
XGBoost,2825,2006-10-30 05:45:00,30,42.92
XGBoost,2825,2006-10-30 06:00:00,58,41.12
XGBoost,2825,2006-10-30 06:15:00,96,63.29
XGBoost,2825,2006-10-30 06:30:00,138,121.66
XGBoost,2825,2006-10-30 06:45:00,146,175.43
XGBoost,2825,2006-10-30 07:00:00,161,188.31
XGBoost,2825,2006-10-30 07:15:00,217,208.63
XGBoost,2825,2006-10-30 07:30:00,277,262.87
XGBoost,2825,2006-10-30 07:45:00,317,332.44
XGBoost,2825,2006-10-30 08:00:00,358,341.12
XGBoost,2825,2006-10-30 08:15:00,410,329.73
XGBoost,2825,2006-10-30 08:30:00,411,390.26
XGBoost,2825,2006-10-30 08:45:00,352,392.89
XGBoost,2825,2006-10-30 09:00:00,294,322.89
XGBoost,2825,2006-10-30 09:15:00,234,278.32
XGBoost,2825,2006-10-30 09:30:00,183,225.67
XGBoost,2825,2006-10-30 09:45:00,181,169.53
XGBoost,2825,2006-10-30 10:00:00,183,160.78
XGBoost,2825,2006-10-30 10:15:00,167,164.36
XGBoost,2825,2006-10-30 10:30:00,204,154.66
XGBoost,2825,2006-10-30 10:45:00,182,175.24
XGBoost,2825,2006-10-30 11:00:00,135,166.8
XGBoost,2825,2006-10-30 11:15:00,148,151.25
XGBoost,2825,2006-10-30 11:30:00,157,152.57
XGBoost,2825,2006-10-30 11:45:00,184,161.77
XGBoost,2825,2006-10-30 12:00:00,158,178.13
XGBoost,2825,2006-10-30 12:15:00,166,175.96
XGBoost,2825,2006-10-30 12:30:00,178,170.15
XGBoost,2825,2006-10-30 12:45:00,176,177.76
XGBoost,2825,2006-10-30 13:00:00,188,188.6
XGBoost,2825,2006-10-30 13:15:00,191,183.61
XGBoost,2825,2006-10-30 13:30:00,209,192.38
XGBoost,2825,2006-10-30 13:45:00,168,192.93
XGBoost,2825,2006-10-30 14:00:00,196,186.72
XGBoost,2825,2006-10-30 14:15:00,178,195.72
XGBoost,2825,2006-10-30 14:30:00,197,191.16
XGBoost,2825,2006-10-30 14:45:00,204,198.24
XGBoost,2825,2006-10-30 15:00:00,217,220.58
XGBoost,2825,2006-10-30 15:15:00,263,221.58
XGBoost,2825,2006-10-30 15:30:00,279,269.04
XGBoost,2825,2006-10-30 15:45:00,263,291.78
XGBoost,2825,2006-10-30 16:00:00,280,265.65
XGBoost,2825,2006-10-30 16:15:00,261,284.06
XGBoost,2825,2006-10-30 16:30:00,275,275.59
XGBoost,2825,2006-10-30 16:45:00,276,282.63
XGBoost,2825,2006-10-30 17:00:00,306,290.19
XGBoost,2825,2006-10-30 17:15:00,359,309.76
XGBoost,2825,2006-10-30 17:30:00,329,345.68
XGBoost,2825,2006-10-30 17:45:00,333,337.09
XGBoost,2825,2006-10-30 18:00:00,329,290.18
XGBoost,2825,2006-10-30 18:15:00,304,288.79
XGBoost,2825,2006-10-30 18:30:00,258,275.35
XGBoost,2825,2006-10-30 18:45:00,209,243.65
XGBoost,2825,2006-10-30 19:00:00,201,197.48
XGBoost,2825,2006-10-30 19:15:00,163,176.39
XGBoost,2825,2006-10-30 19:30:00,138,151.66
XGBoost,2825,2006-10-30 19:45:00,121,125.79
XGBoost,2825,2006-10-30 20:00:00,129,116.52
XGBoost,2825,2006-10-30 20:15:00,109,122.21
XGBoost,2825,2006-10-30 20:30:00,109,106.62
XGBoost,2825,2006-10-30 20:45:00,123,103.57
XGBoost,2825,2006-10-30 21:00:00,85,113.35
XGBoost,2825,2006-10-30 21:15:00,98,96.83
XGBoost,2825,2006-10-30 21:30:00,85,95.89
XGBoost,2825,2006-10-30 21:45:00,97,86.02
XGBoost,2825,2006-10-30 22:00:00,104,87.23
XGBoost,2825,2006-10-30 22:15:00,79,85.23
XGBoost,2825,2006-10-30 22:30:00,78,74.49
XGBoost,2825,2006-10-30 22:45:00,49,69.48
XGBoost,2825,2006-10-30 23:00:00,64,49.59
XGBoost,2825,2006-10-30 23:15:00,46,51.55
XGBoost,2825,2006-10-30 23:30:00,30,43.31
XGBoost,2825,2006-10-30 23:45:00,26,32.84
XGBoost,2825,2006-10-31 00:00:00,25,24.64
XGBoost,2825,2006-10-31 00:15:00,22,22.84
XGBoost,2825,2006-10-31 00:30:00,12,18.17
XGBoost,2825,2006-10-31 00:45:00,12,14.18
XGBoost,2825,2006-10-31 01:00:00,16,12.83
XGBoost,2825,2006-10-31 01:15:00,10,11.09
XGBoost,2825,2006-10-31 01:30:00,10,10.31
XGBoost,2825,2006-10-31 01:45:00,4,9.07
XGBoost,2825,2006-10-31 02:00:00,7,9.76
XGBoost,2825,2006-10-31 02:15:00,3,8.38
XGBoost,2825,2006-10-31 02:30:00,12,8.38
XGBoost,2825,2006-10-31 02:45:00,7,8.15
XGBoost,2825,2006-10-31 03:00:00,8,8.81
XGBoost,2825,2006-10-31 03:15:00,9,8.81
XGBoost,2825,2006-10-31 03:30:00,5,9.42
XGBoost,2825,2006-10-31 03:45:00,4,8.81
XGBoost,2825,2006-10-31 04:00:00,9,12.74
XGBoost,2825,2006-10-31 04:15:00,10,13.16
XGBoost,2825,2006-10-31 04:30:00,12,12.85
XGBoost,2825,2006-10-31 04:45:00,13,13.79
XGBoost,2825,2006-10-31 05:00:00,14,21.62
XGBoost,2825,2006-10-31 05:15:00,24,23.16
XGBoost,2825,2006-10-31 05:30:00,36,33.53
XGBoost,2825,2006-10-31 05:45:00,39,43.05
XGBoost,2825,2006-10-31 06:00:00,64,59.32
XGBoost,2825,2006-10-31 06:15:00,95,91.65
XGBoost,2825,2006-10-31 06:30:00,158,135.59
XGBoost,2825,2006-10-31 06:45:00,158,195.0
XGBoost,2825,2006-10-31 07:00:00,215,200.58
XGBoost,2825,2006-10-31 07:15:00,227,260.75
XGBoost,2825,2006-10-31 07:30:00,298,299.19
XGBoost,2825,2006-10-31 07:45:00,347,353.86
XGBoost,2825,2006-10-31 08:00:00,355,365.72
XGBoost,2825,2006-10-31 08:15:00,424,376.55
XGBoost,2825,2006-10-31 08:30:00,421,405.81
XGBoost,2825,2006-10-31 08:45:00,311,410.77
XGBoost,2825,2006-10-31 09:00:00,252,330.71
XGBoost,2825,2006-10-31 09:15:00,218,245.86
XGBoost,2825,2006-10-31 09:30:00,204,211.59
XGBoost,2825,2006-10-31 09:45:00,196,196.88
XGBoost,2825,2006-10-31 10:00:00,194,194.65
XGBoost,2825,2006-10-31 10:15:00,198,182.86
XGBoost,2825,2006-10-31 10:30:00,189,200.16
XGBoost,2825,2006-10-31 10:45:00,173,188.09
XGBoost,2825,2006-10-31 11:00:00,189,160.68
XGBoost,2825,2006-10-31 11:15:00,191,175.22
XGBoost,2825,2006-10-31 11:30:00,196,180.01
XGBoost,2825,2006-10-31 11:45:00,184,196.75
XGBoost,2825,2006-10-31 12:00:00,175,178.37
XGBoost,2825,2006-10-31 12:15:00,171,176.24
XGBoost,2825,2006-10-31 12:30:00,181,179.84
XGBoost,2825,2006-10-31 12:45:00,176,179.94
XGBoost,2825,2006-10-31 13:00:00,203,184.13
XGBoost,2825,2006-10-31 13:15:00,173,196.04
XGBoost,2825,2006-10-31 13:30:00,208,194.57
XGBoost,2825,2006-10-31 13:45:00,180,190.63
XGBoost,2825,2006-10-31 14:00:00,194,198.2
XGBoost,2825,2006-10-31 14:15:00,208,194.2
XGBoost,2825,2006-10-31 14:30:00,195,209.21
XGBoost,2825,2006-10-31 14:45:00,233,211.69
XGBoost,2825,2006-10-31 15:00:00,233,228.76
XGBoost,2825,2006-10-31 15:15:00,251,251.61
XGBoost,2825,2006-10-31 15:30:00,294,266.16
XGBoost,2825,2006-10-31 15:45:00,279,287.96
XGBoost,2825,2006-10-31 16:00:00,272,297.42
XGBoost,2825,2006-10-31 16:15:00,285,281.41
XGBoost,2825,2006-10-31 16:30:00,268,291.78
XGBoost,2825,2006-10-31 16:45:00,315,283.93
XGBoost,2825,2006-10-31 17:00:00,301,313.32
XGBoost,2825,2006-10-31 17:15:00,340,336.56
XGBoost,2825,2006-10-31 17:30:00,309,343.03
XGBoost,2825,2006-10-31 17:45:00,347,341.71
XGBoost,2825,2006-10-31 18:00:00,324,318.4
XGBoost,2825,2006-10-31 18:15:00,311,307.5
XGBoost,2825,2006-10-31 18:30:00,274,278.27
XGBoost,2825,2006-10-31 18:45:00,268,253.96
XGBoost,2825,2006-10-31 19:00:00,209,231.32
XGBoost,2825,2006-10-31 19:15:00,200,194.1
XGBoost,2825,2006-10-31 19:30:00,141,175.57
XGBoost,2825,2006-10-31 19:45:00,145,139.77
XGBoost,2825,2006-10-31 20:00:00,123,137.78
XGBoost,2825,2006-10-31 20:15:00,131,121.34
XGBoost,2825,2006-10-31 20:30:00,134,123.45
XGBoost,2825,2006-10-31 20:45:00,136,129.86
XGBoost,2825,2006-10-31 21:00:00,126,123.95
XGBoost,2825,2006-10-31 21:15:00,140,118.49
XGBoost,2825,2006-10-31 21:30:00,95,129.19
XGBoost,2825,2006-10-31 21:45:00,103,103.43
XGBoost,2825,2006-10-31 22:00:00,115,96.11
XGBoost,2825,2006-10-31 22:15:00,83,99.22
XGBoost,2825,2006-10-31 22:30:00,83,79.52
XGBoost,2825,2006-10-31 22:45:00,82,73.16
XGBoost,2825,2006-10-31 23:00:00,51,69.71
XGBoost,2825,2006-10-31 23:15:00,47,51.26
XGBoost,2825,2006-10-31 23:30:00,38,44.95
XGBoost,2825,2006-10-31 23:45:00,41,40.13
XGBoost,2827,2006-10-27 12:00:00,642,622.96
XGBoost,2827,2006-10-27 12:15:00,710,652.52
XGBoost,2827,2006-10-27 12:30:00,650,663.03
XGBoost,2827,2006-10-27 12:45:00,591,650.54
XGBoost,2827,2006-10-27 13:00:00,663,630.53
XGBoost,2827,2006-10-27 13:15:00,604,674.88
XGBoost,2827,2006-10-27 13:30:00,657,653.81
XGBoost,2827,2006-10-27 13:45:00,599,665.71
XGBoost,2827,2006-10-27 14:00:00,613,652.82
XGBoost,2827,2006-10-27 14:15:00,689,647.84
XGBoost,2827,2006-10-27 14:30:00,740,702.21
XGBoost,2827,2006-10-27 14:45:00,733,727.62
XGBoost,2827,2006-10-27 15:00:00,790,769.45
XGBoost,2827,2006-10-27 15:15:00,982,845.37
XGBoost,2827,2006-10-27 15:30:00,990,965.65
XGBoost,2827,2006-10-27 15:45:00,991,999.09
XGBoost,2827,2006-10-27 16:00:00,1019,985.79
XGBoost,2827,2006-10-27 16:15:00,1008,1052.93
XGBoost,2827,2006-10-27 16:30:00,1061,1077.82
XGBoost,2827,2006-10-27 16:45:00,1054,1066.66
XGBoost,2827,2006-10-27 17:00:00,1108,1114.85
XGBoost,2827,2006-10-27 17:15:00,1134,1202.47
XGBoost,2827,2006-10-27 17:30:00,1211,1214.45
XGBoost,2827,2006-10-27 17:45:00,1132,1182.51
XGBoost,2827,2006-10-27 18:00:00,1231,1125.95
XGBoost,2827,2006-10-27 18:15:00,1163,1142.43
XGBoost,2827,2006-10-27 18:30:00,983,1076.99
XGBoost,2827,2006-10-27 18:45:00,865,888.28
XGBoost,2827,2006-10-27 19:00:00,821,804.01
XGBoost,2827,2006-10-27 19:15:00,783,732.82
XGBoost,2827,2006-10-27 19:30:00,609,695.39
XGBoost,2827,2006-10-27 19:45:00,559,573.46
XGBoost,2827,2006-10-27 20:00:00,456,502.57
XGBoost,2827,2006-10-27 20:15:00,479,442.67
XGBoost,2827,2006-10-27 20:30:00,372,443.65
XGBoost,2827,2006-10-27 20:45:00,404,386.83
XGBoost,2827,2006-10-27 21:00:00,391,408.16
XGBoost,2827,2006-10-27 21:15:00,361,399.99
XGBoost,2827,2006-10-27 21:30:00,359,367.31
XGBoost,2827,2006-10-27 21:45:00,321,368.18
XGBoost,2827,2006-10-27 22:00:00,383,345.07
XGBoost,2827,2006-10-27 22:15:00,361,358.59
XGBoost,2827,2006-10-27 22:30:00,335,356.84
XGBoost,2827,2006-10-27 22:45:00,343,315.85
XGBoost,2827,2006-10-27 23:00:00,326,312.51
XGBoost,2827,2006-10-27 23:15:00,310,304.49
XGBoost,2827,2006-10-27 23:30:00,265,282.53
XGBoost,2827,2006-10-27 23:45:00,252,240.01
XGBoost,2827,2006-10-28 00:00:00,245,223.62
XGBoost,2827,2006-10-28 00:15:00,209,214.68
XGBoost,2827,2006-10-28 00:30:00,196,188.56
XGBoost,2827,2006-10-28 00:45:00,155,176.44
XGBoost,2827,2006-10-28 01:00:00,145,145.15
XGBoost,2827,2006-10-28 01:15:00,104,126.29
XGBoost,2827,2006-10-28 01:30:00,124,101.54
XGBoost,2827,2006-10-28 01:45:00,119,101.27
XGBoost,2827,2006-10-28 02:00:00,80,106.21
XGBoost,2827,2006-10-28 02:15:00,81,80.88
XGBoost,2827,2006-10-28 02:30:00,63,74.11
XGBoost,2827,2006-10-28 02:45:00,71,63.27
XGBoost,2827,2006-10-28 03:00:00,53,62.41
XGBoost,2827,2006-10-28 03:15:00,70,54.49
XGBoost,2827,2006-10-28 03:30:00,47,59.81
XGBoost,2827,2006-10-28 03:45:00,53,49.14
XGBoost,2827,2006-10-28 04:00:00,49,50.49
XGBoost,2827,2006-10-28 04:15:00,48,49.44
XGBoost,2827,2006-10-28 04:30:00,67,46.67
XGBoost,2827,2006-10-28 04:45:00,55,63.45
XGBoost,2827,2006-10-28 05:00:00,80,70.91
XGBoost,2827,2006-10-28 05:15:00,80,86.24
XGBoost,2827,2006-10-28 05:30:00,118,101.34
XGBoost,2827,2006-10-28 05:45:00,123,140.24
XGBoost,2827,2006-10-28 06:00:00,148,157.65
XGBoost,2827,2006-10-28 06:15:00,204,190.96
XGBoost,2827,2006-10-28 06:30:00,221,241.61
XGBoost,2827,2006-10-28 06:45:00,210,249.66
XGBoost,2827,2006-10-28 07:00:00,201,256.14
XGBoost,2827,2006-10-28 07:15:00,256,249.41
XGBoost,2827,2006-10-28 07:30:00,337,299.05
XGBoost,2827,2006-10-28 07:45:00,346,373.45
XGBoost,2827,2006-10-28 08:00:00,381,389.97
XGBoost,2827,2006-10-28 08:15:00,461,429.82
XGBoost,2827,2006-10-28 08:30:00,485,525.46
XGBoost,2827,2006-10-28 08:45:00,559,549.03
XGBoost,2827,2006-10-28 09:00:00,529,572.21
XGBoost,2827,2006-10-28 09:15:00,587,574.58
XGBoost,2827,2006-10-28 09:30:00,609,614.08
XGBoost,2827,2006-10-28 09:45:00,534,609.18
XGBoost,2827,2006-10-28 10:00:00,635,595.84
XGBoost,2827,2006-10-28 10:15:00,598,620.38
XGBoost,2827,2006-10-28 10:30:00,607,637.11
XGBoost,2827,2006-10-28 10:45:00,694,638.82
XGBoost,2827,2006-10-28 11:00:00,692,670.16
XGBoost,2827,2006-10-28 11:15:00,765,690.69
XGBoost,2827,2006-10-28 11:30:00,761,715.87
XGBoost,2827,2006-10-28 11:45:00,669,740.55
XGBoost,2827,2006-10-28 12:00:00,799,708.25
XGBoost,2827,2006-10-28 12:15:00,776,764.61
XGBoost,2827,2006-10-28 12:30:00,773,772.9
XGBoost,2827,2006-10-28 12:45:00,766,750.69
XGBoost,2827,2006-10-28 13:00:00,778,754.51
XGBoost,2827,2006-10-28 13:15:00,720,744.15
XGBoost,2827,2006-10-28 13:30:00,696,729.68
XGBoost,2827,2006-10-28 13:45:00,629,682.54
XGBoost,2827,2006-10-28 14:00:00,704,654.69
XGBoost,2827,2006-10-28 14:15:00,686,692.29
XGBoost,2827,2006-10-28 14:30:00,714,702.94
XGBoost,2827,2006-10-28 14:45:00,678,699.48
XGBoost,2827,2006-10-28 15:00:00,686,688.59
XGBoost,2827,2006-10-28 15:15:00,712,693.56
XGBoost,2827,2006-10-28 15:30:00,694,715.05
XGBoost,2827,2006-10-28 15:45:00,732,698.54
XGBoost,2827,2006-10-28 16:00:00,716,725.69
XGBoost,2827,2006-10-28 16:15:00,701,734.77
XGBoost,2827,2006-10-28 16:30:00,660,712.04
XGBoost,2827,2006-10-28 16:45:00,706,688.09
XGBoost,2827,2006-10-28 17:00:00,765,705.93
XGBoost,2827,2006-10-28 17:15:00,801,742.18
XGBoost,2827,2006-10-28 17:30:00,744,804.44
XGBoost,2827,2006-10-28 17:45:00,750,761.52
XGBoost,2827,2006-10-28 18:00:00,775,729.08
XGBoost,2827,2006-10-28 18:15:00,706,741.74
XGBoost,2827,2006-10-28 18:30:00,692,710.51
XGBoost,2827,2006-10-28 18:45:00,623,678.11
XGBoost,2827,2006-10-28 19:00:00,546,592.6
XGBoost,2827,2006-10-28 19:15:00,498,542.05
XGBoost,2827,2006-10-28 19:30:00,444,482.22
XGBoost,2827,2006-10-28 19:45:00,322,417.42
XGBoost,2827,2006-10-28 20:00:00,382,368.99
XGBoost,2827,2006-10-28 20:15:00,317,338.85
XGBoost,2827,2006-10-28 20:30:00,317,324.33
XGBoost,2827,2006-10-28 20:45:00,266,307.61
XGBoost,2827,2006-10-28 21:00:00,331,288.64
XGBoost,2827,2006-10-28 21:15:00,283,312.15
XGBoost,2827,2006-10-28 21:30:00,319,296.51
XGBoost,2827,2006-10-28 21:45:00,327,298.63
XGBoost,2827,2006-10-28 22:00:00,360,324.52
XGBoost,2827,2006-10-28 22:15:00,345,344.01
XGBoost,2827,2006-10-28 22:30:00,331,348.53
XGBoost,2827,2006-10-28 22:45:00,320,335.68
XGBoost,2827,2006-10-28 23:00:00,347,321.98
XGBoost,2827,2006-10-28 23:15:00,327,325.77
XGBoost,2827,2006-10-28 23:30:00,332,310.05
XGBoost,2827,2006-10-28 23:45:00,305,302.23
XGBoost,2827,2006-10-29 00:00:00,315,288.84
XGBoost,2827,2006-10-29 00:15:00,285,283.93
XGBoost,2827,2006-10-29 00:30:00,237,261.59
XGBoost,2827,2006-10-29 00:45:00,227,212.58
XGBoost,2827,2006-10-29 01:00:00,215,194.5
XGBoost,2827,2006-10-29 01:15:00,180,184.57
XGBoost,2827,2006-10-29 01:30:00,167,166.31
XGBoost,2827,2006-10-29 01:45:00,64,150.94
XGBoost,2827,2006-10-29 02:00:00,54,86.87
XGBoost,2827,2006-10-29 02:15:00,49,60.86
XGBoost,2827,2006-10-29 02:30:00,49,57.41
XGBoost,2827,2006-10-29 02:45:00,134,48.53
XGBoost,2827,2006-10-29 03:00:00,124,98.88
XGBoost,2827,2006-10-29 03:15:00,121,109.07
XGBoost,2827,2006-10-29 03:30:00,90,107.04
XGBoost,2827,2006-10-29 03:45:00,82,111.06
XGBoost,2827,2006-10-29 04:00:00,98,91.6
XGBoost,2827,2006-10-29 04:15:00,105,104.65
XGBoost,2827,2006-10-29 04:30:00,87,111.86
XGBoost,2827,2006-10-29 04:45:00,66,85.38
XGBoost,2827,2006-10-29 05:00:00,75,75.68
XGBoost,2827,2006-10-29 05:15:00,84,78.85
XGBoost,2827,2006-10-29 05:30:00,73,88.19
XGBoost,2827,2006-10-29 05:45:00,89,81.39
XGBoost,2827,2006-10-29 06:00:00,76,90.18
XGBoost,2827,2006-10-29 06:15:00,90,85.74
XGBoost,2827,2006-10-29 06:30:00,114,96.91
XGBoost,2827,2006-10-29 06:45:00,106,129.97
XGBoost,2827,2006-10-29 07:00:00,135,117.72
XGBoost,2827,2006-10-29 07:15:00,141,147.04
XGBoost,2827,2006-10-29 07:30:00,143,161.69
XGBoost,2827,2006-10-29 07:45:00,147,162.45
XGBoost,2827,2006-10-29 08:00:00,174,175.14
XGBoost,2827,2006-10-29 08:15:00,236,204.26
XGBoost,2827,2006-10-29 08:30:00,202,260.02
XGBoost,2827,2006-10-29 08:45:00,275,257.83
XGBoost,2827,2006-10-29 09:00:00,295,310.31
XGBoost,2827,2006-10-29 09:15:00,325,337.58
XGBoost,2827,2006-10-29 09:30:00,360,371.24
XGBoost,2827,2006-10-29 09:45:00,457,384.86
XGBoost,2827,2006-10-29 10:00:00,439,457.17
XGBoost,2827,2006-10-29 10:15:00,471,477.19
XGBoost,2827,2006-10-29 10:30:00,506,486.2
XGBoost,2827,2006-10-29 10:45:00,497,522.12
XGBoost,2827,2006-10-29 11:00:00,529,517.58
XGBoost,2827,2006-10-29 11:15:00,509,546.67
XGBoost,2827,2006-10-29 11:30:00,565,547.89
XGBoost,2827,2006-10-29 11:45:00,627,559.38
XGBoost,2827,2006-10-29 12:00:00,639,625.52
XGBoost,2827,2006-10-29 12:15:00,641,633.62
XGBoost,2827,2006-10-29 12:30:00,680,641.36
XGBoost,2827,2006-10-29 12:45:00,687,670.53
XGBoost,2827,2006-10-29 13:00:00,665,669.42
XGBoost,2827,2006-10-29 13:15:00,627,655.49
XGBoost,2827,2006-10-29 13:30:00,630,639.89
XGBoost,2827,2006-10-29 13:45:00,612,628.04
XGBoost,2827,2006-10-29 14:00:00,639,613.9
XGBoost,2827,2006-10-29 14:15:00,594,621.6
XGBoost,2827,2006-10-29 14:30:00,590,604.61
XGBoost,2827,2006-10-29 14:45:00,641,597.62
XGBoost,2827,2006-10-29 15:00:00,690,627.36
XGBoost,2827,2006-10-29 15:15:00,702,672.43
XGBoost,2827,2006-10-29 15:30:00,682,683.52
XGBoost,2827,2006-10-29 15:45:00,648,681.82
XGBoost,2827,2006-10-29 16:00:00,678,664.55
XGBoost,2827,2006-10-29 16:15:00,726,669.95
XGBoost,2827,2006-10-29 16:30:00,715,681.77
XGBoost,2827,2006-10-29 16:45:00,730,693.87
XGBoost,2827,2006-10-29 17:00:00,727,709.27
XGBoost,2827,2006-10-29 17:15:00,794,724.38
XGBoost,2827,2006-10-29 17:30:00,742,740.93
XGBoost,2827,2006-10-29 17:45:00,677,730.63
XGBoost,2827,2006-10-29 18:00:00,692,657.45
XGBoost,2827,2006-10-29 18:15:00,651,652.66
XGBoost,2827,2006-10-29 18:30:00,602,618.61
XGBoost,2827,2006-10-29 18:45:00,512,569.0
XGBoost,2827,2006-10-29 19:00:00,463,475.5
XGBoost,2827,2006-10-29 19:15:00,421,416.21
XGBoost,2827,2006-10-29 19:30:00,413,378.12
XGBoost,2827,2006-10-29 19:45:00,331,345.18
XGBoost,2827,2006-10-29 20:00:00,364,333.26
XGBoost,2827,2006-10-29 20:15:00,381,322.01
XGBoost,2827,2006-10-29 20:30:00,398,335.53
XGBoost,2827,2006-10-29 20:45:00,336,329.98
XGBoost,2827,2006-10-29 21:00:00,335,336.35
XGBoost,2827,2006-10-29 21:15:00,314,299.98
XGBoost,2827,2006-10-29 21:30:00,333,301.19
XGBoost,2827,2006-10-29 21:45:00,307,305.15
XGBoost,2827,2006-10-29 22:00:00,300,295.89
XGBoost,2827,2006-10-29 22:15:00,307,279.96
XGBoost,2827,2006-10-29 22:30:00,261,281.92
XGBoost,2827,2006-10-29 22:45:00,206,255.65
XGBoost,2827,2006-10-29 23:00:00,230,199.86
XGBoost,2827,2006-10-29 23:15:00,175,202.52
XGBoost,2827,2006-10-29 23:30:00,155,170.97
XGBoost,2827,2006-10-29 23:45:00,131,139.7
XGBoost,2827,2006-10-30 00:00:00,135,121.34
XGBoost,2827,2006-10-30 00:15:00,104,122.62
XGBoost,2827,2006-10-30 00:30:00,76,99.69
XGBoost,2827,2006-10-30 00:45:00,69,67.55
XGBoost,2827,2006-10-30 01:00:00,47,57.69
XGBoost,2827,2006-10-30 01:15:00,56,44.94
XGBoost,2827,2006-10-30 01:30:00,43,42.86
XGBoost,2827,2006-10-30 01:45:00,33,36.64
XGBoost,2827,2006-10-30 02:00:00,35,32.62
XGBoost,2827,2006-10-30 02:15:00,29,32.01
XGBoost,2827,2006-10-30 02:30:00,28,27.85
XGBoost,2827,2006-10-30 02:45:00,21,28.43
XGBoost,2827,2006-10-30 03:00:00,26,24.19
XGBoost,2827,2006-10-30 03:15:00,26,25.43
XGBoost,2827,2006-10-30 03:30:00,23,25.78
XGBoost,2827,2006-10-30 03:45:00,29,24.68
XGBoost,2827,2006-10-30 04:00:00,31,37.08
XGBoost,2827,2006-10-30 04:15:00,30,40.99
XGBoost,2827,2006-10-30 04:30:00,48,38.12
XGBoost,2827,2006-10-30 04:45:00,91,54.42
XGBoost,2827,2006-10-30 05:00:00,60,113.95
XGBoost,2827,2006-10-30 05:15:00,89,109.89
XGBoost,2827,2006-10-30 05:30:00,128,117.62
XGBoost,2827,2006-10-30 05:45:00,182,172.97
XGBoost,2827,2006-10-30 06:00:00,255,234.24
XGBoost,2827,2006-10-30 06:15:00,407,349.38
XGBoost,2827,2006-10-30 06:30:00,561,514.71
XGBoost,2827,2006-10-30 06:45:00,538,610.2
XGBoost,2827,2006-10-30 07:00:00,646,696.77
XGBoost,2827,2006-10-30 07:15:00,747,743.31
XGBoost,2827,2006-10-30 07:30:00,788,821.48
XGBoost,2827,2006-10-30 07:45:00,881,820.09
XGBoost,2827,2006-10-30 08:00:00,924,873.06
XGBoost,2827,2006-10-30 08:15:00,867,891.77
XGBoost,2827,2006-10-30 08:30:00,910,858.14
XGBoost,2827,2006-10-30 08:45:00,837,864.1
XGBoost,2827,2006-10-30 09:00:00,701,711.92
XGBoost,2827,2006-10-30 09:15:00,630,663.22
XGBoost,2827,2006-10-30 09:30:00,640,589.65
XGBoost,2827,2006-10-30 09:45:00,588,578.58
XGBoost,2827,2006-10-30 10:00:00,542,579.8
XGBoost,2827,2006-10-30 10:15:00,573,531.48
XGBoost,2827,2006-10-30 10:30:00,597,554.29
XGBoost,2827,2006-10-30 10:45:00,543,557.22
XGBoost,2827,2006-10-30 11:00:00,545,556.32
XGBoost,2827,2006-10-30 11:15:00,533,542.31
XGBoost,2827,2006-10-30 11:30:00,574,558.71
XGBoost,2827,2006-10-30 11:45:00,598,588.47
XGBoost,2827,2006-10-30 12:00:00,600,589.3
XGBoost,2827,2006-10-30 12:15:00,545,602.52
XGBoost,2827,2006-10-30 12:30:00,605,588.31
XGBoost,2827,2006-10-30 12:45:00,566,610.13
XGBoost,2827,2006-10-30 13:00:00,589,593.15
XGBoost,2827,2006-10-30 13:15:00,594,587.82
XGBoost,2827,2006-10-30 13:30:00,649,598.78
XGBoost,2827,2006-10-30 13:45:00,641,614.8
XGBoost,2827,2006-10-30 14:00:00,619,650.62
XGBoost,2827,2006-10-30 14:15:00,620,636.38
XGBoost,2827,2006-10-30 14:30:00,679,634.4
XGBoost,2827,2006-10-30 14:45:00,741,669.09
XGBoost,2827,2006-10-30 15:00:00,754,752.91
XGBoost,2827,2006-10-30 15:15:00,856,773.33
XGBoost,2827,2006-10-30 15:30:00,925,828.17
XGBoost,2827,2006-10-30 15:45:00,966,903.31
XGBoost,2827,2006-10-30 16:00:00,1039,934.87
XGBoost,2827,2006-10-30 16:15:00,1027,1018.95
XGBoost,2827,2006-10-30 16:30:00,1074,1034.05
XGBoost,2827,2006-10-30 16:45:00,1108,1086.96
XGBoost,2827,2006-10-30 17:00:00,1148,1176.68
XGBoost,2827,2006-10-30 17:15:00,1247,1201.26
XGBoost,2827,2006-10-30 17:30:00,1228,1244.7
XGBoost,2827,2006-10-30 17:45:00,1142,1248.34
XGBoost,2827,2006-10-30 18:00:00,1206,1084.9
XGBoost,2827,2006-10-30 18:15:00,1115,1064.46
XGBoost,2827,2006-10-30 18:30:00,1022,1005.25
XGBoost,2827,2006-10-30 18:45:00,887,867.98
XGBoost,2827,2006-10-30 19:00:00,720,785.32
XGBoost,2827,2006-10-30 19:15:00,629,647.75
XGBoost,2827,2006-10-30 19:30:00,623,577.95
XGBoost,2827,2006-10-30 19:45:00,471,535.44
XGBoost,2827,2006-10-30 20:00:00,433,442.85
XGBoost,2827,2006-10-30 20:15:00,401,411.4
XGBoost,2827,2006-10-30 20:30:00,377,401.42
XGBoost,2827,2006-10-30 20:45:00,407,360.65
XGBoost,2827,2006-10-30 21:00:00,368,387.62
XGBoost,2827,2006-10-30 21:15:00,373,359.25
XGBoost,2827,2006-10-30 21:30:00,318,359.99
XGBoost,2827,2006-10-30 21:45:00,295,323.34
XGBoost,2827,2006-10-30 22:00:00,305,293.96
XGBoost,2827,2006-10-30 22:15:00,270,296.24
XGBoost,2827,2006-10-30 22:30:00,231,262.7
XGBoost,2827,2006-10-30 22:45:00,214,220.7
XGBoost,2827,2006-10-30 23:00:00,164,205.53
XGBoost,2827,2006-10-30 23:15:00,163,157.78
XGBoost,2827,2006-10-30 23:30:00,153,143.54
XGBoost,2827,2006-10-30 23:45:00,118,129.15
XGBoost,2827,2006-10-31 00:00:00,88,116.49
XGBoost,2827,2006-10-31 00:15:00,85,82.8
XGBoost,2827,2006-10-31 00:30:00,70,69.7
XGBoost,2827,2006-10-31 00:45:00,54,58.38
XGBoost,2827,2006-10-31 01:00:00,61,46.38
XGBoost,2827,2006-10-31 01:15:00,34,47.44
XGBoost,2827,2006-10-31 01:30:00,41,35.07
XGBoost,2827,2006-10-31 01:45:00,26,32.1
XGBoost,2827,2006-10-31 02:00:00,31,29.7
XGBoost,2827,2006-10-31 02:15:00,27,26.24
XGBoost,2827,2006-10-31 02:30:00,27,26.43
XGBoost,2827,2006-10-31 02:45:00,29,23.17
XGBoost,2827,2006-10-31 03:00:00,32,26.76
XGBoost,2827,2006-10-31 03:15:00,31,29.25
XGBoost,2827,2006-10-31 03:30:00,22,27.73
XGBoost,2827,2006-10-31 03:45:00,39,24.92
XGBoost,2827,2006-10-31 04:00:00,30,39.82
XGBoost,2827,2006-10-31 04:15:00,31,35.23
XGBoost,2827,2006-10-31 04:30:00,47,39.05
XGBoost,2827,2006-10-31 04:45:00,82,55.83
XGBoost,2827,2006-10-31 05:00:00,70,97.61
XGBoost,2827,2006-10-31 05:15:00,102,114.86
XGBoost,2827,2006-10-31 05:30:00,118,141.0
XGBoost,2827,2006-10-31 05:45:00,165,177.78
XGBoost,2827,2006-10-31 06:00:00,283,242.08
XGBoost,2827,2006-10-31 06:15:00,391,376.54
XGBoost,2827,2006-10-31 06:30:00,548,555.46
XGBoost,2827,2006-10-31 06:45:00,575,596.46
XGBoost,2827,2006-10-31 07:00:00,639,679.91
XGBoost,2827,2006-10-31 07:15:00,807,744.74
XGBoost,2827,2006-10-31 07:30:00,823,835.48
XGBoost,2827,2006-10-31 07:45:00,880,878.76
XGBoost,2827,2006-10-31 08:00:00,847,909.69
XGBoost,2827,2006-10-31 08:15:00,884,852.69
XGBoost,2827,2006-10-31 08:30:00,859,893.46
XGBoost,2827,2006-10-31 08:45:00,843,831.27
XGBoost,2827,2006-10-31 09:00:00,783,742.95
XGBoost,2827,2006-10-31 09:15:00,731,716.5
XGBoost,2827,2006-10-31 09:30:00,668,680.57
XGBoost,2827,2006-10-31 09:45:00,588,620.97
XGBoost,2827,2006-10-31 10:00:00,568,583.72
XGBoost,2827,2006-10-31 10:15:00,592,593.2
XGBoost,2827,2006-10-31 10:30:00,548,587.4
XGBoost,2827,2006-10-31 10:45:00,531,553.91
XGBoost,2827,2006-10-31 11:00:00,521,552.86
XGBoost,2827,2006-10-31 11:15:00,536,542.47
XGBoost,2827,2006-10-31 11:30:00,602,551.71
XGBoost,2827,2006-10-31 11:45:00,569,587.27
XGBoost,2827,2006-10-31 12:00:00,608,590.41
XGBoost,2827,2006-10-31 12:15:00,622,578.33
XGBoost,2827,2006-10-31 12:30:00,619,606.73
XGBoost,2827,2006-10-31 12:45:00,619,596.67
XGBoost,2827,2006-10-31 13:00:00,605,604.41
XGBoost,2827,2006-10-31 13:15:00,572,601.15
XGBoost,2827,2006-10-31 13:30:00,581,615.08
XGBoost,2827,2006-10-31 13:45:00,634,606.47
XGBoost,2827,2006-10-31 14:00:00,581,624.46
XGBoost,2827,2006-10-31 14:15:00,676,621.57
XGBoost,2827,2006-10-31 14:30:00,656,673.54
XGBoost,2827,2006-10-31 14:45:00,697,699.64
XGBoost,2827,2006-10-31 15:00:00,775,739.59
XGBoost,2827,2006-10-31 15:15:00,921,817.88
XGBoost,2827,2006-10-31 15:30:00,987,904.85
XGBoost,2827,2006-10-31 15:45:00,1066,988.92
XGBoost,2827,2006-10-31 16:00:00,1054,1029.16
XGBoost,2827,2006-10-31 16:15:00,1032,1058.83
XGBoost,2827,2006-10-31 16:30:00,1109,1071.46
XGBoost,2827,2006-10-31 16:45:00,1101,1169.23
XGBoost,2827,2006-10-31 17:00:00,1164,1190.12
XGBoost,2827,2006-10-31 17:15:00,1168,1227.71
XGBoost,2827,2006-10-31 17:30:00,1183,1238.83
XGBoost,2827,2006-10-31 17:45:00,1104,1207.05
XGBoost,2827,2006-10-31 18:00:00,1204,1147.13
XGBoost,2827,2006-10-31 18:15:00,1116,1147.13
XGBoost,2827,2006-10-31 18:30:00,953,1063.58
XGBoost,2827,2006-10-31 18:45:00,903,887.82
XGBoost,2827,2006-10-31 19:00:00,778,803.34
XGBoost,2827,2006-10-31 19:15:00,730,701.79
XGBoost,2827,2006-10-31 19:30:00,601,642.77
XGBoost,2827,2006-10-31 19:45:00,577,542.16
XGBoost,2827,2006-10-31 20:00:00,481,514.38
XGBoost,2827,2006-10-31 20:15:00,483,452.58
XGBoost,2827,2006-10-31 20:30:00,411,434.59
XGBoost,2827,2006-10-31 20:45:00,373,407.44
XGBoost,2827,2006-10-31 21:00:00,379,398.15
XGBoost,2827,2006-10-31 21:15:00,418,393.37
XGBoost,2827,2006-10-31 21:30:00,387,383.41
XGBoost,2827,2006-10-31 21:45:00,394,370.11
XGBoost,2827,2006-10-31 22:00:00,333,359.38
XGBoost,2827,2006-10-31 22:15:00,333,315.1
XGBoost,2827,2006-10-31 22:30:00,325,291.72
XGBoost,2827,2006-10-31 22:45:00,297,288.84
XGBoost,2827,2006-10-31 23:00:00,217,262.89
XGBoost,2827,2006-10-31 23:15:00,190,206.11
XGBoost,2827,2006-10-31 23:30:00,163,167.4
XGBoost,2827,2006-10-31 23:45:00,141,138.99
XGBoost,2846,2006-10-27 12:00:00,394,419.02
XGBoost,2846,2006-10-27 12:15:00,377,404.66
XGBoost,2846,2006-10-27 12:30:00,394,387.9
XGBoost,2846,2006-10-27 12:45:00,360,383.05
XGBoost,2846,2006-10-27 13:00:00,338,374.13
XGBoost,2846,2006-10-27 13:15:00,383,361.34
XGBoost,2846,2006-10-27 13:30:00,392,370.25
XGBoost,2846,2006-10-27 13:45:00,398,390.09
XGBoost,2846,2006-10-27 14:00:00,348,384.2
XGBoost,2846,2006-10-27 14:15:00,434,376.28
XGBoost,2846,2006-10-27 14:30:00,387,409.29
XGBoost,2846,2006-10-27 14:45:00,442,408.61
XGBoost,2846,2006-10-27 15:00:00,458,460.94
XGBoost,2846,2006-10-27 15:15:00,553,485.47
XGBoost,2846,2006-10-27 15:30:00,506,555.62
XGBoost,2846,2006-10-27 15:45:00,526,522.1
XGBoost,2846,2006-10-27 16:00:00,589,549.07
XGBoost,2846,2006-10-27 16:15:00,596,585.92
XGBoost,2846,2006-10-27 16:30:00,626,584.46
XGBoost,2846,2006-10-27 16:45:00,587,605.81
XGBoost,2846,2006-10-27 17:00:00,632,627.15
XGBoost,2846,2006-10-27 17:15:00,663,645.33
XGBoost,2846,2006-10-27 17:30:00,706,694.48
XGBoost,2846,2006-10-27 17:45:00,734,691.21
XGBoost,2846,2006-10-27 18:00:00,639,684.27
XGBoost,2846,2006-10-27 18:15:00,643,627.27
XGBoost,2846,2006-10-27 18:30:00,539,628.65
XGBoost,2846,2006-10-27 18:45:00,500,532.85
XGBoost,2846,2006-10-27 19:00:00,443,444.12
XGBoost,2846,2006-10-27 19:15:00,437,426.07
XGBoost,2846,2006-10-27 19:30:00,349,384.77
XGBoost,2846,2006-10-27 19:45:00,304,320.16
XGBoost,2846,2006-10-27 20:00:00,287,302.48
XGBoost,2846,2006-10-27 20:15:00,252,274.21
XGBoost,2846,2006-10-27 20:30:00,259,242.16
XGBoost,2846,2006-10-27 20:45:00,207,246.43
XGBoost,2846,2006-10-27 21:00:00,186,219.71
XGBoost,2846,2006-10-27 21:15:00,195,213.62
XGBoost,2846,2006-10-27 21:30:00,203,214.49
XGBoost,2846,2006-10-27 21:45:00,169,205.88
XGBoost,2846,2006-10-27 22:00:00,185,183.03
XGBoost,2846,2006-10-27 22:15:00,178,177.77
XGBoost,2846,2006-10-27 22:30:00,182,172.66
XGBoost,2846,2006-10-27 22:45:00,174,171.98
XGBoost,2846,2006-10-27 23:00:00,185,158.99
XGBoost,2846,2006-10-27 23:15:00,174,165.56
XGBoost,2846,2006-10-27 23:30:00,145,156.84
XGBoost,2846,2006-10-27 23:45:00,143,133.38
XGBoost,2846,2006-10-28 00:00:00,137,124.94
XGBoost,2846,2006-10-28 00:15:00,126,119.0
XGBoost,2846,2006-10-28 00:30:00,105,110.82
XGBoost,2846,2006-10-28 00:45:00,88,93.48
XGBoost,2846,2006-10-28 01:00:00,68,80.61
XGBoost,2846,2006-10-28 01:15:00,60,64.27
XGBoost,2846,2006-10-28 01:30:00,59,52.74
XGBoost,2846,2006-10-28 01:45:00,48,50.37
XGBoost,2846,2006-10-28 02:00:00,50,46.17
XGBoost,2846,2006-10-28 02:15:00,50,41.78
XGBoost,2846,2006-10-28 02:30:00,47,42.54
XGBoost,2846,2006-10-28 02:45:00,35,40.65
XGBoost,2846,2006-10-28 03:00:00,43,32.21
XGBoost,2846,2006-10-28 03:15:00,31,33.87
XGBoost,2846,2006-10-28 03:30:00,21,31.59
XGBoost,2846,2006-10-28 03:45:00,25,22.41
XGBoost,2846,2006-10-28 04:00:00,21,22.79
XGBoost,2846,2006-10-28 04:15:00,31,24.66
XGBoost,2846,2006-10-28 04:30:00,23,29.71
XGBoost,2846,2006-10-28 04:45:00,22,26.36
XGBoost,2846,2006-10-28 05:00:00,35,29.17
XGBoost,2846,2006-10-28 05:15:00,28,41.5
XGBoost,2846,2006-10-28 05:30:00,53,41.63
XGBoost,2846,2006-10-28 05:45:00,65,69.52
XGBoost,2846,2006-10-28 06:00:00,50,80.99
XGBoost,2846,2006-10-28 06:15:00,86,75.04
XGBoost,2846,2006-10-28 06:30:00,121,111.56
XGBoost,2846,2006-10-28 06:45:00,124,153.77
XGBoost,2846,2006-10-28 07:00:00,109,140.25
XGBoost,2846,2006-10-28 07:15:00,134,138.88
XGBoost,2846,2006-10-28 07:30:00,146,176.75
XGBoost,2846,2006-10-28 07:45:00,206,182.42
XGBoost,2846,2006-10-28 08:00:00,226,238.87
XGBoost,2846,2006-10-28 08:15:00,258,265.42
XGBoost,2846,2006-10-28 08:30:00,321,297.52
XGBoost,2846,2006-10-28 08:45:00,362,358.83
XGBoost,2846,2006-10-28 09:00:00,328,373.35
XGBoost,2846,2006-10-28 09:15:00,382,361.1
XGBoost,2846,2006-10-28 09:30:00,337,388.55
XGBoost,2846,2006-10-28 09:45:00,436,376.74
XGBoost,2846,2006-10-28 10:00:00,366,399.4
XGBoost,2846,2006-10-28 10:15:00,405,403.81
XGBoost,2846,2006-10-28 10:30:00,439,394.97
XGBoost,2846,2006-10-28 10:45:00,449,437.11
XGBoost,2846,2006-10-28 11:00:00,427,441.68
XGBoost,2846,2006-10-28 11:15:00,422,433.07
XGBoost,2846,2006-10-28 11:30:00,451,435.98
XGBoost,2846,2006-10-28 11:45:00,465,458.14
XGBoost,2846,2006-10-28 12:00:00,439,452.14
XGBoost,2846,2006-10-28 12:15:00,451,446.15
XGBoost,2846,2006-10-28 12:30:00,391,447.33
XGBoost,2846,2006-10-28 12:45:00,447,411.72
XGBoost,2846,2006-10-28 13:00:00,420,421.46
XGBoost,2846,2006-10-28 13:15:00,407,419.67
XGBoost,2846,2006-10-28 13:30:00,397,402.59
XGBoost,2846,2006-10-28 13:45:00,410,396.29
XGBoost,2846,2006-10-28 14:00:00,375,384.44
XGBoost,2846,2006-10-28 14:15:00,387,390.83
XGBoost,2846,2006-10-28 14:30:00,426,379.72
XGBoost,2846,2006-10-28 14:45:00,404,408.64
XGBoost,2846,2006-10-28 15:00:00,369,417.53
XGBoost,2846,2006-10-28 15:15:00,408,391.64
XGBoost,2846,2006-10-28 15:30:00,384,404.04
XGBoost,2846,2006-10-28 15:45:00,397,398.54
XGBoost,2846,2006-10-28 16:00:00,407,393.71
XGBoost,2846,2006-10-28 16:15:00,364,407.02
XGBoost,2846,2006-10-28 16:30:00,379,396.64
XGBoost,2846,2006-10-28 16:45:00,431,382.51
XGBoost,2846,2006-10-28 17:00:00,415,441.32
XGBoost,2846,2006-10-28 17:15:00,449,439.51
XGBoost,2846,2006-10-28 17:30:00,395,479.92
XGBoost,2846,2006-10-28 17:45:00,399,428.42
XGBoost,2846,2006-10-28 18:00:00,393,395.75
XGBoost,2846,2006-10-28 18:15:00,413,397.02
XGBoost,2846,2006-10-28 18:30:00,380,389.8
XGBoost,2846,2006-10-28 18:45:00,387,367.93
XGBoost,2846,2006-10-28 19:00:00,380,352.83
XGBoost,2846,2006-10-28 19:15:00,352,346.9
XGBoost,2846,2006-10-28 19:30:00,298,319.8
XGBoost,2846,2006-10-28 19:45:00,302,278.62
XGBoost,2846,2006-10-28 20:00:00,224,280.08
XGBoost,2846,2006-10-28 20:15:00,197,230.82
XGBoost,2846,2006-10-28 20:30:00,194,207.15
XGBoost,2846,2006-10-28 20:45:00,185,187.99
XGBoost,2846,2006-10-28 21:00:00,191,182.54
XGBoost,2846,2006-10-28 21:15:00,156,184.31
XGBoost,2846,2006-10-28 21:30:00,152,163.98
XGBoost,2846,2006-10-28 21:45:00,178,152.96
XGBoost,2846,2006-10-28 22:00:00,171,173.08
XGBoost,2846,2006-10-28 22:15:00,157,177.32
XGBoost,2846,2006-10-28 22:30:00,167,168.25
XGBoost,2846,2006-10-28 22:45:00,157,167.62
XGBoost,2846,2006-10-28 23:00:00,171,165.07
XGBoost,2846,2006-10-28 23:15:00,162,172.18
XGBoost,2846,2006-10-28 23:30:00,191,157.61
XGBoost,2846,2006-10-28 23:45:00,184,174.8
XGBoost,2846,2006-10-29 00:00:00,169,164.66
XGBoost,2846,2006-10-29 00:15:00,153,151.23
XGBoost,2846,2006-10-29 00:30:00,129,135.85
XGBoost,2846,2006-10-29 00:45:00,100,117.27
XGBoost,2846,2006-10-29 01:00:00,103,93.59
XGBoost,2846,2006-10-29 01:15:00,81,88.17
XGBoost,2846,2006-10-29 01:30:00,78,75.13
XGBoost,2846,2006-10-29 01:45:00,0,69.06
XGBoost,2846,2006-10-29 02:00:00,0,41.09
XGBoost,2846,2006-10-29 02:15:00,0,21.87
XGBoost,2846,2006-10-29 02:30:00,0,19.81
XGBoost,2846,2006-10-29 02:45:00,59,14.42
XGBoost,2846,2006-10-29 03:00:00,76,39.94
XGBoost,2846,2006-10-29 03:15:00,63,58.72
XGBoost,2846,2006-10-29 03:30:00,55,55.89
XGBoost,2846,2006-10-29 03:45:00,48,58.89
XGBoost,2846,2006-10-29 04:00:00,42,48.4
XGBoost,2846,2006-10-29 04:15:00,57,44.17
XGBoost,2846,2006-10-29 04:30:00,26,50.61
XGBoost,2846,2006-10-29 04:45:00,37,32.63
XGBoost,2846,2006-10-29 05:00:00,40,39.87
XGBoost,2846,2006-10-29 05:15:00,51,41.88
XGBoost,2846,2006-10-29 05:30:00,43,52.13
XGBoost,2846,2006-10-29 05:45:00,42,52.53
XGBoost,2846,2006-10-29 06:00:00,47,51.06
XGBoost,2846,2006-10-29 06:15:00,65,60.56
XGBoost,2846,2006-10-29 06:30:00,57,76.72
XGBoost,2846,2006-10-29 06:45:00,72,74.62
XGBoost,2846,2006-10-29 07:00:00,52,74.89
XGBoost,2846,2006-10-29 07:15:00,79,62.3
XGBoost,2846,2006-10-29 07:30:00,90,83.82
XGBoost,2846,2006-10-29 07:45:00,89,100.53
XGBoost,2846,2006-10-29 08:00:00,104,104.72
XGBoost,2846,2006-10-29 08:15:00,114,118.79
XGBoost,2846,2006-10-29 08:30:00,121,132.67
XGBoost,2846,2006-10-29 08:45:00,147,144.04
XGBoost,2846,2006-10-29 09:00:00,152,165.69
XGBoost,2846,2006-10-29 09:15:00,188,177.32
XGBoost,2846,2006-10-29 09:30:00,204,195.86
XGBoost,2846,2006-10-29 09:45:00,270,235.82
XGBoost,2846,2006-10-29 10:00:00,226,280.32
XGBoost,2846,2006-10-29 10:15:00,297,257.99
XGBoost,2846,2006-10-29 10:30:00,285,316.42
XGBoost,2846,2006-10-29 10:45:00,269,316.77
XGBoost,2846,2006-10-29 11:00:00,307,286.28
XGBoost,2846,2006-10-29 11:15:00,351,316.2
XGBoost,2846,2006-10-29 11:30:00,290,357.26
XGBoost,2846,2006-10-29 11:45:00,409,325.33
XGBoost,2846,2006-10-29 12:00:00,353,370.51
XGBoost,2846,2006-10-29 12:15:00,378,371.4
XGBoost,2846,2006-10-29 12:30:00,378,368.07
XGBoost,2846,2006-10-29 12:45:00,361,378.99
XGBoost,2846,2006-10-29 13:00:00,319,358.52
XGBoost,2846,2006-10-29 13:15:00,373,334.49
XGBoost,2846,2006-10-29 13:30:00,325,351.15
XGBoost,2846,2006-10-29 13:45:00,344,335.78
XGBoost,2846,2006-10-29 14:00:00,319,335.21
XGBoost,2846,2006-10-29 14:15:00,352,330.5
XGBoost,2846,2006-10-29 14:30:00,358,340.89
XGBoost,2846,2006-10-29 14:45:00,372,352.99
XGBoost,2846,2006-10-29 15:00:00,367,364.84
XGBoost,2846,2006-10-29 15:15:00,349,365.0
XGBoost,2846,2006-10-29 15:30:00,352,354.26
XGBoost,2846,2006-10-29 15:45:00,365,353.59
XGBoost,2846,2006-10-29 16:00:00,374,359.51
XGBoost,2846,2006-10-29 16:15:00,370,365.55
XGBoost,2846,2006-10-29 16:30:00,361,362.82
XGBoost,2846,2006-10-29 16:45:00,416,361.46
XGBoost,2846,2006-10-29 17:00:00,392,377.7
XGBoost,2846,2006-10-29 17:15:00,393,389.87
XGBoost,2846,2006-10-29 17:30:00,386,375.8
XGBoost,2846,2006-10-29 17:45:00,400,376.46
XGBoost,2846,2006-10-29 18:00:00,351,366.51
XGBoost,2846,2006-10-29 18:15:00,293,339.72
XGBoost,2846,2006-10-29 18:30:00,277,294.26
XGBoost,2846,2006-10-29 18:45:00,282,265.78
XGBoost,2846,2006-10-29 19:00:00,269,247.18
XGBoost,2846,2006-10-29 19:15:00,251,239.65
XGBoost,2846,2006-10-29 19:30:00,185,219.64
XGBoost,2846,2006-10-29 19:45:00,214,187.0
XGBoost,2846,2006-10-29 20:00:00,201,192.14
XGBoost,2846,2006-10-29 20:15:00,157,190.11
XGBoost,2846,2006-10-29 20:30:00,182,165.48
XGBoost,2846,2006-10-29 20:45:00,182,164.33
XGBoost,2846,2006-10-29 21:00:00,178,170.74
XGBoost,2846,2006-10-29 21:15:00,141,161.89
XGBoost,2846,2006-10-29 21:30:00,167,138.53
XGBoost,2846,2006-10-29 21:45:00,144,152.92
XGBoost,2846,2006-10-29 22:00:00,153,135.91
XGBoost,2846,2006-10-29 22:15:00,137,136.8
XGBoost,2846,2006-10-29 22:30:00,116,130.97
XGBoost,2846,2006-10-29 22:45:00,104,112.69
XGBoost,2846,2006-10-29 23:00:00,80,91.95
XGBoost,2846,2006-10-29 23:15:00,81,75.04
XGBoost,2846,2006-10-29 23:30:00,71,70.77
XGBoost,2846,2006-10-29 23:45:00,56,65.23
XGBoost,2846,2006-10-30 00:00:00,39,48.12
XGBoost,2846,2006-10-30 00:15:00,46,37.05
XGBoost,2846,2006-10-30 00:30:00,34,36.96
XGBoost,2846,2006-10-30 00:45:00,29,30.59
XGBoost,2846,2006-10-30 01:00:00,30,26.28
XGBoost,2846,2006-10-30 01:15:00,35,25.17
XGBoost,2846,2006-10-30 01:30:00,24,28.18
XGBoost,2846,2006-10-30 01:45:00,16,19.69
XGBoost,2846,2006-10-30 02:00:00,22,15.75
XGBoost,2846,2006-10-30 02:15:00,13,16.74
XGBoost,2846,2006-10-30 02:30:00,10,13.8
XGBoost,2846,2006-10-30 02:45:00,8,13.27
XGBoost,2846,2006-10-30 03:00:00,5,13.89
XGBoost,2846,2006-10-30 03:15:00,8,12.97
XGBoost,2846,2006-10-30 03:30:00,16,12.09
XGBoost,2846,2006-10-30 03:45:00,19,13.19
XGBoost,2846,2006-10-30 04:00:00,15,22.31
XGBoost,2846,2006-10-30 04:15:00,16,23.4
XGBoost,2846,2006-10-30 04:30:00,18,20.59
XGBoost,2846,2006-10-30 04:45:00,30,24.83
XGBoost,2846,2006-10-30 05:00:00,23,38.16
XGBoost,2846,2006-10-30 05:15:00,50,39.8
XGBoost,2846,2006-10-30 05:30:00,69,56.12
XGBoost,2846,2006-10-30 05:45:00,106,77.15
XGBoost,2846,2006-10-30 06:00:00,128,127.82
XGBoost,2846,2006-10-30 06:15:00,154,176.8
XGBoost,2846,2006-10-30 06:30:00,284,218.76
XGBoost,2846,2006-10-30 06:45:00,370,334.23
XGBoost,2846,2006-10-30 07:00:00,433,456.68
XGBoost,2846,2006-10-30 07:15:00,575,554.86
XGBoost,2846,2006-10-30 07:30:00,663,659.81
XGBoost,2846,2006-10-30 07:45:00,784,760.59
XGBoost,2846,2006-10-30 08:00:00,755,789.85
XGBoost,2846,2006-10-30 08:15:00,758,767.42
XGBoost,2846,2006-10-30 08:30:00,678,730.66
XGBoost,2846,2006-10-30 08:45:00,591,666.37
XGBoost,2846,2006-10-30 09:00:00,503,514.51
XGBoost,2846,2006-10-30 09:15:00,458,456.5
XGBoost,2846,2006-10-30 09:30:00,433,423.44
XGBoost,2846,2006-10-30 09:45:00,392,411.57
XGBoost,2846,2006-10-30 10:00:00,349,372.74
XGBoost,2846,2006-10-30 10:15:00,345,344.19
XGBoost,2846,2006-10-30 10:30:00,355,329.22
XGBoost,2846,2006-10-30 10:45:00,343,333.72
XGBoost,2846,2006-10-30 11:00:00,354,339.5
XGBoost,2846,2006-10-30 11:15:00,380,358.44
XGBoost,2846,2006-10-30 11:30:00,344,356.43
XGBoost,2846,2006-10-30 11:45:00,388,371.15
XGBoost,2846,2006-10-30 12:00:00,349,368.84
XGBoost,2846,2006-10-30 12:15:00,363,364.64
XGBoost,2846,2006-10-30 12:30:00,347,360.59
XGBoost,2846,2006-10-30 12:45:00,277,357.45
XGBoost,2846,2006-10-30 13:00:00,272,311.19
XGBoost,2846,2006-10-30 13:15:00,343,315.58
XGBoost,2846,2006-10-30 13:30:00,317,327.51
XGBoost,2846,2006-10-30 13:45:00,443,334.27
XGBoost,2846,2006-10-30 14:00:00,370,405.67
XGBoost,2846,2006-10-30 14:15:00,375,399.27
XGBoost,2846,2006-10-30 14:30:00,348,389.98
XGBoost,2846,2006-10-30 14:45:00,399,374.15
XGBoost,2846,2006-10-30 15:00:00,466,410.98
XGBoost,2846,2006-10-30 15:15:00,483,463.42
XGBoost,2846,2006-10-30 15:30:00,519,498.89
XGBoost,2846,2006-10-30 15:45:00,515,515.84
XGBoost,2846,2006-10-30 16:00:00,537,507.66
XGBoost,2846,2006-10-30 16:15:00,568,528.34
XGBoost,2846,2006-10-30 16:30:00,555,558.24
XGBoost,2846,2006-10-30 16:45:00,603,557.9
XGBoost,2846,2006-10-30 17:00:00,621,599.58
XGBoost,2846,2006-10-30 17:15:00,639,624.83
XGBoost,2846,2006-10-30 17:30:00,720,634.47
XGBoost,2846,2006-10-30 17:45:00,600,695.73
XGBoost,2846,2006-10-30 18:00:00,696,561.32
XGBoost,2846,2006-10-30 18:15:00,654,611.59
XGBoost,2846,2006-10-30 18:30:00,556,601.63
XGBoost,2846,2006-10-30 18:45:00,448,518.37
XGBoost,2846,2006-10-30 19:00:00,420,413.15
XGBoost,2846,2006-10-30 19:15:00,341,380.1
XGBoost,2846,2006-10-30 19:30:00,275,297.39
XGBoost,2846,2006-10-30 19:45:00,276,256.08
XGBoost,2846,2006-10-30 20:00:00,222,251.93
XGBoost,2846,2006-10-30 20:15:00,237,218.58
XGBoost,2846,2006-10-30 20:30:00,191,221.17
XGBoost,2846,2006-10-30 20:45:00,184,194.03
XGBoost,2846,2006-10-30 21:00:00,198,187.25
XGBoost,2846,2006-10-30 21:15:00,171,176.91
XGBoost,2846,2006-10-30 21:30:00,172,173.94
XGBoost,2846,2006-10-30 21:45:00,171,160.88
XGBoost,2846,2006-10-30 22:00:00,159,158.91
XGBoost,2846,2006-10-30 22:15:00,138,142.92
XGBoost,2846,2006-10-30 22:30:00,127,126.65
XGBoost,2846,2006-10-30 22:45:00,107,115.61
XGBoost,2846,2006-10-30 23:00:00,104,85.74
XGBoost,2846,2006-10-30 23:15:00,103,84.08
XGBoost,2846,2006-10-30 23:30:00,74,81.52
XGBoost,2846,2006-10-30 23:45:00,53,62.93
XGBoost,2846,2006-10-31 00:00:00,34,48.14
XGBoost,2846,2006-10-31 00:15:00,40,34.7
XGBoost,2846,2006-10-31 00:30:00,31,32.3
XGBoost,2846,2006-10-31 00:45:00,30,27.67
XGBoost,2846,2006-10-31 01:00:00,24,25.7
XGBoost,2846,2006-10-31 01:15:00,19,24.3
XGBoost,2846,2006-10-31 01:30:00,11,18.74
XGBoost,2846,2006-10-31 01:45:00,21,13.46
XGBoost,2846,2006-10-31 02:00:00,19,17.64
XGBoost,2846,2006-10-31 02:15:00,11,15.53
XGBoost,2846,2006-10-31 02:30:00,15,11.55
XGBoost,2846,2006-10-31 02:45:00,15,11.38
XGBoost,2846,2006-10-31 03:00:00,7,12.26
XGBoost,2846,2006-10-31 03:15:00,13,11.12
XGBoost,2846,2006-10-31 03:30:00,8,12.52
XGBoost,2846,2006-10-31 03:45:00,8,12.01
XGBoost,2846,2006-10-31 04:00:00,14,13.59
XGBoost,2846,2006-10-31 04:15:00,21,15.34
XGBoost,2846,2006-10-31 04:30:00,23,18.56
XGBoost,2846,2006-10-31 04:45:00,29,25.74
XGBoost,2846,2006-10-31 05:00:00,40,35.22
XGBoost,2846,2006-10-31 05:15:00,51,52.37
XGBoost,2846,2006-10-31 05:30:00,83,67.12
XGBoost,2846,2006-10-31 05:45:00,104,112.02
XGBoost,2846,2006-10-31 06:00:00,148,152.22
XGBoost,2846,2006-10-31 06:15:00,160,196.68
XGBoost,2846,2006-10-31 06:30:00,268,249.65
XGBoost,2846,2006-10-31 06:45:00,377,355.19
XGBoost,2846,2006-10-31 07:00:00,416,456.65
XGBoost,2846,2006-10-31 07:15:00,608,554.05
XGBoost,2846,2006-10-31 07:30:00,654,685.5
XGBoost,2846,2006-10-31 07:45:00,709,786.92
XGBoost,2846,2006-10-31 08:00:00,698,749.28
XGBoost,2846,2006-10-31 08:15:00,777,739.29
XGBoost,2846,2006-10-31 08:30:00,710,712.3
XGBoost,2846,2006-10-31 08:45:00,583,664.7
XGBoost,2846,2006-10-31 09:00:00,545,528.45
XGBoost,2846,2006-10-31 09:15:00,524,495.73
XGBoost,2846,2006-10-31 09:30:00,408,477.91
XGBoost,2846,2006-10-31 09:45:00,436,404.61
XGBoost,2846,2006-10-31 10:00:00,339,410.65
XGBoost,2846,2006-10-31 10:15:00,382,368.94
XGBoost,2846,2006-10-31 10:30:00,349,364.9
XGBoost,2846,2006-10-31 10:45:00,339,358.2
XGBoost,2846,2006-10-31 11:00:00,333,351.63
XGBoost,2846,2006-10-31 11:15:00,351,352.75
XGBoost,2846,2006-10-31 11:30:00,368,350.42
XGBoost,2846,2006-10-31 11:45:00,348,372.98
XGBoost,2846,2006-10-31 12:00:00,346,356.87
XGBoost,2846,2006-10-31 12:15:00,316,355.82
XGBoost,2846,2006-10-31 12:30:00,363,337.29
XGBoost,2846,2006-10-31 12:45:00,356,330.56
XGBoost,2846,2006-10-31 13:00:00,418,331.75
XGBoost,2846,2006-10-31 13:15:00,386,380.88
XGBoost,2846,2006-10-31 13:30:00,362,368.74
XGBoost,2846,2006-10-31 13:45:00,419,397.3
XGBoost,2846,2006-10-31 14:00:00,331,401.21
XGBoost,2846,2006-10-31 14:15:00,370,371.4
XGBoost,2846,2006-10-31 14:30:00,385,368.72
XGBoost,2846,2006-10-31 14:45:00,417,402.24
XGBoost,2846,2006-10-31 15:00:00,432,457.02
XGBoost,2846,2006-10-31 15:15:00,471,472.91
XGBoost,2846,2006-10-31 15:30:00,484,505.25
XGBoost,2846,2006-10-31 15:45:00,504,516.02
XGBoost,2846,2006-10-31 16:00:00,530,522.0
XGBoost,2846,2006-10-31 16:15:00,586,541.3
XGBoost,2846,2006-10-31 16:30:00,561,567.53
XGBoost,2846,2006-10-31 16:45:00,543,596.87
XGBoost,2846,2006-10-31 17:00:00,620,590.32
XGBoost,2846,2006-10-31 17:15:00,600,627.93
XGBoost,2846,2006-10-31 17:30:00,706,668.36
XGBoost,2846,2006-10-31 17:45:00,666,664.17
XGBoost,2846,2006-10-31 18:00:00,690,675.38
XGBoost,2846,2006-10-31 18:15:00,666,663.2
XGBoost,2846,2006-10-31 18:30:00,622,609.31
XGBoost,2846,2006-10-31 18:45:00,559,565.04
XGBoost,2846,2006-10-31 19:00:00,445,498.08
XGBoost,2846,2006-10-31 19:15:00,445,413.53
XGBoost,2846,2006-10-31 19:30:00,332,387.36
XGBoost,2846,2006-10-31 19:45:00,330,309.67
XGBoost,2846,2006-10-31 20:00:00,281,286.2
XGBoost,2846,2006-10-31 20:15:00,285,265.58
XGBoost,2846,2006-10-31 20:30:00,270,251.27
XGBoost,2846,2006-10-31 20:45:00,227,242.43
XGBoost,2846,2006-10-31 21:00:00,218,226.17
XGBoost,2846,2006-10-31 21:15:00,233,205.25
XGBoost,2846,2006-10-31 21:30:00,206,207.85
XGBoost,2846,2006-10-31 21:45:00,192,197.73
XGBoost,2846,2006-10-31 22:00:00,217,176.01
XGBoost,2846,2006-10-31 22:15:00,144,182.84
XGBoost,2846,2006-10-31 22:30:00,179,146.73
XGBoost,2846,2006-10-31 22:45:00,133,146.15
XGBoost,2846,2006-10-31 23:00:00,101,121.68
XGBoost,2846,2006-10-31 23:15:00,75,93.04
XGBoost,2846,2006-10-31 23:30:00,78,67.41
XGBoost,2846,2006-10-31 23:45:00,57,63.67
XGBoost,3001,2006-10-27 12:00:00,561,547.15
XGBoost,3001,2006-10-27 12:15:00,503,581.72
XGBoost,3001,2006-10-27 12:30:00,498,549.26
XGBoost,3001,2006-10-27 12:45:00,701,540.67
XGBoost,3001,2006-10-27 13:00:00,716,625.67
XGBoost,3001,2006-10-27 13:15:00,653,605.35
XGBoost,3001,2006-10-27 13:30:00,581,515.28
XGBoost,3001,2006-10-27 13:45:00,477,619.89
XGBoost,3001,2006-10-27 14:00:00,722,601.77
XGBoost,3001,2006-10-27 14:15:00,444,619.23
XGBoost,3001,2006-10-27 14:30:00,604,586.68
XGBoost,3001,2006-10-27 14:45:00,511,510.38
XGBoost,3001,2006-10-27 15:00:00,598,611.43
XGBoost,3001,2006-10-27 15:15:00,634,600.33
XGBoost,3001,2006-10-27 15:30:00,564,691.82
XGBoost,3001,2006-10-27 15:45:00,803,593.6
XGBoost,3001,2006-10-27 16:00:00,686,742.04
XGBoost,3001,2006-10-27 16:15:00,510,725.46
XGBoost,3001,2006-10-27 16:30:00,740,640.23
XGBoost,3001,2006-10-27 16:45:00,830,642.65
XGBoost,3001,2006-10-27 17:00:00,671,762.65
XGBoost,3001,2006-10-27 17:15:00,655,691.91
XGBoost,3001,2006-10-27 17:30:00,774,740.83
XGBoost,3001,2006-10-27 17:45:00,720,746.28
XGBoost,3001,2006-10-27 18:00:00,676,760.99
XGBoost,3001,2006-10-27 18:15:00,864,660.9
XGBoost,3001,2006-10-27 18:30:00,829,783.83
XGBoost,3001,2006-10-27 18:45:00,582,736.97
XGBoost,3001,2006-10-27 19:00:00,576,563.96
XGBoost,3001,2006-10-27 19:15:00,521,514.09
XGBoost,3001,2006-10-27 19:30:00,569,525.77
XGBoost,3001,2006-10-27 19:45:00,509,482.72
XGBoost,3001,2006-10-27 20:00:00,449,453.89
XGBoost,3001,2006-10-27 20:15:00,399,433.78
XGBoost,3001,2006-10-27 20:30:00,349,403.08
XGBoost,3001,2006-10-27 20:45:00,316,351.47
XGBoost,3001,2006-10-27 21:00:00,336,314.99
XGBoost,3001,2006-10-27 21:15:00,362,322.85
XGBoost,3001,2006-10-27 21:30:00,305,338.76
XGBoost,3001,2006-10-27 21:45:00,245,339.82
XGBoost,3001,2006-10-27 22:00:00,448,300.65
XGBoost,3001,2006-10-27 22:15:00,314,347.78
XGBoost,3001,2006-10-27 22:30:00,364,311.41
XGBoost,3001,2006-10-27 22:45:00,245,328.31
XGBoost,3001,2006-10-27 23:00:00,462,327.34
XGBoost,3001,2006-10-27 23:15:00,243,291.38
XGBoost,3001,2006-10-27 23:30:00,235,252.88
XGBoost,3001,2006-10-27 23:45:00,311,210.5
XGBoost,3001,2006-10-28 00:00:00,246,272.9
XGBoost,3001,2006-10-28 00:15:00,218,249.76
XGBoost,3001,2006-10-28 00:30:00,219,194.1
XGBoost,3001,2006-10-28 00:45:00,327,193.8
XGBoost,3001,2006-10-28 01:00:00,315,250.9
XGBoost,3001,2006-10-28 01:15:00,151,255.78
XGBoost,3001,2006-10-28 01:30:00,221,189.26
XGBoost,3001,2006-10-28 01:45:00,100,165.78
XGBoost,3001,2006-10-28 02:00:00,103,122.5
XGBoost,3001,2006-10-28 02:15:00,82,91.48
XGBoost,3001,2006-10-28 02:30:00,94,79.69
XGBoost,3001,2006-10-28 02:45:00,150,82.95
XGBoost,3001,2006-10-28 03:00:00,148,119.67
XGBoost,3001,2006-10-28 03:15:00,70,135.31
XGBoost,3001,2006-10-28 03:30:00,84,81.48
XGBoost,3001,2006-10-28 03:45:00,126,73.64
XGBoost,3001,2006-10-28 04:00:00,73,107.94
XGBoost,3001,2006-10-28 04:15:00,100,78.11
XGBoost,3001,2006-10-28 04:30:00,70,85.83
XGBoost,3001,2006-10-28 04:45:00,80,76.07
XGBoost,3001,2006-10-28 05:00:00,50,80.22
XGBoost,3001,2006-10-28 05:15:00,114,73.68
XGBoost,3001,2006-10-28 05:30:00,128,123.01
XGBoost,3001,2006-10-28 05:45:00,159,141.1
XGBoost,3001,2006-10-28 06:00:00,141,198.45
XGBoost,3001,2006-10-28 06:15:00,321,179.38
XGBoost,3001,2006-10-28 06:30:00,259,349.62
XGBoost,3001,2006-10-28 06:45:00,195,312.63
XGBoost,3001,2006-10-28 07:00:00,255,253.34
XGBoost,3001,2006-10-28 07:15:00,217,307.99
XGBoost,3001,2006-10-28 07:30:00,280,288.17
XGBoost,3001,2006-10-28 07:45:00,271,331.53
XGBoost,3001,2006-10-28 08:00:00,662,332.0
XGBoost,3001,2006-10-28 08:15:00,468,556.69
XGBoost,3001,2006-10-28 08:30:00,341,586.44
XGBoost,3001,2006-10-28 08:45:00,413,434.92
XGBoost,3001,2006-10-28 09:00:00,843,661.31
XGBoost,3001,2006-10-28 09:15:00,720,490.06
XGBoost,3001,2006-10-28 09:30:00,578,646.37
XGBoost,3001,2006-10-28 09:45:00,580,591.25
XGBoost,3001,2006-10-28 10:00:00,483,669.86
XGBoost,3001,2006-10-28 10:15:00,528,567.39
XGBoost,3001,2006-10-28 10:30:00,583,537.61
XGBoost,3001,2006-10-28 10:45:00,988,586.26
XGBoost,3001,2006-10-28 11:00:00,879,732.53
XGBoost,3001,2006-10-28 11:15:00,857,697.05
XGBoost,3001,2006-10-28 11:30:00,633,744.37
XGBoost,3001,2006-10-28 11:45:00,569,703.23
XGBoost,3001,2006-10-28 12:00:00,646,643.59
XGBoost,3001,2006-10-28 12:15:00,811,616.99
XGBoost,3001,2006-10-28 12:30:00,847,735.3
XGBoost,3001,2006-10-28 12:45:00,623,732.18
XGBoost,3001,2006-10-28 13:00:00,691,652.58
XGBoost,3001,2006-10-28 13:15:00,644,692.68
XGBoost,3001,2006-10-28 13:30:00,546,655.58
XGBoost,3001,2006-10-28 13:45:00,623,568.56
XGBoost,3001,2006-10-28 14:00:00,808,645.96
XGBoost,3001,2006-10-28 14:15:00,701,687.92
XGBoost,3001,2006-10-28 14:30:00,555,665.65
XGBoost,3001,2006-10-28 14:45:00,1070,601.64
XGBoost,3001,2006-10-28 15:00:00,1105,799.32
XGBoost,3001,2006-10-28 15:15:00,949,1000.22
XGBoost,3001,2006-10-28 15:30:00,578,670.55
XGBoost,3001,2006-10-28 15:45:00,920,685.37
XGBoost,3001,2006-10-28 16:00:00,1128,797.89
XGBoost,3001,2006-10-28 16:15:00,934,1033.26
XGBoost,3001,2006-10-28 16:30:00,704,697.71
XGBoost,3001,2006-10-28 16:45:00,562,731.39
XGBoost,3001,2006-10-28 17:00:00,541,663.25
XGBoost,3001,2006-10-28 17:15:00,458,658.35
XGBoost,3001,2006-10-28 17:30:00,736,670.79
XGBoost,3001,2006-10-28 17:45:00,678,608.55
XGBoost,3001,2006-10-28 18:00:00,626,624.09
XGBoost,3001,2006-10-28 18:15:00,910,580.62
XGBoost,3001,2006-10-28 18:30:00,988,775.04
XGBoost,3001,2006-10-28 18:45:00,504,822.49
XGBoost,3001,2006-10-28 19:00:00,418,506.84
XGBoost,3001,2006-10-28 19:15:00,359,456.98
XGBoost,3001,2006-10-28 19:30:00,371,476.01
XGBoost,3001,2006-10-28 19:45:00,406,340.05
XGBoost,3001,2006-10-28 20:00:00,298,355.74
XGBoost,3001,2006-10-28 20:15:00,387,310.83
XGBoost,3001,2006-10-28 20:30:00,335,317.03
XGBoost,3001,2006-10-28 20:45:00,414,315.43
XGBoost,3001,2006-10-28 21:00:00,412,354.21
XGBoost,3001,2006-10-28 21:15:00,300,384.0
XGBoost,3001,2006-10-28 21:30:00,342,311.71
XGBoost,3001,2006-10-28 21:45:00,261,304.22
XGBoost,3001,2006-10-28 22:00:00,339,309.05
XGBoost,3001,2006-10-28 22:15:00,387,310.73
XGBoost,3001,2006-10-28 22:30:00,320,368.71
XGBoost,3001,2006-10-28 22:45:00,251,314.72
XGBoost,3001,2006-10-28 23:00:00,333,281.9
XGBoost,3001,2006-10-28 23:15:00,248,292.19
XGBoost,3001,2006-10-28 23:30:00,235,251.79
XGBoost,3001,2006-10-28 23:45:00,235,243.74
XGBoost,3001,2006-10-29 00:00:00,499,224.44
XGBoost,3001,2006-10-29 00:15:00,249,391.2
XGBoost,3001,2006-10-29 00:30:00,296,279.87
XGBoost,3001,2006-10-29 00:45:00,420,308.81
XGBoost,3001,2006-10-29 01:00:00,367,371.5
XGBoost,3001,2006-10-29 01:15:00,154,345.35
XGBoost,3001,2006-10-29 01:30:00,196,214.47
XGBoost,3001,2006-10-29 01:45:00,0,178.29
XGBoost,3001,2006-10-29 02:00:00,0,101.58
XGBoost,3001,2006-10-29 02:15:00,0,31.81
XGBoost,3001,2006-10-29 02:30:00,0,30.55
XGBoost,3001,2006-10-29 02:45:00,105,26.26
XGBoost,3001,2006-10-29 03:00:00,147,84.85
XGBoost,3001,2006-10-29 03:15:00,92,118.16
XGBoost,3001,2006-10-29 03:30:00,75,97.59
XGBoost,3001,2006-10-29 03:45:00,70,99.77
XGBoost,3001,2006-10-29 04:00:00,166,88.19
XGBoost,3001,2006-10-29 04:15:00,86,155.18
XGBoost,3001,2006-10-29 04:30:00,88,113.69
XGBoost,3001,2006-10-29 04:45:00,58,83.94
XGBoost,3001,2006-10-29 05:00:00,92,67.88
XGBoost,3001,2006-10-29 05:15:00,65,89.07
XGBoost,3001,2006-10-29 05:30:00,63,82.31
XGBoost,3001,2006-10-29 05:45:00,146,73.86
XGBoost,3001,2006-10-29 06:00:00,91,125.24
XGBoost,3001,2006-10-29 06:15:00,103,118.0
XGBoost,3001,2006-10-29 06:30:00,136,117.66
XGBoost,3001,2006-10-29 06:45:00,182,166.12
XGBoost,3001,2006-10-29 07:00:00,101,183.3
XGBoost,3001,2006-10-29 07:15:00,90,136.32
XGBoost,3001,2006-10-29 07:30:00,266,119.43
XGBoost,3001,2006-10-29 07:45:00,132,227.25
XGBoost,3001,2006-10-29 08:00:00,288,208.3
XGBoost,3001,2006-10-29 08:15:00,153,269.85
XGBoost,3001,2006-10-29 08:30:00,150,213.22
XGBoost,3001,2006-10-29 08:45:00,316,167.47
XGBoost,3001,2006-10-29 09:00:00,293,318.71
XGBoost,3001,2006-10-29 09:15:00,237,333.42
XGBoost,3001,2006-10-29 09:30:00,422,288.22
XGBoost,3001,2006-10-29 09:45:00,505,429.72
XGBoost,3001,2006-10-29 10:00:00,391,465.98
XGBoost,3001,2006-10-29 10:15:00,483,454.98
XGBoost,3001,2006-10-29 10:30:00,500,462.69
XGBoost,3001,2006-10-29 10:45:00,440,561.33
XGBoost,3001,2006-10-29 11:00:00,439,573.73
XGBoost,3001,2006-10-29 11:15:00,606,563.58
XGBoost,3001,2006-10-29 11:30:00,503,545.92
XGBoost,3001,2006-10-29 11:45:00,510,560.32
XGBoost,3001,2006-10-29 12:00:00,680,518.05
XGBoost,3001,2006-10-29 12:15:00,1066,647.14
XGBoost,3001,2006-10-29 12:30:00,725,627.06
XGBoost,3001,2006-10-29 12:45:00,525,666.04
XGBoost,3001,2006-10-29 13:00:00,816,607.69
XGBoost,3001,2006-10-29 13:15:00,566,600.81
XGBoost,3001,2006-10-29 13:30:00,794,640.65
XGBoost,3001,2006-10-29 13:45:00,564,628.56
XGBoost,3001,2006-10-29 14:00:00,481,711.15
XGBoost,3001,2006-10-29 14:15:00,849,566.55
XGBoost,3001,2006-10-29 14:30:00,632,706.55
XGBoost,3001,2006-10-29 14:45:00,673,648.03
XGBoost,3001,2006-10-29 15:00:00,529,645.15
XGBoost,3001,2006-10-29 15:15:00,508,658.31
XGBoost,3001,2006-10-29 15:30:00,501,568.69
XGBoost,3001,2006-10-29 15:45:00,519,580.98
XGBoost,3001,2006-10-29 16:00:00,1141,577.27
XGBoost,3001,2006-10-29 16:15:00,1125,586.8
XGBoost,3001,2006-10-29 16:30:00,683,624.58
XGBoost,3001,2006-10-29 16:45:00,534,590.93
XGBoost,3001,2006-10-29 17:00:00,819,632.28
XGBoost,3001,2006-10-29 17:15:00,471,633.9
XGBoost,3001,2006-10-29 17:30:00,1066,702.01
XGBoost,3001,2006-10-29 17:45:00,506,606.63
XGBoost,3001,2006-10-29 18:00:00,636,522.79
XGBoost,3001,2006-10-29 18:15:00,400,529.59
XGBoost,3001,2006-10-29 18:30:00,423,553.71
XGBoost,3001,2006-10-29 18:45:00,382,390.27
XGBoost,3001,2006-10-29 19:00:00,476,351.83
XGBoost,3001,2006-10-29 19:15:00,475,373.65
XGBoost,3001,2006-10-29 19:30:00,527,373.2
XGBoost,3001,2006-10-29 19:45:00,244,405.14
XGBoost,3001,2006-10-29 20:00:00,267,299.88
XGBoost,3001,2006-10-29 20:15:00,333,263.15
XGBoost,3001,2006-10-29 20:30:00,337,303.54
XGBoost,3001,2006-10-29 20:45:00,228,309.82
XGBoost,3001,2006-10-29 21:00:00,246,260.76
XGBoost,3001,2006-10-29 21:15:00,236,235.49
XGBoost,3001,2006-10-29 21:30:00,245,239.79
XGBoost,3001,2006-10-29 21:45:00,215,224.74
XGBoost,3001,2006-10-29 22:00:00,193,206.88
XGBoost,3001,2006-10-29 22:15:00,245,191.08
XGBoost,3001,2006-10-29 22:30:00,180,208.95
XGBoost,3001,2006-10-29 22:45:00,143,177.02
XGBoost,3001,2006-10-29 23:00:00,385,133.76
XGBoost,3001,2006-10-29 23:15:00,115,204.79
XGBoost,3001,2006-10-29 23:30:00,192,149.73
XGBoost,3001,2006-10-29 23:45:00,98,143.01
XGBoost,3001,2006-10-30 00:00:00,191,173.01
XGBoost,3001,2006-10-30 00:15:00,87,141.9
XGBoost,3001,2006-10-30 00:30:00,148,108.13
XGBoost,3001,2006-10-30 00:45:00,45,136.42
XGBoost,3001,2006-10-30 01:00:00,61,76.17
XGBoost,3001,2006-10-30 01:15:00,35,48.48
XGBoost,3001,2006-10-30 01:30:00,37,38.94
XGBoost,3001,2006-10-30 01:45:00,31,25.92
XGBoost,3001,2006-10-30 02:00:00,26,26.2
XGBoost,3001,2006-10-30 02:15:00,21,22.16
XGBoost,3001,2006-10-30 02:30:00,22,18.55
XGBoost,3001,2006-10-30 02:45:00,31,21.02
XGBoost,3001,2006-10-30 03:00:00,48,29.79
XGBoost,3001,2006-10-30 03:15:00,22,43.41
XGBoost,3001,2006-10-30 03:30:00,45,26.84
XGBoost,3001,2006-10-30 03:45:00,45,39.26
XGBoost,3001,2006-10-30 04:00:00,30,59.28
XGBoost,3001,2006-10-30 04:15:00,45,41.4
XGBoost,3001,2006-10-30 04:30:00,26,55.77
XGBoost,3001,2006-10-30 04:45:00,83,37.8
XGBoost,3001,2006-10-30 05:00:00,133,101.34
XGBoost,3001,2006-10-30 05:15:00,89,168.71
XGBoost,3001,2006-10-30 05:30:00,153,133.75
XGBoost,3001,2006-10-30 05:45:00,164,210.73
XGBoost,3001,2006-10-30 06:00:00,311,241.79
XGBoost,3001,2006-10-30 06:15:00,382,361.71
XGBoost,3001,2006-10-30 06:30:00,436,511.89
XGBoost,3001,2006-10-30 06:45:00,713,554.32
XGBoost,3001,2006-10-30 07:00:00,779,684.96
XGBoost,3001,2006-10-30 07:15:00,696,838.92
XGBoost,3001,2006-10-30 07:30:00,822,790.01
XGBoost,3001,2006-10-30 07:45:00,862,831.96
XGBoost,3001,2006-10-30 08:00:00,751,846.35
XGBoost,3001,2006-10-30 08:15:00,781,767.22
XGBoost,3001,2006-10-30 08:30:00,780,754.05
XGBoost,3001,2006-10-30 08:45:00,727,777.4
XGBoost,3001,2006-10-30 09:00:00,679,660.05
XGBoost,3001,2006-10-30 09:15:00,620,615.33
XGBoost,3001,2006-10-30 09:30:00,791,578.87
XGBoost,3001,2006-10-30 09:45:00,465,679.17
XGBoost,3001,2006-10-30 10:00:00,638,528.32
XGBoost,3001,2006-10-30 10:15:00,662,525.94
XGBoost,3001,2006-10-30 10:30:00,507,604.92
XGBoost,3001,2006-10-30 10:45:00,676,514.27
XGBoost,3001,2006-10-30 11:00:00,443,606.97
XGBoost,3001,2006-10-30 11:15:00,481,574.12
XGBoost,3001,2006-10-30 11:30:00,508,498.91
XGBoost,3001,2006-10-30 11:45:00,438,530.83
XGBoost,3001,2006-10-30 12:00:00,603,522.92
XGBoost,3001,2006-10-30 12:15:00,619,563.46
XGBoost,3001,2006-10-30 12:30:00,653,623.34
XGBoost,3001,2006-10-30 12:45:00,423,563.92
XGBoost,3001,2006-10-30 13:00:00,447,569.63
XGBoost,3001,2006-10-30 13:15:00,637,528.97
XGBoost,3001,2006-10-30 13:30:00,494,600.46
XGBoost,3001,2006-10-30 13:45:00,477,524.53
XGBoost,3001,2006-10-30 14:00:00,644,506.39
XGBoost,3001,2006-10-30 14:15:00,442,657.26
XGBoost,3001,2006-10-30 14:30:00,584,581.67
XGBoost,3001,2006-10-30 14:45:00,496,585.11
XGBoost,3001,2006-10-30 15:00:00,579,577.89
XGBoost,3001,2006-10-30 15:15:00,745,573.02
XGBoost,3001,2006-10-30 15:30:00,576,688.61
XGBoost,3001,2006-10-30 15:45:00,762,610.16
XGBoost,3001,2006-10-30 16:00:00,649,757.87
XGBoost,3001,2006-10-30 16:15:00,486,746.46
XGBoost,3001,2006-10-30 16:30:00,705,634.65
XGBoost,3001,2006-10-30 16:45:00,707,605.02
XGBoost,3001,2006-10-30 17:00:00,620,796.73
XGBoost,3001,2006-10-30 17:15:00,648,604.01
XGBoost,3001,2006-10-30 17:30:00,779,747.64
XGBoost,3001,2006-10-30 17:45:00,648,763.8
XGBoost,3001,2006-10-30 18:00:00,665,656.59
XGBoost,3001,2006-10-30 18:15:00,597,609.06
XGBoost,3001,2006-10-30 18:30:00,565,562.62
XGBoost,3001,2006-10-30 18:45:00,540,526.09
XGBoost,3001,2006-10-30 19:00:00,606,496.35
XGBoost,3001,2006-10-30 19:15:00,629,518.51
XGBoost,3001,2006-10-30 19:30:00,570,562.16
XGBoost,3001,2006-10-30 19:45:00,428,502.75
XGBoost,3001,2006-10-30 20:00:00,480,405.25
XGBoost,3001,2006-10-30 20:15:00,441,419.12
XGBoost,3001,2006-10-30 20:30:00,431,406.7
XGBoost,3001,2006-10-30 20:45:00,330,376.68
XGBoost,3001,2006-10-30 21:00:00,289,335.39
XGBoost,3001,2006-10-30 21:15:00,287,287.83
XGBoost,3001,2006-10-30 21:30:00,210,282.63
XGBoost,3001,2006-10-30 21:45:00,202,229.88
XGBoost,3001,2006-10-30 22:00:00,410,196.65
XGBoost,3001,2006-10-30 22:15:00,428,260.56
XGBoost,3001,2006-10-30 22:30:00,377,341.92
XGBoost,3001,2006-10-30 22:45:00,146,321.24
XGBoost,3001,2006-10-30 23:00:00,174,259.79
XGBoost,3001,2006-10-30 23:15:00,138,179.66
XGBoost,3001,2006-10-30 23:30:00,183,148.76
XGBoost,3001,2006-10-30 23:45:00,147,140.94
XGBoost,3001,2006-10-31 00:00:00,224,145.42
XGBoost,3001,2006-10-31 00:15:00,179,158.56
XGBoost,3001,2006-10-31 00:30:00,65,154.35
XGBoost,3001,2006-10-31 00:45:00,75,89.37
XGBoost,3001,2006-10-31 01:00:00,46,59.3
XGBoost,3001,2006-10-31 01:15:00,62,44.07
XGBoost,3001,2006-10-31 01:30:00,41,44.01
XGBoost,3001,2006-10-31 01:45:00,27,36.48
XGBoost,3001,2006-10-31 02:00:00,16,29.11
XGBoost,3001,2006-10-31 02:15:00,26,20.21
XGBoost,3001,2006-10-31 02:30:00,21,22.51
XGBoost,3001,2006-10-31 02:45:00,19,21.41
XGBoost,3001,2006-10-31 03:00:00,25,20.32
XGBoost,3001,2006-10-31 03:15:00,17,22.11
XGBoost,3001,2006-10-31 03:30:00,37,21.2
XGBoost,3001,2006-10-31 03:45:00,22,32.2
XGBoost,3001,2006-10-31 04:00:00,31,30.42
XGBoost,3001,2006-10-31 04:15:00,30,37.29
XGBoost,3001,2006-10-31 04:30:00,33,33.76
XGBoost,3001,2006-10-31 04:45:00,72,44.09
XGBoost,3001,2006-10-31 05:00:00,206,99.33
XGBoost,3001,2006-10-31 05:15:00,59,191.8
XGBoost,3001,2006-10-31 05:30:00,343,144.43
XGBoost,3001,2006-10-31 05:45:00,333,314.1
XGBoost,3001,2006-10-31 06:00:00,276,407.71
XGBoost,3001,2006-10-31 06:15:00,446,388.48
XGBoost,3001,2006-10-31 06:30:00,534,495.51
XGBoost,3001,2006-10-31 06:45:00,524,695.72
XGBoost,3001,2006-10-31 07:00:00,937,679.83
XGBoost,3001,2006-10-31 07:15:00,1033,783.67
XGBoost,3001,2006-10-31 07:30:00,821,911.45
XGBoost,3001,2006-10-31 07:45:00,809,925.44
XGBoost,3001,2006-10-31 08:00:00,993,761.76
XGBoost,3001,2006-10-31 08:15:00,639,864.16
XGBoost,3001,2006-10-31 08:30:00,675,811.54
XGBoost,3001,2006-10-31 08:45:00,711,699.54
XGBoost,3001,2006-10-31 09:00:00,810,668.32
XGBoost,3001,2006-10-31 09:15:00,676,653.73
XGBoost,3001,2006-10-31 09:30:00,475,699.5
XGBoost,3001,2006-10-31 09:45:00,727,521.23
XGBoost,3001,2006-10-31 10:00:00,642,577.6
XGBoost,3001,2006-10-31 10:15:00,449,656.53
XGBoost,3001,2006-10-31 10:30:00,428,521.05
XGBoost,3001,2006-10-31 10:45:00,458,587.66
XGBoost,3001,2006-10-31 11:00:00,443,488.24
XGBoost,3001,2006-10-31 11:15:00,523,476.67
XGBoost,3001,2006-10-31 11:30:00,688,500.55
XGBoost,3001,2006-10-31 11:45:00,531,579.9
XGBoost,3001,2006-10-31 12:00:00,684,585.11
XGBoost,3001,2006-10-31 12:15:00,585,599.58
XGBoost,3001,2006-10-31 12:30:00,485,627.91
XGBoost,3001,2006-10-31 12:45:00,510,495.77
XGBoost,3001,2006-10-31 13:00:00,735,497.04
XGBoost,3001,2006-10-31 13:15:00,553,609.3
XGBoost,3001,2006-10-31 13:30:00,501,523.38
XGBoost,3001,2006-10-31 13:45:00,758,513.22
XGBoost,3001,2006-10-31 14:00:00,758,648.48
XGBoost,3001,2006-10-31 14:15:00,465,684.53
XGBoost,3001,2006-10-31 14:30:00,495,565.45
XGBoost,3001,2006-10-31 14:45:00,587,540.41
XGBoost,3001,2006-10-31 15:00:00,510,585.9
XGBoost,3001,2006-10-31 15:15:00,588,595.42
XGBoost,3001,2006-10-31 15:30:00,561,579.43
XGBoost,3001,2006-10-31 15:45:00,566,662.59
XGBoost,3001,2006-10-31 16:00:00,645,624.31
XGBoost,3001,2006-10-31 16:15:00,565,595.96
XGBoost,3001,2006-10-31 16:30:00,601,647.13
XGBoost,3001,2006-10-31 16:45:00,601,656.28
XGBoost,3001,2006-10-31 17:00:00,868,632.88
XGBoost,3001,2006-10-31 17:15:00,887,736.2
XGBoost,3001,2006-10-31 17:30:00,675,801.58
XGBoost,3001,2006-10-31 17:45:00,693,688.01
XGBoost,3001,2006-10-31 18:00:00,756,717.14
XGBoost,3001,2006-10-31 18:15:00,643,680.64
XGBoost,3001,2006-10-31 18:30:00,625,623.66
XGBoost,3001,2006-10-31 18:45:00,530,583.77
XGBoost,3001,2006-10-31 19:00:00,451,558.69
XGBoost,3001,2006-10-31 19:15:00,513,494.81
XGBoost,3001,2006-10-31 19:30:00,493,495.85
XGBoost,3001,2006-10-31 19:45:00,554,441.06
XGBoost,3001,2006-10-31 20:00:00,372,454.97
XGBoost,3001,2006-10-31 20:15:00,355,412.73
XGBoost,3001,2006-10-31 20:30:00,379,379.88
XGBoost,3001,2006-10-31 20:45:00,275,355.79
XGBoost,3001,2006-10-31 21:00:00,488,304.89
XGBoost,3001,2006-10-31 21:15:00,262,339.19
XGBoost,3001,2006-10-31 21:30:00,272,298.9
XGBoost,3001,2006-10-31 21:45:00,249,259.11
XGBoost,3001,2006-10-31 22:00:00,231,307.09
XGBoost,3001,2006-10-31 22:15:00,222,290.17
XGBoost,3001,2006-10-31 22:30:00,270,284.76
XGBoost,3001,2006-10-31 22:45:00,250,218.67
XGBoost,3001,2006-10-31 23:00:00,306,212.22
XGBoost,3001,2006-10-31 23:15:00,128,242.83
XGBoost,3001,2006-10-31 23:30:00,213,175.53
XGBoost,3001,2006-10-31 23:45:00,181,165.22
XGBoost,3002,2006-10-29 00:00:00,326,80.2
XGBoost,3002,2006-10-29 00:15:00,296,179.65
XGBoost,3002,2006-10-29 00:30:00,241,234.43
XGBoost,3002,2006-10-29 00:45:00,213,216.13
XGBoost,3002,2006-10-29 01:00:00,181,192.3
XGBoost,3002,2006-10-29 01:15:00,165,162.86
XGBoost,3002,2006-10-29 01:30:00,168,152.64
XGBoost,3002,2006-10-29 01:45:00,0,167.16
XGBoost,3002,2006-10-29 02:00:00,0,60.91
XGBoost,3002,2006-10-29 02:15:00,0,29.14
XGBoost,3002,2006-10-29 02:30:00,0,21.29
XGBoost,3002,2006-10-29 02:45:00,162,12.62
XGBoost,3002,2006-10-29 03:00:00,133,107.33
XGBoost,3002,2006-10-29 03:15:00,130,116.65
XGBoost,3002,2006-10-29 03:30:00,95,107.64
XGBoost,3002,2006-10-29 03:45:00,99,153.72
XGBoost,3002,2006-10-29 04:00:00,102,141.06
XGBoost,3002,2006-10-29 04:15:00,102,127.38
XGBoost,3002,2006-10-29 04:30:00,85,125.55
XGBoost,3002,2006-10-29 04:45:00,81,81.91
XGBoost,3002,2006-10-29 05:00:00,56,78.21
XGBoost,3002,2006-10-29 05:15:00,66,69.14
XGBoost,3002,2006-10-29 05:30:00,79,74.23
XGBoost,3002,2006-10-29 05:45:00,79,85.55
XGBoost,3002,2006-10-29 06:00:00,90,88.44
XGBoost,3002,2006-10-29 06:15:00,90,98.07
XGBoost,3002,2006-10-29 06:30:00,132,127.52
XGBoost,3002,2006-10-29 06:45:00,127,161.64
XGBoost,3002,2006-10-29 07:00:00,96,167.24
XGBoost,3002,2006-10-29 07:15:00,132,142.58
XGBoost,3002,2006-10-29 07:30:00,132,166.57
XGBoost,3002,2006-10-29 07:45:00,159,174.63
XGBoost,3002,2006-10-29 08:00:00,165,195.86
XGBoost,3002,2006-10-29 08:15:00,179,201.15
XGBoost,3002,2006-10-29 08:30:00,225,201.65
XGBoost,3002,2006-10-29 08:45:00,255,263.24
XGBoost,3002,2006-10-29 09:00:00,311,291.83
XGBoost,3002,2006-10-29 09:15:00,320,349.5
XGBoost,3002,2006-10-29 09:30:00,399,372.26
XGBoost,3002,2006-10-29 09:45:00,439,419.4
XGBoost,3002,2006-10-29 10:00:00,441,471.68
XGBoost,3002,2006-10-29 10:15:00,453,487.75
XGBoost,3002,2006-10-29 10:30:00,538,492.29
XGBoost,3002,2006-10-29 10:45:00,532,533.7
XGBoost,3002,2006-10-29 11:00:00,538,541.47
XGBoost,3002,2006-10-29 11:15:00,527,547.19
XGBoost,3002,2006-10-29 11:30:00,573,545.04
XGBoost,3002,2006-10-29 11:45:00,668,574.38
XGBoost,3002,2006-10-29 12:00:00,684,612.68
XGBoost,3002,2006-10-29 12:15:00,720,649.79
XGBoost,3002,2006-10-29 12:30:00,714,676.64
XGBoost,3002,2006-10-29 12:45:00,673,689.09
XGBoost,3002,2006-10-29 13:00:00,625,669.53
XGBoost,3002,2006-10-29 13:15:00,577,641.87
XGBoost,3002,2006-10-29 13:30:00,748,626.94
XGBoost,3002,2006-10-29 13:45:00,661,659.84
XGBoost,3002,2006-10-29 14:00:00,733,650.56
XGBoost,3002,2006-10-29 14:15:00,654,671.92
XGBoost,3002,2006-10-29 14:30:00,696,674.64
XGBoost,3002,2006-10-29 14:45:00,669,666.86
XGBoost,3002,2006-10-29 15:00:00,757,678.34
XGBoost,3002,2006-10-29 15:15:00,689,720.69
XGBoost,3002,2006-10-29 15:30:00,728,710.52
XGBoost,3002,2006-10-29 15:45:00,713,712.08
XGBoost,3002,2006-10-29 16:00:00,756,716.0
XGBoost,3002,2006-10-29 16:15:00,709,735.02
XGBoost,3002,2006-10-29 16:30:00,719,724.93
XGBoost,3002,2006-10-29 16:45:00,718,714.27
XGBoost,3002,2006-10-29 17:00:00,718,724.61
XGBoost,3002,2006-10-29 17:15:00,751,721.35
XGBoost,3002,2006-10-29 17:30:00,634,748.58
XGBoost,3002,2006-10-29 17:45:00,729,678.97
XGBoost,3002,2006-10-29 18:00:00,646,669.65
XGBoost,3002,2006-10-29 18:15:00,644,641.31
XGBoost,3002,2006-10-29 18:30:00,601,604.74
XGBoost,3002,2006-10-29 18:45:00,526,592.71
XGBoost,3002,2006-10-29 19:00:00,543,499.6
XGBoost,3002,2006-10-29 19:15:00,391,479.81
XGBoost,3002,2006-10-29 19:30:00,367,391.2
XGBoost,3002,2006-10-29 19:45:00,367,338.53
XGBoost,3002,2006-10-29 20:00:00,338,348.23
XGBoost,3002,2006-10-29 20:15:00,345,330.65
XGBoost,3002,2006-10-29 20:30:00,367,321.75
XGBoost,3002,2006-10-29 20:45:00,366,332.07
XGBoost,3002,2006-10-29 21:00:00,318,350.6
XGBoost,3002,2006-10-29 21:15:00,325,320.79
XGBoost,3002,2006-10-29 21:30:00,265,298.95
XGBoost,3002,2006-10-29 21:45:00,297,266.27
XGBoost,3002,2006-10-29 22:00:00,241,257.24
XGBoost,3002,2006-10-29 22:15:00,244,230.9
XGBoost,3002,2006-10-29 22:30:00,240,212.96
XGBoost,3002,2006-10-29 22:45:00,236,212.29
XGBoost,3002,2006-10-29 23:00:00,200,189.22
XGBoost,3002,2006-10-29 23:15:00,150,169.1
XGBoost,3002,2006-10-29 23:30:00,152,133.13
XGBoost,3002,2006-10-29 23:45:00,119,121.2
XGBoost,3002,2006-10-30 00:00:00,115,117.56
XGBoost,3002,2006-10-30 00:15:00,75,101.91
XGBoost,3002,2006-10-30 00:30:00,76,69.28
XGBoost,3002,2006-10-30 00:45:00,61,57.89
XGBoost,3002,2006-10-30 01:00:00,50,56.07
XGBoost,3002,2006-10-30 01:15:00,42,43.52
XGBoost,3002,2006-10-30 01:30:00,37,36.42
XGBoost,3002,2006-10-30 01:45:00,38,27.46
XGBoost,3002,2006-10-30 02:00:00,34,30.77
XGBoost,3002,2006-10-30 02:15:00,26,27.63
XGBoost,3002,2006-10-30 02:30:00,19,22.86
XGBoost,3002,2006-10-30 02:45:00,34,22.72
XGBoost,3002,2006-10-30 03:00:00,26,29.66
XGBoost,3002,2006-10-30 03:15:00,16,29.11
XGBoost,3002,2006-10-30 03:30:00,29,21.38
XGBoost,3002,2006-10-30 03:45:00,33,26.01
XGBoost,3002,2006-10-30 04:00:00,28,41.58
XGBoost,3002,2006-10-30 04:15:00,32,39.05
XGBoost,3002,2006-10-30 04:30:00,37,43.11
XGBoost,3002,2006-10-30 04:45:00,53,43.55
XGBoost,3002,2006-10-30 05:00:00,50,66.52
XGBoost,3002,2006-10-30 05:15:00,72,71.3
XGBoost,3002,2006-10-30 05:30:00,104,95.74
XGBoost,3002,2006-10-30 05:45:00,141,134.12
XGBoost,3002,2006-10-30 06:00:00,186,186.02
XGBoost,3002,2006-10-30 06:15:00,286,253.71
XGBoost,3002,2006-10-30 06:30:00,461,374.77
XGBoost,3002,2006-10-30 06:45:00,593,554.62
XGBoost,3002,2006-10-30 07:00:00,662,682.85
XGBoost,3002,2006-10-30 07:15:00,813,791.95
XGBoost,3002,2006-10-30 07:30:00,948,882.14
XGBoost,3002,2006-10-30 07:45:00,1008,1002.38
XGBoost,3002,2006-10-30 08:00:00,1027,980.15
XGBoost,3002,2006-10-30 08:15:00,943,969.07
XGBoost,3002,2006-10-30 08:30:00,1016,929.01
XGBoost,3002,2006-10-30 08:45:00,826,942.76
XGBoost,3002,2006-10-30 09:00:00,814,742.29
XGBoost,3002,2006-10-30 09:15:00,795,720.57
XGBoost,3002,2006-10-30 09:30:00,724,728.29
XGBoost,3002,2006-10-30 09:45:00,656,689.88
XGBoost,3002,2006-10-30 10:00:00,652,638.09
XGBoost,3002,2006-10-30 10:15:00,639,605.98
XGBoost,3002,2006-10-30 10:30:00,630,610.48
XGBoost,3002,2006-10-30 10:45:00,611,592.48
XGBoost,3002,2006-10-30 11:00:00,610,600.92
XGBoost,3002,2006-10-30 11:15:00,672,591.13
XGBoost,3002,2006-10-30 11:30:00,632,642.46
XGBoost,3002,2006-10-30 11:45:00,631,653.38
XGBoost,3002,2006-10-30 12:00:00,677,642.05
XGBoost,3002,2006-10-30 12:15:00,669,672.82
XGBoost,3002,2006-10-30 12:30:00,684,674.81
XGBoost,3002,2006-10-30 12:45:00,722,665.5
XGBoost,3002,2006-10-30 13:00:00,663,681.12
XGBoost,3002,2006-10-30 13:15:00,668,649.22
XGBoost,3002,2006-10-30 13:30:00,694,684.67
XGBoost,3002,2006-10-30 13:45:00,654,669.18
XGBoost,3002,2006-10-30 14:00:00,688,704.78
XGBoost,3002,2006-10-30 14:15:00,706,694.87
XGBoost,3002,2006-10-30 14:30:00,682,716.8
XGBoost,3002,2006-10-30 14:45:00,749,700.37
XGBoost,3002,2006-10-30 15:00:00,793,787.33
XGBoost,3002,2006-10-30 15:15:00,839,795.44
XGBoost,3002,2006-10-30 15:30:00,767,828.46
XGBoost,3002,2006-10-30 15:45:00,843,812.35
XGBoost,3002,2006-10-30 16:00:00,859,836.24
XGBoost,3002,2006-10-30 16:15:00,852,861.49
XGBoost,3002,2006-10-30 16:30:00,882,850.7
XGBoost,3002,2006-10-30 16:45:00,939,892.48
XGBoost,3002,2006-10-30 17:00:00,955,946.96
XGBoost,3002,2006-10-30 17:15:00,926,964.38
XGBoost,3002,2006-10-30 17:30:00,996,924.96
XGBoost,3002,2006-10-30 17:45:00,952,1023.49
XGBoost,3002,2006-10-30 18:00:00,947,904.35
XGBoost,3002,2006-10-30 18:15:00,928,887.9
XGBoost,3002,2006-10-30 18:30:00,903,854.08
XGBoost,3002,2006-10-30 18:45:00,754,806.22
XGBoost,3002,2006-10-30 19:00:00,669,702.78
XGBoost,3002,2006-10-30 19:15:00,628,610.01
XGBoost,3002,2006-10-30 19:30:00,500,545.01
XGBoost,3002,2006-10-30 19:45:00,478,468.55
XGBoost,3002,2006-10-30 20:00:00,450,424.46
XGBoost,3002,2006-10-30 20:15:00,396,411.35
XGBoost,3002,2006-10-30 20:30:00,386,379.77
XGBoost,3002,2006-10-30 20:45:00,371,379.43
XGBoost,3002,2006-10-30 21:00:00,355,363.59
XGBoost,3002,2006-10-30 21:15:00,363,355.66
XGBoost,3002,2006-10-30 21:30:00,294,333.14
XGBoost,3002,2006-10-30 21:45:00,317,315.1
XGBoost,3002,2006-10-30 22:00:00,320,284.15
XGBoost,3002,2006-10-30 22:15:00,267,288.96
XGBoost,3002,2006-10-30 22:30:00,238,255.2
XGBoost,3002,2006-10-30 22:45:00,192,228.2
XGBoost,3002,2006-10-30 23:00:00,183,187.2
XGBoost,3002,2006-10-30 23:15:00,157,157.72
XGBoost,3002,2006-10-30 23:30:00,115,143.24
XGBoost,3002,2006-10-30 23:45:00,122,107.09
XGBoost,3002,2006-10-31 00:00:00,96,108.07
XGBoost,3002,2006-10-31 00:15:00,84,83.21
XGBoost,3002,2006-10-31 00:30:00,41,67.21
XGBoost,3002,2006-10-31 00:45:00,55,44.72
XGBoost,3002,2006-10-31 01:00:00,43,42.36
XGBoost,3002,2006-10-31 01:15:00,29,37.96
XGBoost,3002,2006-10-31 01:30:00,25,29.13
XGBoost,3002,2006-10-31 01:45:00,31,25.07
XGBoost,3002,2006-10-31 02:00:00,18,27.92
XGBoost,3002,2006-10-31 02:15:00,25,22.17
XGBoost,3002,2006-10-31 02:30:00,24,20.33
XGBoost,3002,2006-10-31 02:45:00,21,24.22
XGBoost,3002,2006-10-31 03:00:00,20,21.95
XGBoost,3002,2006-10-31 03:15:00,21,18.97
XGBoost,3002,2006-10-31 03:30:00,19,20.84
XGBoost,3002,2006-10-31 03:45:00,26,19.84
XGBoost,3002,2006-10-31 04:00:00,27,28.19
XGBoost,3002,2006-10-31 04:15:00,33,30.75
XGBoost,3002,2006-10-31 04:30:00,39,38.76
XGBoost,3002,2006-10-31 04:45:00,52,48.42
XGBoost,3002,2006-10-31 05:00:00,45,63.81
XGBoost,3002,2006-10-31 05:15:00,72,69.89
XGBoost,3002,2006-10-31 05:30:00,112,100.58
XGBoost,3002,2006-10-31 05:45:00,151,147.57
XGBoost,3002,2006-10-31 06:00:00,192,208.67
XGBoost,3002,2006-10-31 06:15:00,321,282.55
XGBoost,3002,2006-10-31 06:30:00,486,466.96
XGBoost,3002,2006-10-31 06:45:00,628,583.1
XGBoost,3002,2006-10-31 07:00:00,735,696.96
XGBoost,3002,2006-10-31 07:15:00,853,849.88
XGBoost,3002,2006-10-31 07:30:00,965,946.84
XGBoost,3002,2006-10-31 07:45:00,1036,1047.06
XGBoost,3002,2006-10-31 08:00:00,1000,1038.69
XGBoost,3002,2006-10-31 08:15:00,914,982.63
XGBoost,3002,2006-10-31 08:30:00,959,952.89
XGBoost,3002,2006-10-31 08:45:00,857,876.62
XGBoost,3002,2006-10-31 09:00:00,881,813.78
XGBoost,3002,2006-10-31 09:15:00,802,820.12
XGBoost,3002,2006-10-31 09:30:00,735,754.86
XGBoost,3002,2006-10-31 09:45:00,734,704.71
XGBoost,3002,2006-10-31 10:00:00,703,696.07
XGBoost,3002,2006-10-31 10:15:00,648,669.01
XGBoost,3002,2006-10-31 10:30:00,603,645.92
XGBoost,3002,2006-10-31 10:45:00,652,618.1
XGBoost,3002,2006-10-31 11:00:00,602,640.6
XGBoost,3002,2006-10-31 11:15:00,706,642.72
XGBoost,3002,2006-10-31 11:30:00,709,660.38
XGBoost,3002,2006-10-31 11:45:00,705,680.12
XGBoost,3002,2006-10-31 12:00:00,731,689.96
XGBoost,3002,2006-10-31 12:15:00,736,698.36
XGBoost,3002,2006-10-31 12:30:00,700,707.95
XGBoost,3002,2006-10-31 12:45:00,705,717.18
XGBoost,3002,2006-10-31 13:00:00,681,691.57
XGBoost,3002,2006-10-31 13:15:00,728,688.48
XGBoost,3002,2006-10-31 13:30:00,679,704.12
XGBoost,3002,2006-10-31 13:45:00,677,686.83
XGBoost,3002,2006-10-31 14:00:00,764,704.05
XGBoost,3002,2006-10-31 14:15:00,690,736.76
XGBoost,3002,2006-10-31 14:30:00,690,717.97
XGBoost,3002,2006-10-31 14:45:00,781,730.08
XGBoost,3002,2006-10-31 15:00:00,825,797.26
XGBoost,3002,2006-10-31 15:15:00,873,837.46
XGBoost,3002,2006-10-31 15:30:00,941,839.9
XGBoost,3002,2006-10-31 15:45:00,844,913.24
XGBoost,3002,2006-10-31 16:00:00,832,883.41
XGBoost,3002,2006-10-31 16:15:00,858,872.6
XGBoost,3002,2006-10-31 16:30:00,905,899.8
XGBoost,3002,2006-10-31 16:45:00,928,933.18
XGBoost,3002,2006-10-31 17:00:00,894,953.5
XGBoost,3002,2006-10-31 17:15:00,991,938.78
XGBoost,3002,2006-10-31 17:30:00,1011,991.63
XGBoost,3002,2006-10-31 17:45:00,957,1018.71
XGBoost,3002,2006-10-31 18:00:00,969,946.72
XGBoost,3002,2006-10-31 18:15:00,1007,932.68
XGBoost,3002,2006-10-31 18:30:00,865,948.35
XGBoost,3002,2006-10-31 18:45:00,868,821.28
XGBoost,3002,2006-10-31 19:00:00,756,770.36
XGBoost,3002,2006-10-31 19:15:00,672,675.98
XGBoost,3002,2006-10-31 19:30:00,583,589.93
XGBoost,3002,2006-10-31 19:45:00,541,522.36
XGBoost,3002,2006-10-31 20:00:00,472,489.46
XGBoost,3002,2006-10-31 20:15:00,493,435.08
XGBoost,3002,2006-10-31 20:30:00,437,435.06
XGBoost,3002,2006-10-31 20:45:00,416,406.46
XGBoost,3002,2006-10-31 21:00:00,391,410.79
XGBoost,3002,2006-10-31 21:15:00,395,402.19
XGBoost,3002,2006-10-31 21:30:00,363,370.25
XGBoost,3002,2006-10-31 21:45:00,358,352.84
XGBoost,3002,2006-10-31 22:00:00,318,346.91
XGBoost,3002,2006-10-31 22:15:00,321,303.35
XGBoost,3002,2006-10-31 22:30:00,261,290.86
XGBoost,3002,2006-10-31 22:45:00,253,243.78
XGBoost,3002,2006-10-31 23:00:00,247,220.6
XGBoost,3002,2006-10-31 23:15:00,169,210.87
XGBoost,3002,2006-10-31 23:30:00,161,151.01
XGBoost,3002,2006-10-31 23:45:00,133,134.35
XGBoost,3120,2006-10-27 12:00:00,674,669.84
XGBoost,3120,2006-10-27 12:15:00,690,674.14
XGBoost,3120,2006-10-27 12:30:00,737,668.83
XGBoost,3120,2006-10-27 12:45:00,699,686.79
XGBoost,3120,2006-10-27 13:00:00,659,674.52
XGBoost,3120,2006-10-27 13:15:00,598,671.23
XGBoost,3120,2006-10-27 13:30:00,596,650.67
XGBoost,3120,2006-10-27 13:45:00,604,647.17
XGBoost,3120,2006-10-27 14:00:00,661,635.34
XGBoost,3120,2006-10-27 14:15:00,700,654.93
XGBoost,3120,2006-10-27 14:30:00,737,694.14
XGBoost,3120,2006-10-27 14:45:00,701,704.07
XGBoost,3120,2006-10-27 15:00:00,747,739.1
XGBoost,3120,2006-10-27 15:15:00,736,780.39
XGBoost,3120,2006-10-27 15:30:00,728,730.8
XGBoost,3120,2006-10-27 15:45:00,740,743.47
XGBoost,3120,2006-10-27 16:00:00,758,739.61
XGBoost,3120,2006-10-27 16:15:00,743,750.71
XGBoost,3120,2006-10-27 16:30:00,750,780.26
XGBoost,3120,2006-10-27 16:45:00,721,779.32
XGBoost,3120,2006-10-27 17:00:00,770,775.73
XGBoost,3120,2006-10-27 17:15:00,798,791.89
XGBoost,3120,2006-10-27 17:30:00,790,836.85
XGBoost,3120,2006-10-27 17:45:00,737,810.01
XGBoost,3120,2006-10-27 18:00:00,806,760.21
XGBoost,3120,2006-10-27 18:15:00,768,740.12
XGBoost,3120,2006-10-27 18:30:00,710,756.43
XGBoost,3120,2006-10-27 18:45:00,702,705.91
XGBoost,3120,2006-10-27 19:00:00,671,697.11
XGBoost,3120,2006-10-27 19:15:00,678,639.83
XGBoost,3120,2006-10-27 19:30:00,565,600.06
XGBoost,3120,2006-10-27 19:45:00,560,536.47
XGBoost,3120,2006-10-27 20:00:00,504,494.53
XGBoost,3120,2006-10-27 20:15:00,461,470.36
XGBoost,3120,2006-10-27 20:30:00,452,439.41
XGBoost,3120,2006-10-27 20:45:00,425,424.84
XGBoost,3120,2006-10-27 21:00:00,448,433.06
XGBoost,3120,2006-10-27 21:15:00,422,434.98
XGBoost,3120,2006-10-27 21:30:00,411,418.07
XGBoost,3120,2006-10-27 21:45:00,351,404.67
XGBoost,3120,2006-10-27 22:00:00,348,372.47
XGBoost,3120,2006-10-27 22:15:00,409,359.47
XGBoost,3120,2006-10-27 22:30:00,404,379.39
XGBoost,3120,2006-10-27 22:45:00,379,372.31
XGBoost,3120,2006-10-27 23:00:00,367,359.76
XGBoost,3120,2006-10-27 23:15:00,348,355.07
XGBoost,3120,2006-10-27 23:30:00,336,330.1
XGBoost,3120,2006-10-27 23:45:00,297,306.73
XGBoost,3120,2006-10-28 00:00:00,324,283.34
XGBoost,3120,2006-10-28 00:15:00,272,293.14
XGBoost,3120,2006-10-28 00:30:00,244,257.05
XGBoost,3120,2006-10-28 00:45:00,269,228.4
XGBoost,3120,2006-10-28 01:00:00,199,227.55
XGBoost,3120,2006-10-28 01:15:00,194,193.54
XGBoost,3120,2006-10-28 01:30:00,205,172.84
XGBoost,3120,2006-10-28 01:45:00,200,179.76
XGBoost,3120,2006-10-28 02:00:00,178,179.88
XGBoost,3120,2006-10-28 02:15:00,160,164.31
XGBoost,3120,2006-10-28 02:30:00,145,150.93
XGBoost,3120,2006-10-28 02:45:00,147,133.24
XGBoost,3120,2006-10-28 03:00:00,149,138.87
XGBoost,3120,2006-10-28 03:15:00,151,137.94
XGBoost,3120,2006-10-28 03:30:00,132,137.41
XGBoost,3120,2006-10-28 03:45:00,144,135.95
XGBoost,3120,2006-10-28 04:00:00,128,131.57
XGBoost,3120,2006-10-28 04:15:00,145,130.48
XGBoost,3120,2006-10-28 04:30:00,129,138.77
XGBoost,3120,2006-10-28 04:45:00,131,143.01
XGBoost,3120,2006-10-28 05:00:00,138,143.38
XGBoost,3120,2006-10-28 05:15:00,147,148.32
XGBoost,3120,2006-10-28 05:30:00,155,161.2
XGBoost,3120,2006-10-28 05:45:00,179,171.33
XGBoost,3120,2006-10-28 06:00:00,197,191.52
XGBoost,3120,2006-10-28 06:15:00,243,239.33
XGBoost,3120,2006-10-28 06:30:00,302,283.3
XGBoost,3120,2006-10-28 06:45:00,305,343.24
XGBoost,3120,2006-10-28 07:00:00,303,359.85
XGBoost,3120,2006-10-28 07:15:00,342,364.37
XGBoost,3120,2006-10-28 07:30:00,415,409.2
XGBoost,3120,2006-10-28 07:45:00,409,480.53
XGBoost,3120,2006-10-28 08:00:00,433,482.5
XGBoost,3120,2006-10-28 08:15:00,468,501.43
XGBoost,3120,2006-10-28 08:30:00,489,562.43
XGBoost,3120,2006-10-28 08:45:00,609,565.17
XGBoost,3120,2006-10-28 09:00:00,598,619.37
XGBoost,3120,2006-10-28 09:15:00,581,638.95
XGBoost,3120,2006-10-28 09:30:00,645,632.86
XGBoost,3120,2006-10-28 09:45:00,688,673.7
XGBoost,3120,2006-10-28 10:00:00,678,692.94
XGBoost,3120,2006-10-28 10:15:00,671,696.86
XGBoost,3120,2006-10-28 10:30:00,659,703.73
XGBoost,3120,2006-10-28 10:45:00,725,711.97
XGBoost,3120,2006-10-28 11:00:00,711,711.74
XGBoost,3120,2006-10-28 11:15:00,686,723.54
XGBoost,3120,2006-10-28 11:30:00,734,696.04
XGBoost,3120,2006-10-28 11:45:00,768,734.23
XGBoost,3120,2006-10-28 12:00:00,757,747.16
XGBoost,3120,2006-10-28 12:15:00,733,751.03
XGBoost,3120,2006-10-28 12:30:00,726,747.19
XGBoost,3120,2006-10-28 12:45:00,717,735.14
XGBoost,3120,2006-10-28 13:00:00,749,711.45
XGBoost,3120,2006-10-28 13:15:00,751,701.04
XGBoost,3120,2006-10-28 13:30:00,740,717.4
XGBoost,3120,2006-10-28 13:45:00,763,715.27
XGBoost,3120,2006-10-28 14:00:00,731,730.86
XGBoost,3120,2006-10-28 14:15:00,715,726.91
XGBoost,3120,2006-10-28 14:30:00,693,713.56
XGBoost,3120,2006-10-28 14:45:00,662,698.84
XGBoost,3120,2006-10-28 15:00:00,701,683.05
XGBoost,3120,2006-10-28 15:15:00,669,700.75
XGBoost,3120,2006-10-28 15:30:00,670,686.18
XGBoost,3120,2006-10-28 15:45:00,647,677.38
XGBoost,3120,2006-10-28 16:00:00,632,666.66
XGBoost,3120,2006-10-28 16:15:00,693,644.74
XGBoost,3120,2006-10-28 16:30:00,654,678.32
XGBoost,3120,2006-10-28 16:45:00,681,664.84
XGBoost,3120,2006-10-28 17:00:00,682,675.82
XGBoost,3120,2006-10-28 17:15:00,727,684.75
XGBoost,3120,2006-10-28 17:30:00,712,709.84
XGBoost,3120,2006-10-28 17:45:00,676,700.84
XGBoost,3120,2006-10-28 18:00:00,682,658.76
XGBoost,3120,2006-10-28 18:15:00,702,655.79
XGBoost,3120,2006-10-28 18:30:00,675,665.12
XGBoost,3120,2006-10-28 18:45:00,640,649.07
XGBoost,3120,2006-10-28 19:00:00,621,587.66
XGBoost,3120,2006-10-28 19:15:00,579,570.57
XGBoost,3120,2006-10-28 19:30:00,543,518.43
XGBoost,3120,2006-10-28 19:45:00,497,499.42
XGBoost,3120,2006-10-28 20:00:00,466,447.72
XGBoost,3120,2006-10-28 20:15:00,435,422.41
XGBoost,3120,2006-10-28 20:30:00,420,400.47
XGBoost,3120,2006-10-28 20:45:00,427,386.85
XGBoost,3120,2006-10-28 21:00:00,399,407.42
XGBoost,3120,2006-10-28 21:15:00,388,391.74
XGBoost,3120,2006-10-28 21:30:00,389,383.29
XGBoost,3120,2006-10-28 21:45:00,449,374.25
XGBoost,3120,2006-10-28 22:00:00,440,409.83
XGBoost,3120,2006-10-28 22:15:00,427,414.6
XGBoost,3120,2006-10-28 22:30:00,367,406.74
XGBoost,3120,2006-10-28 22:45:00,430,377.99
XGBoost,3120,2006-10-28 23:00:00,417,404.41
XGBoost,3120,2006-10-28 23:15:00,382,399.07
XGBoost,3120,2006-10-28 23:30:00,383,373.35
XGBoost,3120,2006-10-28 23:45:00,340,366.84
XGBoost,3120,2006-10-29 00:00:00,382,351.55
XGBoost,3120,2006-10-29 00:15:00,345,339.27
XGBoost,3120,2006-10-29 00:30:00,297,328.5
XGBoost,3120,2006-10-29 00:45:00,247,296.92
XGBoost,3120,2006-10-29 01:00:00,236,238.65
XGBoost,3120,2006-10-29 01:15:00,239,214.89
XGBoost,3120,2006-10-29 01:30:00,211,215.68
XGBoost,3120,2006-10-29 01:45:00,94,202.05
XGBoost,3120,2006-10-29 02:00:00,94,127.46
XGBoost,3120,2006-10-29 02:15:00,93,96.55
XGBoost,3120,2006-10-29 02:30:00,94,96.02
XGBoost,3120,2006-10-29 02:45:00,191,94.81
XGBoost,3120,2006-10-29 03:00:00,197,149.43
XGBoost,3120,2006-10-29 03:15:00,163,186.09
XGBoost,3120,2006-10-29 03:30:00,188,157.08
XGBoost,3120,2006-10-29 03:45:00,167,190.24
XGBoost,3120,2006-10-29 04:00:00,171,180.82
XGBoost,3120,2006-10-29 04:15:00,158,182.33
XGBoost,3120,2006-10-29 04:30:00,152,175.92
XGBoost,3120,2006-10-29 04:45:00,145,145.99
XGBoost,3120,2006-10-29 05:00:00,152,142.72
XGBoost,3120,2006-10-29 05:15:00,151,149.85
XGBoost,3120,2006-10-29 05:30:00,152,153.9
XGBoost,3120,2006-10-29 05:45:00,173,158.58
XGBoost,3120,2006-10-29 06:00:00,165,175.1
XGBoost,3120,2006-10-29 06:15:00,196,179.77
XGBoost,3120,2006-10-29 06:30:00,211,212.34
XGBoost,3120,2006-10-29 06:45:00,255,235.39
XGBoost,3120,2006-10-29 07:00:00,243,253.27
XGBoost,3120,2006-10-29 07:15:00,231,261.39
XGBoost,3120,2006-10-29 07:30:00,249,259.38
XGBoost,3120,2006-10-29 07:45:00,263,268.91
XGBoost,3120,2006-10-29 08:00:00,289,292.06
XGBoost,3120,2006-10-29 08:15:00,297,318.85
XGBoost,3120,2006-10-29 08:30:00,340,334.41
XGBoost,3120,2006-10-29 08:45:00,370,386.72
XGBoost,3120,2006-10-29 09:00:00,422,401.71
XGBoost,3120,2006-10-29 09:15:00,439,448.62
XGBoost,3120,2006-10-29 09:30:00,457,488.29
XGBoost,3120,2006-10-29 09:45:00,522,506.55
XGBoost,3120,2006-10-29 10:00:00,532,526.8
XGBoost,3120,2006-10-29 10:15:00,565,541.6
XGBoost,3120,2006-10-29 10:30:00,535,567.19
XGBoost,3120,2006-10-29 10:45:00,546,576.18
XGBoost,3120,2006-10-29 11:00:00,571,566.82
XGBoost,3120,2006-10-29 11:15:00,609,584.4
XGBoost,3120,2006-10-29 11:30:00,638,611.34
XGBoost,3120,2006-10-29 11:45:00,645,643.68
XGBoost,3120,2006-10-29 12:00:00,664,646.76
XGBoost,3120,2006-10-29 12:15:00,712,667.2
XGBoost,3120,2006-10-29 12:30:00,663,687.95
XGBoost,3120,2006-10-29 12:45:00,690,677.57
XGBoost,3120,2006-10-29 13:00:00,689,675.49
XGBoost,3120,2006-10-29 13:15:00,664,684.81
XGBoost,3120,2006-10-29 13:30:00,667,664.7
XGBoost,3120,2006-10-29 13:45:00,600,666.17
XGBoost,3120,2006-10-29 14:00:00,601,629.91
XGBoost,3120,2006-10-29 14:15:00,671,612.87
XGBoost,3120,2006-10-29 14:30:00,605,643.97
XGBoost,3120,2006-10-29 14:45:00,626,615.76
XGBoost,3120,2006-10-29 15:00:00,647,627.79
XGBoost,3120,2006-10-29 15:15:00,689,643.27
XGBoost,3120,2006-10-29 15:30:00,637,669.69
XGBoost,3120,2006-10-29 15:45:00,650,635.81
XGBoost,3120,2006-10-29 16:00:00,664,641.69
XGBoost,3120,2006-10-29 16:15:00,674,663.55
XGBoost,3120,2006-10-29 16:30:00,678,655.92
XGBoost,3120,2006-10-29 16:45:00,665,667.32
XGBoost,3120,2006-10-29 17:00:00,680,660.51
XGBoost,3120,2006-10-29 17:15:00,668,668.14
XGBoost,3120,2006-10-29 17:30:00,663,664.11
XGBoost,3120,2006-10-29 17:45:00,643,659.51
XGBoost,3120,2006-10-29 18:00:00,663,602.27
XGBoost,3120,2006-10-29 18:15:00,597,619.24
XGBoost,3120,2006-10-29 18:30:00,514,582.77
XGBoost,3120,2006-10-29 18:45:00,545,522.92
XGBoost,3120,2006-10-29 19:00:00,502,481.4
XGBoost,3120,2006-10-29 19:15:00,410,452.68
XGBoost,3120,2006-10-29 19:30:00,434,380.8
XGBoost,3120,2006-10-29 19:45:00,413,385.23
XGBoost,3120,2006-10-29 20:00:00,363,386.28
XGBoost,3120,2006-10-29 20:15:00,378,355.77
XGBoost,3120,2006-10-29 20:30:00,421,353.28
XGBoost,3120,2006-10-29 20:45:00,369,370.88
XGBoost,3120,2006-10-29 21:00:00,401,364.43
XGBoost,3120,2006-10-29 21:15:00,357,366.85
XGBoost,3120,2006-10-29 21:30:00,328,354.37
XGBoost,3120,2006-10-29 21:45:00,363,328.71
XGBoost,3120,2006-10-29 22:00:00,373,331.17
XGBoost,3120,2006-10-29 22:15:00,309,344.62
XGBoost,3120,2006-10-29 22:30:00,289,310.49
XGBoost,3120,2006-10-29 22:45:00,329,278.94
XGBoost,3120,2006-10-29 23:00:00,254,297.49
XGBoost,3120,2006-10-29 23:15:00,237,249.53
XGBoost,3120,2006-10-29 23:30:00,221,219.49
XGBoost,3120,2006-10-29 23:45:00,170,201.43
XGBoost,3120,2006-10-30 00:00:00,177,198.12
XGBoost,3120,2006-10-30 00:15:00,143,155.44
XGBoost,3120,2006-10-30 00:30:00,150,143.17
XGBoost,3120,2006-10-30 00:45:00,135,135.33
XGBoost,3120,2006-10-30 01:00:00,123,129.95
XGBoost,3120,2006-10-30 01:15:00,123,114.06
XGBoost,3120,2006-10-30 01:30:00,124,112.17
XGBoost,3120,2006-10-30 01:45:00,119,102.63
XGBoost,3120,2006-10-30 02:00:00,110,110.34
XGBoost,3120,2006-10-30 02:15:00,106,105.34
XGBoost,3120,2006-10-30 02:30:00,116,100.51
XGBoost,3120,2006-10-30 02:45:00,103,115.78
XGBoost,3120,2006-10-30 03:00:00,102,113.74
XGBoost,3120,2006-10-30 03:15:00,103,108.19
XGBoost,3120,2006-10-30 03:30:00,109,112.25
XGBoost,3120,2006-10-30 03:45:00,106,110.59
XGBoost,3120,2006-10-30 04:00:00,109,117.45
XGBoost,3120,2006-10-30 04:15:00,116,118.03
XGBoost,3120,2006-10-30 04:30:00,125,125.47
XGBoost,3120,2006-10-30 04:45:00,130,136.17
XGBoost,3120,2006-10-30 05:00:00,148,142.92
XGBoost,3120,2006-10-30 05:15:00,153,164.89
XGBoost,3120,2006-10-30 05:30:00,197,171.94
XGBoost,3120,2006-10-30 05:45:00,216,202.73
XGBoost,3120,2006-10-30 06:00:00,274,242.89
XGBoost,3120,2006-10-30 06:15:00,395,320.86
XGBoost,3120,2006-10-30 06:30:00,504,403.5
XGBoost,3120,2006-10-30 06:45:00,616,560.07
XGBoost,3120,2006-10-30 07:00:00,645,685.96
XGBoost,3120,2006-10-30 07:15:00,753,752.08
XGBoost,3120,2006-10-30 07:30:00,833,780.81
XGBoost,3120,2006-10-30 07:45:00,906,873.12
XGBoost,3120,2006-10-30 08:00:00,907,895.27
XGBoost,3120,2006-10-30 08:15:00,852,893.13
XGBoost,3120,2006-10-30 08:30:00,897,835.32
XGBoost,3120,2006-10-30 08:45:00,821,824.94
XGBoost,3120,2006-10-30 09:00:00,777,723.48
XGBoost,3120,2006-10-30 09:15:00,721,727.5
XGBoost,3120,2006-10-30 09:30:00,642,675.58
XGBoost,3120,2006-10-30 09:45:00,614,612.7
XGBoost,3120,2006-10-30 10:00:00,605,600.77
XGBoost,3120,2006-10-30 10:15:00,658,599.29
XGBoost,3120,2006-10-30 10:30:00,572,607.52
XGBoost,3120,2006-10-30 10:45:00,592,574.04
XGBoost,3120,2006-10-30 11:00:00,588,593.28
XGBoost,3120,2006-10-30 11:15:00,564,611.79
XGBoost,3120,2006-10-30 11:30:00,590,596.65
XGBoost,3120,2006-10-30 11:45:00,621,601.19
XGBoost,3120,2006-10-30 12:00:00,633,621.92
XGBoost,3120,2006-10-30 12:15:00,655,641.37
XGBoost,3120,2006-10-30 12:30:00,635,644.98
XGBoost,3120,2006-10-30 12:45:00,621,648.4
XGBoost,3120,2006-10-30 13:00:00,641,635.42
XGBoost,3120,2006-10-30 13:15:00,586,639.25
XGBoost,3120,2006-10-30 13:30:00,647,622.92
XGBoost,3120,2006-10-30 13:45:00,665,614.28
XGBoost,3120,2006-10-30 14:00:00,636,668.23
XGBoost,3120,2006-10-30 14:15:00,591,671.85
XGBoost,3120,2006-10-30 14:30:00,604,634.93
XGBoost,3120,2006-10-30 14:45:00,678,640.6
XGBoost,3120,2006-10-30 15:00:00,679,702.34
XGBoost,3120,2006-10-30 15:15:00,689,725.17
XGBoost,3120,2006-10-30 15:30:00,679,717.64
XGBoost,3120,2006-10-30 15:45:00,660,723.84
XGBoost,3120,2006-10-30 16:00:00,703,709.82
XGBoost,3120,2006-10-30 16:15:00,728,732.32
XGBoost,3120,2006-10-30 16:30:00,760,744.08
XGBoost,3120,2006-10-30 16:45:00,719,768.88
XGBoost,3120,2006-10-30 17:00:00,723,768.0
XGBoost,3120,2006-10-30 17:15:00,802,759.08
XGBoost,3120,2006-10-30 17:30:00,760,801.47
XGBoost,3120,2006-10-30 17:45:00,798,801.93
XGBoost,3120,2006-10-30 18:00:00,755,754.62
XGBoost,3120,2006-10-30 18:15:00,708,730.44
XGBoost,3120,2006-10-30 18:30:00,691,681.8
XGBoost,3120,2006-10-30 18:45:00,604,661.39
XGBoost,3120,2006-10-30 19:00:00,584,562.6
XGBoost,3120,2006-10-30 19:15:00,533,513.36
XGBoost,3120,2006-10-30 19:30:00,461,480.43
XGBoost,3120,2006-10-30 19:45:00,443,424.81
XGBoost,3120,2006-10-30 20:00:00,459,414.56
XGBoost,3120,2006-10-30 20:15:00,399,403.78
XGBoost,3120,2006-10-30 20:30:00,398,402.92
XGBoost,3120,2006-10-30 20:45:00,372,382.29
XGBoost,3120,2006-10-30 21:00:00,380,391.04
XGBoost,3120,2006-10-30 21:15:00,377,376.12
XGBoost,3120,2006-10-30 21:30:00,386,362.67
XGBoost,3120,2006-10-30 21:45:00,357,379.58
XGBoost,3120,2006-10-30 22:00:00,275,353.53
XGBoost,3120,2006-10-30 22:15:00,296,297.59
XGBoost,3120,2006-10-30 22:30:00,312,276.88
XGBoost,3120,2006-10-30 22:45:00,230,298.68
XGBoost,3120,2006-10-30 23:00:00,241,240.82
XGBoost,3120,2006-10-30 23:15:00,213,226.21
XGBoost,3120,2006-10-30 23:30:00,205,208.61
XGBoost,3120,2006-10-30 23:45:00,192,175.47
XGBoost,3120,2006-10-31 00:00:00,182,161.88
XGBoost,3120,2006-10-31 00:15:00,157,150.25
XGBoost,3120,2006-10-31 00:30:00,161,147.62
XGBoost,3120,2006-10-31 00:45:00,134,140.07
XGBoost,3120,2006-10-31 01:00:00,127,123.29
XGBoost,3120,2006-10-31 01:15:00,132,114.66
XGBoost,3120,2006-10-31 01:30:00,110,119.48
XGBoost,3120,2006-10-31 01:45:00,104,104.07
XGBoost,3120,2006-10-31 02:00:00,108,105.15
XGBoost,3120,2006-10-31 02:15:00,119,106.06
XGBoost,3120,2006-10-31 02:30:00,114,117.16
XGBoost,3120,2006-10-31 02:45:00,112,108.23
XGBoost,3120,2006-10-31 03:00:00,110,107.28
XGBoost,3120,2006-10-31 03:15:00,117,107.28
XGBoost,3120,2006-10-31 03:30:00,106,112.64
XGBoost,3120,2006-10-31 03:45:00,110,105.09
XGBoost,3120,2006-10-31 04:00:00,106,110.53
XGBoost,3120,2006-10-31 04:15:00,102,108.78
XGBoost,3120,2006-10-31 04:30:00,121,106.94
XGBoost,3120,2006-10-31 04:45:00,144,126.75
XGBoost,3120,2006-10-31 05:00:00,136,149.24
XGBoost,3120,2006-10-31 05:15:00,174,156.11
XGBoost,3120,2006-10-31 05:30:00,186,186.21
XGBoost,3120,2006-10-31 05:45:00,223,212.91
XGBoost,3120,2006-10-31 06:00:00,309,282.27
XGBoost,3120,2006-10-31 06:15:00,413,397.36
XGBoost,3120,2006-10-31 06:30:00,555,512.94
XGBoost,3120,2006-10-31 06:45:00,672,644.02
XGBoost,3120,2006-10-31 07:00:00,722,698.46
XGBoost,3120,2006-10-31 07:15:00,802,792.39
XGBoost,3120,2006-10-31 07:30:00,847,842.35
XGBoost,3120,2006-10-31 07:45:00,878,898.45
XGBoost,3120,2006-10-31 08:00:00,892,913.36
XGBoost,3120,2006-10-31 08:15:00,934,873.57
XGBoost,3120,2006-10-31 08:30:00,831,904.0
XGBoost,3120,2006-10-31 08:45:00,809,831.14
XGBoost,3120,2006-10-31 09:00:00,751,767.94
XGBoost,3120,2006-10-31 09:15:00,724,729.57
XGBoost,3120,2006-10-31 09:30:00,750,661.67
XGBoost,3120,2006-10-31 09:45:00,740,669.67
XGBoost,3120,2006-10-31 10:00:00,623,673.76
XGBoost,3120,2006-10-31 10:15:00,650,659.92
XGBoost,3120,2006-10-31 10:30:00,629,610.14
XGBoost,3120,2006-10-31 10:45:00,617,616.45
XGBoost,3120,2006-10-31 11:00:00,665,614.81
XGBoost,3120,2006-10-31 11:15:00,629,620.98
XGBoost,3120,2006-10-31 11:30:00,636,622.49
XGBoost,3120,2006-10-31 11:45:00,643,629.52
XGBoost,3120,2006-10-31 12:00:00,675,638.49
XGBoost,3120,2006-10-31 12:15:00,611,666.05
XGBoost,3120,2006-10-31 12:30:00,620,629.81
XGBoost,3120,2006-10-31 12:45:00,647,619.48
XGBoost,3120,2006-10-31 13:00:00,628,644.21
XGBoost,3120,2006-10-31 13:15:00,645,613.72
XGBoost,3120,2006-10-31 13:30:00,653,646.63
XGBoost,3120,2006-10-31 13:45:00,639,666.55
XGBoost,3120,2006-10-31 14:00:00,627,651.3
XGBoost,3120,2006-10-31 14:15:00,730,632.8
XGBoost,3120,2006-10-31 14:30:00,646,679.64
XGBoost,3120,2006-10-31 14:45:00,661,692.29
XGBoost,3120,2006-10-31 15:00:00,661,700.97
XGBoost,3120,2006-10-31 15:15:00,742,709.92
XGBoost,3120,2006-10-31 15:30:00,688,721.3
XGBoost,3120,2006-10-31 15:45:00,710,713.12
XGBoost,3120,2006-10-31 16:00:00,716,726.17
XGBoost,3120,2006-10-31 16:15:00,691,744.08
XGBoost,3120,2006-10-31 16:30:00,671,753.89
XGBoost,3120,2006-10-31 16:45:00,702,731.75
XGBoost,3120,2006-10-31 17:00:00,697,732.94
XGBoost,3120,2006-10-31 17:15:00,753,764.24
XGBoost,3120,2006-10-31 17:30:00,766,774.22
XGBoost,3120,2006-10-31 17:45:00,795,792.91
XGBoost,3120,2006-10-31 18:00:00,697,761.66
XGBoost,3120,2006-10-31 18:15:00,680,730.77
XGBoost,3120,2006-10-31 18:30:00,759,702.43
XGBoost,3120,2006-10-31 18:45:00,712,671.34
XGBoost,3120,2006-10-31 19:00:00,627,628.04
XGBoost,3120,2006-10-31 19:15:00,626,569.86
XGBoost,3120,2006-10-31 19:30:00,565,542.18
XGBoost,3120,2006-10-31 19:45:00,496,510.57
XGBoost,3120,2006-10-31 20:00:00,487,473.23
XGBoost,3120,2006-10-31 20:15:00,472,435.49
XGBoost,3120,2006-10-31 20:30:00,433,427.79
XGBoost,3120,2006-10-31 20:45:00,394,405.7
XGBoost,3120,2006-10-31 21:00:00,425,403.47
XGBoost,3120,2006-10-31 21:15:00,420,410.64
XGBoost,3120,2006-10-31 21:30:00,422,409.66
XGBoost,3120,2006-10-31 21:45:00,386,400.7
XGBoost,3120,2006-10-31 22:00:00,401,356.9
XGBoost,3120,2006-10-31 22:15:00,372,371.21
XGBoost,3120,2006-10-31 22:30:00,326,350.96
XGBoost,3120,2006-10-31 22:45:00,302,297.57
XGBoost,3120,2006-10-31 23:00:00,286,282.51
XGBoost,3120,2006-10-31 23:15:00,234,258.53
XGBoost,3120,2006-10-31 23:30:00,232,227.17
XGBoost,3120,2006-10-31 23:45:00,203,207.51
XGBoost,3122,2006-10-27 12:00:00,594,579.65
XGBoost,3122,2006-10-27 12:15:00,605,582.62
XGBoost,3122,2006-10-27 12:30:00,647,573.21
XGBoost,3122,2006-10-27 12:45:00,637,599.38
XGBoost,3122,2006-10-27 13:00:00,585,602.5
XGBoost,3122,2006-10-27 13:15:00,586,577.81
XGBoost,3122,2006-10-27 13:30:00,634,596.04
XGBoost,3122,2006-10-27 13:45:00,573,614.79
XGBoost,3122,2006-10-27 14:00:00,599,591.15
XGBoost,3122,2006-10-27 14:15:00,562,597.42
XGBoost,3122,2006-10-27 14:30:00,641,608.38
XGBoost,3122,2006-10-27 14:45:00,638,621.9
XGBoost,3122,2006-10-27 15:00:00,675,694.46
XGBoost,3122,2006-10-27 15:15:00,668,705.33
XGBoost,3122,2006-10-27 15:30:00,722,690.97
XGBoost,3122,2006-10-27 15:45:00,692,729.72
XGBoost,3122,2006-10-27 16:00:00,774,725.66
XGBoost,3122,2006-10-27 16:15:00,737,773.77
XGBoost,3122,2006-10-27 16:30:00,766,774.94
XGBoost,3122,2006-10-27 16:45:00,673,764.31
XGBoost,3122,2006-10-27 17:00:00,725,751.38
XGBoost,3122,2006-10-27 17:15:00,846,773.67
XGBoost,3122,2006-10-27 17:30:00,803,796.31
XGBoost,3122,2006-10-27 17:45:00,836,787.62
XGBoost,3122,2006-10-27 18:00:00,794,794.25
XGBoost,3122,2006-10-27 18:15:00,744,774.9
XGBoost,3122,2006-10-27 18:30:00,658,704.64
XGBoost,3122,2006-10-27 18:45:00,640,651.95
XGBoost,3122,2006-10-27 19:00:00,572,586.67
XGBoost,3122,2006-10-27 19:15:00,540,526.03
XGBoost,3122,2006-10-27 19:30:00,450,474.35
XGBoost,3122,2006-10-27 19:45:00,376,409.53
XGBoost,3122,2006-10-27 20:00:00,340,346.94
XGBoost,3122,2006-10-27 20:15:00,290,314.64
XGBoost,3122,2006-10-27 20:30:00,280,299.85
XGBoost,3122,2006-10-27 20:45:00,241,282.33
XGBoost,3122,2006-10-27 21:00:00,275,282.37
XGBoost,3122,2006-10-27 21:15:00,279,265.94
XGBoost,3122,2006-10-27 21:30:00,245,273.0
XGBoost,3122,2006-10-27 21:45:00,226,240.21
XGBoost,3122,2006-10-27 22:00:00,224,224.56
XGBoost,3122,2006-10-27 22:15:00,233,219.26
XGBoost,3122,2006-10-27 22:30:00,204,221.78
XGBoost,3122,2006-10-27 22:45:00,194,200.92
XGBoost,3122,2006-10-27 23:00:00,220,174.0
XGBoost,3122,2006-10-27 23:15:00,208,186.77
XGBoost,3122,2006-10-27 23:30:00,190,185.16
XGBoost,3122,2006-10-27 23:45:00,142,168.45
XGBoost,3122,2006-10-28 00:00:00,158,132.89
XGBoost,3122,2006-10-28 00:15:00,111,133.74
XGBoost,3122,2006-10-28 00:30:00,112,108.08
XGBoost,3122,2006-10-28 00:45:00,88,95.72
XGBoost,3122,2006-10-28 01:00:00,75,82.31
XGBoost,3122,2006-10-28 01:15:00,64,67.15
XGBoost,3122,2006-10-28 01:30:00,73,57.92
XGBoost,3122,2006-10-28 01:45:00,56,59.05
XGBoost,3122,2006-10-28 02:00:00,57,53.79
XGBoost,3122,2006-10-28 02:15:00,51,50.93
XGBoost,3122,2006-10-28 02:30:00,21,44.12
XGBoost,3122,2006-10-28 02:45:00,32,27.72
XGBoost,3122,2006-10-28 03:00:00,23,27.01
XGBoost,3122,2006-10-28 03:15:00,28,26.62
XGBoost,3122,2006-10-28 03:30:00,25,23.51
XGBoost,3122,2006-10-28 03:45:00,33,22.7
XGBoost,3122,2006-10-28 04:00:00,22,29.57
XGBoost,3122,2006-10-28 04:15:00,40,26.39
XGBoost,3122,2006-10-28 04:30:00,25,36.41
XGBoost,3122,2006-10-28 04:45:00,24,28.61
XGBoost,3122,2006-10-28 05:00:00,23,31.16
XGBoost,3122,2006-10-28 05:15:00,41,34.96
XGBoost,3122,2006-10-28 05:30:00,37,50.94
XGBoost,3122,2006-10-28 05:45:00,69,49.39
XGBoost,3122,2006-10-28 06:00:00,58,80.0
XGBoost,3122,2006-10-28 06:15:00,95,81.89
XGBoost,3122,2006-10-28 06:30:00,118,121.46
XGBoost,3122,2006-10-28 06:45:00,155,151.54
XGBoost,3122,2006-10-28 07:00:00,119,166.08
XGBoost,3122,2006-10-28 07:15:00,143,158.13
XGBoost,3122,2006-10-28 07:30:00,209,182.98
XGBoost,3122,2006-10-28 07:45:00,269,234.42
XGBoost,3122,2006-10-28 08:00:00,301,272.83
XGBoost,3122,2006-10-28 08:15:00,335,326.53
XGBoost,3122,2006-10-28 08:30:00,401,375.81
XGBoost,3122,2006-10-28 08:45:00,449,445.97
XGBoost,3122,2006-10-28 09:00:00,425,502.25
XGBoost,3122,2006-10-28 09:15:00,468,509.48
XGBoost,3122,2006-10-28 09:30:00,479,515.61
XGBoost,3122,2006-10-28 09:45:00,542,519.07
XGBoost,3122,2006-10-28 10:00:00,547,539.47
XGBoost,3122,2006-10-28 10:15:00,539,567.72
XGBoost,3122,2006-10-28 10:30:00,595,568.25
XGBoost,3122,2006-10-28 10:45:00,617,587.45
XGBoost,3122,2006-10-28 11:00:00,600,611.22
XGBoost,3122,2006-10-28 11:15:00,651,606.53
XGBoost,3122,2006-10-28 11:30:00,695,633.01
XGBoost,3122,2006-10-28 11:45:00,721,675.17
XGBoost,3122,2006-10-28 12:00:00,665,691.35
XGBoost,3122,2006-10-28 12:15:00,695,676.35
XGBoost,3122,2006-10-28 12:30:00,641,702.52
XGBoost,3122,2006-10-28 12:45:00,638,678.93
XGBoost,3122,2006-10-28 13:00:00,685,638.65
XGBoost,3122,2006-10-28 13:15:00,675,655.17
XGBoost,3122,2006-10-28 13:30:00,653,672.22
XGBoost,3122,2006-10-28 13:45:00,644,643.94
XGBoost,3122,2006-10-28 14:00:00,635,645.73
XGBoost,3122,2006-10-28 14:15:00,599,630.98
XGBoost,3122,2006-10-28 14:30:00,620,625.31
XGBoost,3122,2006-10-28 14:45:00,565,623.58
XGBoost,3122,2006-10-28 15:00:00,605,611.5
XGBoost,3122,2006-10-28 15:15:00,583,601.69
XGBoost,3122,2006-10-28 15:30:00,576,606.12
XGBoost,3122,2006-10-28 15:45:00,535,586.62
XGBoost,3122,2006-10-28 16:00:00,543,579.51
XGBoost,3122,2006-10-28 16:15:00,569,563.87
XGBoost,3122,2006-10-28 16:30:00,531,580.89
XGBoost,3122,2006-10-28 16:45:00,572,555.36
XGBoost,3122,2006-10-28 17:00:00,594,574.56
XGBoost,3122,2006-10-28 17:15:00,572,595.5
XGBoost,3122,2006-10-28 17:30:00,558,594.33
XGBoost,3122,2006-10-28 17:45:00,544,593.98
XGBoost,3122,2006-10-28 18:00:00,537,542.04
XGBoost,3122,2006-10-28 18:15:00,532,535.18
XGBoost,3122,2006-10-28 18:30:00,471,521.63
XGBoost,3122,2006-10-28 18:45:00,451,479.37
XGBoost,3122,2006-10-28 19:00:00,448,421.79
XGBoost,3122,2006-10-28 19:15:00,390,408.4
XGBoost,3122,2006-10-28 19:30:00,355,363.78
XGBoost,3122,2006-10-28 19:45:00,327,323.61
XGBoost,3122,2006-10-28 20:00:00,252,321.63
XGBoost,3122,2006-10-28 20:15:00,243,253.08
XGBoost,3122,2006-10-28 20:30:00,251,232.43
XGBoost,3122,2006-10-28 20:45:00,259,226.44
XGBoost,3122,2006-10-28 21:00:00,217,250.61
XGBoost,3122,2006-10-28 21:15:00,260,228.66
XGBoost,3122,2006-10-28 21:30:00,228,234.42
XGBoost,3122,2006-10-28 21:45:00,213,219.78
XGBoost,3122,2006-10-28 22:00:00,214,213.8
XGBoost,3122,2006-10-28 22:15:00,221,214.13
XGBoost,3122,2006-10-28 22:30:00,198,214.05
XGBoost,3122,2006-10-28 22:45:00,236,204.04
XGBoost,3122,2006-10-28 23:00:00,249,215.62
XGBoost,3122,2006-10-28 23:15:00,219,229.14
XGBoost,3122,2006-10-28 23:30:00,207,215.6
XGBoost,3122,2006-10-28 23:45:00,195,194.37
XGBoost,3122,2006-10-29 00:00:00,197,181.08
XGBoost,3122,2006-10-29 00:15:00,197,175.76
XGBoost,3122,2006-10-29 00:30:00,147,175.6
XGBoost,3122,2006-10-29 00:45:00,105,140.03
XGBoost,3122,2006-10-29 01:00:00,94,101.98
XGBoost,3122,2006-10-29 01:15:00,97,85.97
XGBoost,3122,2006-10-29 01:30:00,92,85.1
XGBoost,3122,2006-10-29 01:45:00,0,80.01
XGBoost,3122,2006-10-29 02:00:00,0,45.25
XGBoost,3122,2006-10-29 02:15:00,0,24.21
XGBoost,3122,2006-10-29 02:30:00,0,17.78
XGBoost,3122,2006-10-29 02:45:00,70,13.7
XGBoost,3122,2006-10-29 03:00:00,76,48.12
XGBoost,3122,2006-10-29 03:15:00,60,60.99
XGBoost,3122,2006-10-29 03:30:00,56,53.5
XGBoost,3122,2006-10-29 03:45:00,49,56.03
XGBoost,3122,2006-10-29 04:00:00,58,49.49
XGBoost,3122,2006-10-29 04:15:00,44,54.83
XGBoost,3122,2006-10-29 04:30:00,45,47.01
XGBoost,3122,2006-10-29 04:45:00,41,40.26
XGBoost,3122,2006-10-29 05:00:00,30,45.45
XGBoost,3122,2006-10-29 05:15:00,41,39.86
XGBoost,3122,2006-10-29 05:30:00,48,41.44
XGBoost,3122,2006-10-29 05:45:00,53,56.72
XGBoost,3122,2006-10-29 06:00:00,51,58.65
XGBoost,3122,2006-10-29 06:15:00,61,64.6
XGBoost,3122,2006-10-29 06:30:00,83,75.0
XGBoost,3122,2006-10-29 06:45:00,101,93.35
XGBoost,3122,2006-10-29 07:00:00,89,102.74
XGBoost,3122,2006-10-29 07:15:00,93,102.86
XGBoost,3122,2006-10-29 07:30:00,108,108.4
XGBoost,3122,2006-10-29 07:45:00,121,121.42
XGBoost,3122,2006-10-29 08:00:00,128,139.4
XGBoost,3122,2006-10-29 08:15:00,164,151.49
XGBoost,3122,2006-10-29 08:30:00,187,182.48
XGBoost,3122,2006-10-29 08:45:00,255,209.04
XGBoost,3122,2006-10-29 09:00:00,250,261.97
XGBoost,3122,2006-10-29 09:15:00,271,277.06
XGBoost,3122,2006-10-29 09:30:00,309,302.65
XGBoost,3122,2006-10-29 09:45:00,371,347.53
XGBoost,3122,2006-10-29 10:00:00,346,384.56
XGBoost,3122,2006-10-29 10:15:00,409,373.97
XGBoost,3122,2006-10-29 10:30:00,400,418.79
XGBoost,3122,2006-10-29 10:45:00,435,439.73
XGBoost,3122,2006-10-29 11:00:00,414,455.38
XGBoost,3122,2006-10-29 11:15:00,428,461.65
XGBoost,3122,2006-10-29 11:30:00,436,481.98
XGBoost,3122,2006-10-29 11:45:00,473,500.68
XGBoost,3122,2006-10-29 12:00:00,520,487.93
XGBoost,3122,2006-10-29 12:15:00,565,528.19
XGBoost,3122,2006-10-29 12:30:00,528,558.06
XGBoost,3122,2006-10-29 12:45:00,551,546.64
XGBoost,3122,2006-10-29 13:00:00,508,543.18
XGBoost,3122,2006-10-29 13:15:00,518,524.88
XGBoost,3122,2006-10-29 13:30:00,506,518.96
XGBoost,3122,2006-10-29 13:45:00,495,521.61
XGBoost,3122,2006-10-29 14:00:00,505,503.3
XGBoost,3122,2006-10-29 14:15:00,486,508.03
XGBoost,3122,2006-10-29 14:30:00,464,493.65
XGBoost,3122,2006-10-29 14:45:00,483,487.61
XGBoost,3122,2006-10-29 15:00:00,504,496.14
XGBoost,3122,2006-10-29 15:15:00,502,506.27
XGBoost,3122,2006-10-29 15:30:00,519,503.57
XGBoost,3122,2006-10-29 15:45:00,488,510.43
XGBoost,3122,2006-10-29 16:00:00,502,494.99
XGBoost,3122,2006-10-29 16:15:00,505,498.86
XGBoost,3122,2006-10-29 16:30:00,524,498.8
XGBoost,3122,2006-10-29 16:45:00,544,514.53
XGBoost,3122,2006-10-29 17:00:00,535,531.15
XGBoost,3122,2006-10-29 17:15:00,523,531.8
XGBoost,3122,2006-10-29 17:30:00,507,528.83
XGBoost,3122,2006-10-29 17:45:00,485,513.53
XGBoost,3122,2006-10-29 18:00:00,429,449.7
XGBoost,3122,2006-10-29 18:15:00,430,410.83
XGBoost,3122,2006-10-29 18:30:00,357,396.08
XGBoost,3122,2006-10-29 18:45:00,371,349.96
XGBoost,3122,2006-10-29 19:00:00,324,329.53
XGBoost,3122,2006-10-29 19:15:00,271,306.85
XGBoost,3122,2006-10-29 19:30:00,265,255.79
XGBoost,3122,2006-10-29 19:45:00,238,238.26
XGBoost,3122,2006-10-29 20:00:00,209,224.77
XGBoost,3122,2006-10-29 20:15:00,218,199.86
XGBoost,3122,2006-10-29 20:30:00,252,202.8
XGBoost,3122,2006-10-29 20:45:00,214,222.73
XGBoost,3122,2006-10-29 21:00:00,203,202.67
XGBoost,3122,2006-10-29 21:15:00,205,201.28
XGBoost,3122,2006-10-29 21:30:00,182,195.53
XGBoost,3122,2006-10-29 21:45:00,188,179.1
XGBoost,3122,2006-10-29 22:00:00,150,167.87
XGBoost,3122,2006-10-29 22:15:00,157,148.42
XGBoost,3122,2006-10-29 22:30:00,138,144.5
XGBoost,3122,2006-10-29 22:45:00,127,132.56
XGBoost,3122,2006-10-29 23:00:00,87,112.33
XGBoost,3122,2006-10-29 23:15:00,92,83.32
XGBoost,3122,2006-10-29 23:30:00,77,77.11
XGBoost,3122,2006-10-29 23:45:00,53,69.9
XGBoost,3122,2006-10-30 00:00:00,49,50.38
XGBoost,3122,2006-10-30 00:15:00,44,42.04
XGBoost,3122,2006-10-30 00:30:00,37,37.35
XGBoost,3122,2006-10-30 00:45:00,31,32.01
XGBoost,3122,2006-10-30 01:00:00,20,28.12
XGBoost,3122,2006-10-30 01:15:00,29,21.28
XGBoost,3122,2006-10-30 01:30:00,16,23.04
XGBoost,3122,2006-10-30 01:45:00,21,15.51
XGBoost,3122,2006-10-30 02:00:00,15,15.96
XGBoost,3122,2006-10-30 02:15:00,19,13.21
XGBoost,3122,2006-10-30 02:30:00,15,13.75
XGBoost,3122,2006-10-30 02:45:00,13,15.39
XGBoost,3122,2006-10-30 03:00:00,8,14.79
XGBoost,3122,2006-10-30 03:15:00,8,14.06
XGBoost,3122,2006-10-30 03:30:00,19,13.3
XGBoost,3122,2006-10-30 03:45:00,12,15.12
XGBoost,3122,2006-10-30 04:00:00,17,22.89
XGBoost,3122,2006-10-30 04:15:00,21,21.43
XGBoost,3122,2006-10-30 04:30:00,23,26.96
XGBoost,3122,2006-10-30 04:45:00,23,28.6
XGBoost,3122,2006-10-30 05:00:00,42,34.08
XGBoost,3122,2006-10-30 05:15:00,40,49.3
XGBoost,3122,2006-10-30 05:30:00,73,57.63
XGBoost,3122,2006-10-30 05:45:00,72,81.41
XGBoost,3122,2006-10-30 06:00:00,112,95.7
XGBoost,3122,2006-10-30 06:15:00,181,142.6
XGBoost,3122,2006-10-30 06:30:00,302,234.23
XGBoost,3122,2006-10-30 06:45:00,385,367.41
XGBoost,3122,2006-10-30 07:00:00,505,488.84
XGBoost,3122,2006-10-30 07:15:00,682,620.11
XGBoost,3122,2006-10-30 07:30:00,638,746.36
XGBoost,3122,2006-10-30 07:45:00,638,765.48
XGBoost,3122,2006-10-30 08:00:00,665,649.07
XGBoost,3122,2006-10-30 08:15:00,727,669.12
XGBoost,3122,2006-10-30 08:30:00,677,683.85
XGBoost,3122,2006-10-30 08:45:00,562,666.4
XGBoost,3122,2006-10-30 09:00:00,689,526.45
XGBoost,3122,2006-10-30 09:15:00,586,607.37
XGBoost,3122,2006-10-30 09:30:00,554,558.21
XGBoost,3122,2006-10-30 09:45:00,497,507.06
XGBoost,3122,2006-10-30 10:00:00,461,492.57
XGBoost,3122,2006-10-30 10:15:00,516,456.36
XGBoost,3122,2006-10-30 10:30:00,470,471.62
XGBoost,3122,2006-10-30 10:45:00,459,468.44
XGBoost,3122,2006-10-30 11:00:00,457,454.74
XGBoost,3122,2006-10-30 11:15:00,442,456.77
XGBoost,3122,2006-10-30 11:30:00,495,450.53
XGBoost,3122,2006-10-30 11:45:00,510,480.8
XGBoost,3122,2006-10-30 12:00:00,526,493.32
XGBoost,3122,2006-10-30 12:15:00,515,520.35
XGBoost,3122,2006-10-30 12:30:00,524,511.82
XGBoost,3122,2006-10-30 12:45:00,460,521.55
XGBoost,3122,2006-10-30 13:00:00,463,492.36
XGBoost,3122,2006-10-30 13:15:00,506,481.82
XGBoost,3122,2006-10-30 13:30:00,528,491.82
XGBoost,3122,2006-10-30 13:45:00,516,498.27
XGBoost,3122,2006-10-30 14:00:00,508,529.75
XGBoost,3122,2006-10-30 14:15:00,538,520.71
XGBoost,3122,2006-10-30 14:30:00,543,532.42
XGBoost,3122,2006-10-30 14:45:00,581,540.11
XGBoost,3122,2006-10-30 15:00:00,642,592.51
XGBoost,3122,2006-10-30 15:15:00,648,635.25
XGBoost,3122,2006-10-30 15:30:00,658,653.86
XGBoost,3122,2006-10-30 15:45:00,720,664.89
XGBoost,3122,2006-10-30 16:00:00,684,708.91
XGBoost,3122,2006-10-30 16:15:00,665,705.68
XGBoost,3122,2006-10-30 16:30:00,704,693.49
XGBoost,3122,2006-10-30 16:45:00,677,717.32
XGBoost,3122,2006-10-30 17:00:00,721,707.15
XGBoost,3122,2006-10-30 17:15:00,783,730.67
XGBoost,3122,2006-10-30 17:30:00,771,779.18
XGBoost,3122,2006-10-30 17:45:00,761,783.29
XGBoost,3122,2006-10-30 18:00:00,754,701.65
XGBoost,3122,2006-10-30 18:15:00,663,704.3
XGBoost,3122,2006-10-30 18:30:00,607,631.3
XGBoost,3122,2006-10-30 18:45:00,552,571.31
XGBoost,3122,2006-10-30 19:00:00,468,493.87
XGBoost,3122,2006-10-30 19:15:00,429,423.56
XGBoost,3122,2006-10-30 19:30:00,338,385.86
XGBoost,3122,2006-10-30 19:45:00,334,303.7
XGBoost,3122,2006-10-30 20:00:00,286,291.34
XGBoost,3122,2006-10-30 20:15:00,269,268.82
XGBoost,3122,2006-10-30 20:30:00,257,268.37
XGBoost,3122,2006-10-30 20:45:00,231,247.84
XGBoost,3122,2006-10-30 21:00:00,232,226.96
XGBoost,3122,2006-10-30 21:15:00,187,222.78
XGBoost,3122,2006-10-30 21:30:00,224,193.56
XGBoost,3122,2006-10-30 21:45:00,216,204.05
XGBoost,3122,2006-10-30 22:00:00,183,189.5
XGBoost,3122,2006-10-30 22:15:00,175,172.39
XGBoost,3122,2006-10-30 22:30:00,165,153.01
XGBoost,3122,2006-10-30 22:45:00,93,146.6
XGBoost,3122,2006-10-30 23:00:00,98,88.47
XGBoost,3122,2006-10-30 23:15:00,70,80.27
XGBoost,3122,2006-10-30 23:30:00,71,63.43
XGBoost,3122,2006-10-30 23:45:00,55,56.79
XGBoost,3122,2006-10-31 00:00:00,45,46.61
XGBoost,3122,2006-10-31 00:15:00,34,38.49
XGBoost,3122,2006-10-31 00:30:00,41,31.14
XGBoost,3122,2006-10-31 00:45:00,29,31.67
XGBoost,3122,2006-10-31 01:00:00,12,25.79
XGBoost,3122,2006-10-31 01:15:00,23,17.95
XGBoost,3122,2006-10-31 01:30:00,13,17.68
XGBoost,3122,2006-10-31 01:45:00,9,14.7
XGBoost,3122,2006-10-31 02:00:00,12,11.55
XGBoost,3122,2006-10-31 02:15:00,22,12.42
XGBoost,3122,2006-10-31 02:30:00,11,14.44
XGBoost,3122,2006-10-31 02:45:00,11,12.31
XGBoost,3122,2006-10-31 03:00:00,14,11.89
XGBoost,3122,2006-10-31 03:15:00,13,12.09
XGBoost,3122,2006-10-31 03:30:00,7,12.72
XGBoost,3122,2006-10-31 03:45:00,14,11.45
XGBoost,3122,2006-10-31 04:00:00,10,16.5
XGBoost,3122,2006-10-31 04:15:00,17,16.65
XGBoost,3122,2006-10-31 04:30:00,19,19.18
XGBoost,3122,2006-10-31 04:45:00,30,21.64
XGBoost,3122,2006-10-31 05:00:00,31,38.4
XGBoost,3122,2006-10-31 05:15:00,52,42.46
XGBoost,3122,2006-10-31 05:30:00,65,68.77
XGBoost,3122,2006-10-31 05:45:00,87,85.11
XGBoost,3122,2006-10-31 06:00:00,131,127.13
XGBoost,3122,2006-10-31 06:15:00,178,190.75
XGBoost,3122,2006-10-31 06:30:00,349,265.04
XGBoost,3122,2006-10-31 06:45:00,448,424.67
XGBoost,3122,2006-10-31 07:00:00,539,531.53
XGBoost,3122,2006-10-31 07:15:00,657,687.37
XGBoost,3122,2006-10-31 07:30:00,657,686.17
XGBoost,3122,2006-10-31 07:45:00,659,698.51
XGBoost,3122,2006-10-31 08:00:00,642,682.89
XGBoost,3122,2006-10-31 08:15:00,697,693.41
XGBoost,3122,2006-10-31 08:30:00,651,677.3
XGBoost,3122,2006-10-31 08:45:00,662,613.92
XGBoost,3122,2006-10-31 09:00:00,667,644.27
XGBoost,3122,2006-10-31 09:15:00,651,601.43
XGBoost,3122,2006-10-31 09:30:00,616,582.49
XGBoost,3122,2006-10-31 09:45:00,584,550.31
XGBoost,3122,2006-10-31 10:00:00,526,560.74
XGBoost,3122,2006-10-31 10:15:00,498,541.61
XGBoost,3122,2006-10-31 10:30:00,500,506.23
XGBoost,3122,2006-10-31 10:45:00,504,493.12
XGBoost,3122,2006-10-31 11:00:00,527,500.09
XGBoost,3122,2006-10-31 11:15:00,524,495.57
XGBoost,3122,2006-10-31 11:30:00,533,516.43
XGBoost,3122,2006-10-31 11:45:00,531,521.11
XGBoost,3122,2006-10-31 12:00:00,561,533.82
XGBoost,3122,2006-10-31 12:15:00,508,539.34
XGBoost,3122,2006-10-31 12:30:00,505,536.98
XGBoost,3122,2006-10-31 12:45:00,537,504.16
XGBoost,3122,2006-10-31 13:00:00,530,509.65
XGBoost,3122,2006-10-31 13:15:00,519,525.67
XGBoost,3122,2006-10-31 13:30:00,545,528.65
XGBoost,3122,2006-10-31 13:45:00,506,530.21
XGBoost,3122,2006-10-31 14:00:00,550,541.77
XGBoost,3122,2006-10-31 14:15:00,584,548.14
XGBoost,3122,2006-10-31 14:30:00,586,579.61
XGBoost,3122,2006-10-31 14:45:00,595,597.07
XGBoost,3122,2006-10-31 15:00:00,661,632.2
XGBoost,3122,2006-10-31 15:15:00,648,667.25
XGBoost,3122,2006-10-31 15:30:00,691,677.6
XGBoost,3122,2006-10-31 15:45:00,686,718.18
XGBoost,3122,2006-10-31 16:00:00,662,713.87
XGBoost,3122,2006-10-31 16:15:00,720,693.71
XGBoost,3122,2006-10-31 16:30:00,749,721.19
XGBoost,3122,2006-10-31 16:45:00,652,727.64
XGBoost,3122,2006-10-31 17:00:00,713,725.13
XGBoost,3122,2006-10-31 17:15:00,756,769.64
XGBoost,3122,2006-10-31 17:30:00,805,784.0
XGBoost,3122,2006-10-31 17:45:00,749,790.75
XGBoost,3122,2006-10-31 18:00:00,755,752.24
XGBoost,3122,2006-10-31 18:15:00,708,700.29
XGBoost,3122,2006-10-31 18:30:00,638,673.65
XGBoost,3122,2006-10-31 18:45:00,498,607.16
XGBoost,3122,2006-10-31 19:00:00,476,492.2
XGBoost,3122,2006-10-31 19:15:00,435,429.02
XGBoost,3122,2006-10-31 19:30:00,464,391.59
XGBoost,3122,2006-10-31 19:45:00,354,396.12
XGBoost,3122,2006-10-31 20:00:00,351,343.55
XGBoost,3122,2006-10-31 20:15:00,337,321.01
XGBoost,3122,2006-10-31 20:30:00,308,310.02
XGBoost,3122,2006-10-31 20:45:00,254,281.95
XGBoost,3122,2006-10-31 21:00:00,243,259.08
XGBoost,3122,2006-10-31 21:15:00,279,223.85
XGBoost,3122,2006-10-31 21:30:00,252,254.16
XGBoost,3122,2006-10-31 21:45:00,233,242.33
XGBoost,3122,2006-10-31 22:00:00,247,210.36
XGBoost,3122,2006-10-31 22:15:00,243,211.06
XGBoost,3122,2006-10-31 22:30:00,204,206.91
XGBoost,3122,2006-10-31 22:45:00,164,180.75
XGBoost,3122,2006-10-31 23:00:00,145,141.75
XGBoost,3122,2006-10-31 23:15:00,82,117.24
XGBoost,3122,2006-10-31 23:30:00,89,81.63
XGBoost,3122,2006-10-31 23:45:00,73,72.23
XGBoost,3126,2006-10-27 12:00:00,528,609.25
XGBoost,3126,2006-10-27 12:15:00,585,568.88
XGBoost,3126,2006-10-27 12:30:00,543,562.24
XGBoost,3126,2006-10-27 12:45:00,503,565.31
XGBoost,3126,2006-10-27 13:00:00,557,547.47
XGBoost,3126,2006-10-27 13:15:00,617,555.71
XGBoost,3126,2006-10-27 13:30:00,577,597.46
XGBoost,3126,2006-10-27 13:45:00,512,570.92
XGBoost,3126,2006-10-27 14:00:00,586,566.78
XGBoost,3126,2006-10-27 14:15:00,575,574.24
XGBoost,3126,2006-10-27 14:30:00,607,599.12
XGBoost,3126,2006-10-27 14:45:00,587,615.72
XGBoost,3126,2006-10-27 15:00:00,573,623.75
XGBoost,3126,2006-10-27 15:15:00,567,628.91
XGBoost,3126,2006-10-27 15:30:00,589,612.78
XGBoost,3126,2006-10-27 15:45:00,660,663.81
XGBoost,3126,2006-10-27 16:00:00,622,694.83
XGBoost,3126,2006-10-27 16:15:00,791,692.0
XGBoost,3126,2006-10-27 16:30:00,779,769.98
XGBoost,3126,2006-10-27 16:45:00,797,797.69
XGBoost,3126,2006-10-27 17:00:00,861,791.04
XGBoost,3126,2006-10-27 17:15:00,862,869.33
XGBoost,3126,2006-10-27 17:30:00,863,879.17
XGBoost,3126,2006-10-27 17:45:00,897,856.28
XGBoost,3126,2006-10-27 18:00:00,819,858.59
XGBoost,3126,2006-10-27 18:15:00,815,790.43
XGBoost,3126,2006-10-27 18:30:00,719,751.59
XGBoost,3126,2006-10-27 18:45:00,666,666.24
XGBoost,3126,2006-10-27 19:00:00,627,598.93
XGBoost,3126,2006-10-27 19:15:00,523,614.73
XGBoost,3126,2006-10-27 19:30:00,553,511.14
XGBoost,3126,2006-10-27 19:45:00,462,474.44
XGBoost,3126,2006-10-27 20:00:00,407,444.77
XGBoost,3126,2006-10-27 20:15:00,352,393.27
XGBoost,3126,2006-10-27 20:30:00,407,359.67
XGBoost,3126,2006-10-27 20:45:00,360,366.55
XGBoost,3126,2006-10-27 21:00:00,369,366.94
XGBoost,3126,2006-10-27 21:15:00,415,361.49
XGBoost,3126,2006-10-27 21:30:00,356,381.29
XGBoost,3126,2006-10-27 21:45:00,286,349.49
XGBoost,3126,2006-10-27 22:00:00,281,303.57
XGBoost,3126,2006-10-27 22:15:00,348,294.34
XGBoost,3126,2006-10-27 22:30:00,335,304.39
XGBoost,3126,2006-10-27 22:45:00,296,307.51
XGBoost,3126,2006-10-27 23:00:00,348,275.92
XGBoost,3126,2006-10-27 23:15:00,268,298.87
XGBoost,3126,2006-10-27 23:30:00,259,250.8
XGBoost,3126,2006-10-27 23:45:00,225,222.8
XGBoost,3126,2006-10-28 00:00:00,195,199.7
XGBoost,3126,2006-10-28 00:15:00,168,178.23
XGBoost,3126,2006-10-28 00:30:00,146,153.99
XGBoost,3126,2006-10-28 00:45:00,141,129.13
XGBoost,3126,2006-10-28 01:00:00,151,123.24
XGBoost,3126,2006-10-28 01:15:00,98,126.21
XGBoost,3126,2006-10-28 01:30:00,87,98.39
XGBoost,3126,2006-10-28 01:45:00,103,78.85
XGBoost,3126,2006-10-28 02:00:00,74,90.76
XGBoost,3126,2006-10-28 02:15:00,69,72.32
XGBoost,3126,2006-10-28 02:30:00,54,62.68
XGBoost,3126,2006-10-28 02:45:00,47,53.46
XGBoost,3126,2006-10-28 03:00:00,34,45.96
XGBoost,3126,2006-10-28 03:15:00,56,34.81
XGBoost,3126,2006-10-28 03:30:00,28,44.57
XGBoost,3126,2006-10-28 03:45:00,40,34.98
XGBoost,3126,2006-10-28 04:00:00,50,37.1
XGBoost,3126,2006-10-28 04:15:00,49,43.21
XGBoost,3126,2006-10-28 04:30:00,53,44.39
XGBoost,3126,2006-10-28 04:45:00,45,50.62
XGBoost,3126,2006-10-28 05:00:00,57,60.8
XGBoost,3126,2006-10-28 05:15:00,56,69.98
XGBoost,3126,2006-10-28 05:30:00,69,75.33
XGBoost,3126,2006-10-28 05:45:00,110,85.31
XGBoost,3126,2006-10-28 06:00:00,98,131.48
XGBoost,3126,2006-10-28 06:15:00,138,136.42
XGBoost,3126,2006-10-28 06:30:00,178,167.52
XGBoost,3126,2006-10-28 06:45:00,189,222.26
XGBoost,3126,2006-10-28 07:00:00,185,221.1
XGBoost,3126,2006-10-28 07:15:00,214,224.48
XGBoost,3126,2006-10-28 07:30:00,261,253.66
XGBoost,3126,2006-10-28 07:45:00,307,306.08
XGBoost,3126,2006-10-28 08:00:00,422,339.03
XGBoost,3126,2006-10-28 08:15:00,445,469.78
XGBoost,3126,2006-10-28 08:30:00,481,527.96
XGBoost,3126,2006-10-28 08:45:00,539,545.63
XGBoost,3126,2006-10-28 09:00:00,535,561.99
XGBoost,3126,2006-10-28 09:15:00,527,576.63
XGBoost,3126,2006-10-28 09:30:00,550,574.92
XGBoost,3126,2006-10-28 09:45:00,590,591.58
XGBoost,3126,2006-10-28 10:00:00,471,595.05
XGBoost,3126,2006-10-28 10:15:00,598,561.07
XGBoost,3126,2006-10-28 10:30:00,585,578.74
XGBoost,3126,2006-10-28 10:45:00,627,624.62
XGBoost,3126,2006-10-28 11:00:00,592,615.09
XGBoost,3126,2006-10-28 11:15:00,585,621.14
XGBoost,3126,2006-10-28 11:30:00,521,637.09
XGBoost,3126,2006-10-28 11:45:00,626,605.15
XGBoost,3126,2006-10-28 12:00:00,587,590.03
XGBoost,3126,2006-10-28 12:15:00,625,620.59
XGBoost,3126,2006-10-28 12:30:00,593,614.98
XGBoost,3126,2006-10-28 12:45:00,568,603.34
XGBoost,3126,2006-10-28 13:00:00,566,596.3
XGBoost,3126,2006-10-28 13:15:00,541,596.17
XGBoost,3126,2006-10-28 13:30:00,615,573.93
XGBoost,3126,2006-10-28 13:45:00,610,575.46
XGBoost,3126,2006-10-28 14:00:00,596,602.33
XGBoost,3126,2006-10-28 14:15:00,637,598.78
XGBoost,3126,2006-10-28 14:30:00,569,623.91
XGBoost,3126,2006-10-28 14:45:00,643,594.49
XGBoost,3126,2006-10-28 15:00:00,596,600.04
XGBoost,3126,2006-10-28 15:15:00,549,599.51
XGBoost,3126,2006-10-28 15:30:00,573,586.24
XGBoost,3126,2006-10-28 15:45:00,601,583.6
XGBoost,3126,2006-10-28 16:00:00,638,587.31
XGBoost,3126,2006-10-28 16:15:00,663,619.07
XGBoost,3126,2006-10-28 16:30:00,554,644.89
XGBoost,3126,2006-10-28 16:45:00,561,602.97
XGBoost,3126,2006-10-28 17:00:00,624,593.93
XGBoost,3126,2006-10-28 17:15:00,640,615.13
XGBoost,3126,2006-10-28 17:30:00,657,622.29
XGBoost,3126,2006-10-28 17:45:00,612,642.6
XGBoost,3126,2006-10-28 18:00:00,584,598.86
XGBoost,3126,2006-10-28 18:15:00,609,588.92
XGBoost,3126,2006-10-28 18:30:00,539,576.99
XGBoost,3126,2006-10-28 18:45:00,542,550.18
XGBoost,3126,2006-10-28 19:00:00,486,501.09
XGBoost,3126,2006-10-28 19:15:00,496,442.47
XGBoost,3126,2006-10-28 19:30:00,432,444.64
XGBoost,3126,2006-10-28 19:45:00,397,389.22
XGBoost,3126,2006-10-28 20:00:00,337,374.53
XGBoost,3126,2006-10-28 20:15:00,397,335.03
XGBoost,3126,2006-10-28 20:30:00,352,349.53
XGBoost,3126,2006-10-28 20:45:00,286,344.99
XGBoost,3126,2006-10-28 21:00:00,321,311.98
XGBoost,3126,2006-10-28 21:15:00,286,320.8
XGBoost,3126,2006-10-28 21:30:00,303,294.91
XGBoost,3126,2006-10-28 21:45:00,301,288.35
XGBoost,3126,2006-10-28 22:00:00,303,293.37
XGBoost,3126,2006-10-28 22:15:00,318,310.37
XGBoost,3126,2006-10-28 22:30:00,308,310.5
XGBoost,3126,2006-10-28 22:45:00,326,303.03
XGBoost,3126,2006-10-28 23:00:00,322,318.9
XGBoost,3126,2006-10-28 23:15:00,255,300.74
XGBoost,3126,2006-10-28 23:30:00,281,260.65
XGBoost,3126,2006-10-28 23:45:00,275,253.8
XGBoost,3126,2006-10-29 00:00:00,286,254.65
XGBoost,3126,2006-10-29 00:15:00,284,254.19
XGBoost,3126,2006-10-29 00:30:00,241,253.89
XGBoost,3126,2006-10-29 00:45:00,182,215.72
XGBoost,3126,2006-10-29 01:00:00,155,176.59
XGBoost,3126,2006-10-29 01:15:00,149,142.34
XGBoost,3126,2006-10-29 01:30:00,119,128.87
XGBoost,3126,2006-10-29 01:45:00,77,113.0
XGBoost,3126,2006-10-29 02:00:00,66,82.15
XGBoost,3126,2006-10-29 02:15:00,68,65.08
XGBoost,3126,2006-10-29 02:30:00,45,62.36
XGBoost,3126,2006-10-29 02:45:00,93,49.65
XGBoost,3126,2006-10-29 03:00:00,110,71.08
XGBoost,3126,2006-10-29 03:15:00,100,96.91
XGBoost,3126,2006-10-29 03:30:00,70,91.96
XGBoost,3126,2006-10-29 03:45:00,82,74.24
XGBoost,3126,2006-10-29 04:00:00,84,70.82
XGBoost,3126,2006-10-29 04:15:00,76,81.12
XGBoost,3126,2006-10-29 04:30:00,80,81.47
XGBoost,3126,2006-10-29 04:45:00,58,71.66
XGBoost,3126,2006-10-29 05:00:00,49,69.24
XGBoost,3126,2006-10-29 05:15:00,69,59.77
XGBoost,3126,2006-10-29 05:30:00,55,69.33
XGBoost,3126,2006-10-29 05:45:00,88,71.82
XGBoost,3126,2006-10-29 06:00:00,56,92.36
XGBoost,3126,2006-10-29 06:15:00,100,79.17
XGBoost,3126,2006-10-29 06:30:00,110,104.04
XGBoost,3126,2006-10-29 06:45:00,127,128.72
XGBoost,3126,2006-10-29 07:00:00,129,137.82
XGBoost,3126,2006-10-29 07:15:00,139,146.96
XGBoost,3126,2006-10-29 07:30:00,162,158.55
XGBoost,3126,2006-10-29 07:45:00,181,179.4
XGBoost,3126,2006-10-29 08:00:00,159,196.44
XGBoost,3126,2006-10-29 08:15:00,199,201.35
XGBoost,3126,2006-10-29 08:30:00,264,222.9
XGBoost,3126,2006-10-29 08:45:00,324,298.19
XGBoost,3126,2006-10-29 09:00:00,319,346.54
XGBoost,3126,2006-10-29 09:15:00,378,351.05
XGBoost,3126,2006-10-29 09:30:00,430,395.73
XGBoost,3126,2006-10-29 09:45:00,488,451.51
XGBoost,3126,2006-10-29 10:00:00,432,465.82
XGBoost,3126,2006-10-29 10:15:00,526,478.94
XGBoost,3126,2006-10-29 10:30:00,584,518.7
XGBoost,3126,2006-10-29 10:45:00,508,572.92
XGBoost,3126,2006-10-29 11:00:00,503,536.54
XGBoost,3126,2006-10-29 11:15:00,515,524.46
XGBoost,3126,2006-10-29 11:30:00,525,541.21
XGBoost,3126,2006-10-29 11:45:00,551,545.1
XGBoost,3126,2006-10-29 12:00:00,616,544.6
XGBoost,3126,2006-10-29 12:15:00,608,596.51
XGBoost,3126,2006-10-29 12:30:00,591,603.38
XGBoost,3126,2006-10-29 12:45:00,622,593.1
XGBoost,3126,2006-10-29 13:00:00,571,595.99
XGBoost,3126,2006-10-29 13:15:00,517,574.68
XGBoost,3126,2006-10-29 13:30:00,623,547.48
XGBoost,3126,2006-10-29 13:45:00,561,571.32
XGBoost,3126,2006-10-29 14:00:00,609,571.75
XGBoost,3126,2006-10-29 14:15:00,586,586.72
XGBoost,3126,2006-10-29 14:30:00,573,586.0
XGBoost,3126,2006-10-29 14:45:00,547,575.24
XGBoost,3126,2006-10-29 15:00:00,567,564.12
XGBoost,3126,2006-10-29 15:15:00,524,563.06
XGBoost,3126,2006-10-29 15:30:00,581,552.92
XGBoost,3126,2006-10-29 15:45:00,613,562.87
XGBoost,3126,2006-10-29 16:00:00,629,587.16
XGBoost,3126,2006-10-29 16:15:00,591,607.03
XGBoost,3126,2006-10-29 16:30:00,631,583.57
XGBoost,3126,2006-10-29 16:45:00,671,595.32
XGBoost,3126,2006-10-29 17:00:00,590,639.91
XGBoost,3126,2006-10-29 17:15:00,695,599.14
XGBoost,3126,2006-10-29 17:30:00,622,662.26
XGBoost,3126,2006-10-29 17:45:00,543,630.77
XGBoost,3126,2006-10-29 18:00:00,614,527.53
XGBoost,3126,2006-10-29 18:15:00,508,567.45
XGBoost,3126,2006-10-29 18:30:00,488,503.33
XGBoost,3126,2006-10-29 18:45:00,474,448.92
XGBoost,3126,2006-10-29 19:00:00,399,413.88
XGBoost,3126,2006-10-29 19:15:00,349,364.47
XGBoost,3126,2006-10-29 19:30:00,347,321.16
XGBoost,3126,2006-10-29 19:45:00,345,306.51
XGBoost,3126,2006-10-29 20:00:00,304,329.21
XGBoost,3126,2006-10-29 20:15:00,321,312.44
XGBoost,3126,2006-10-29 20:30:00,319,302.33
XGBoost,3126,2006-10-29 20:45:00,312,286.55
XGBoost,3126,2006-10-29 21:00:00,314,294.21
XGBoost,3126,2006-10-29 21:15:00,274,287.98
XGBoost,3126,2006-10-29 21:30:00,281,276.09
XGBoost,3126,2006-10-29 21:45:00,248,261.06
XGBoost,3126,2006-10-29 22:00:00,257,224.33
XGBoost,3126,2006-10-29 22:15:00,219,236.08
XGBoost,3126,2006-10-29 22:30:00,219,206.82
XGBoost,3126,2006-10-29 22:45:00,194,206.02
XGBoost,3126,2006-10-29 23:00:00,144,179.6
XGBoost,3126,2006-10-29 23:15:00,159,135.07
XGBoost,3126,2006-10-29 23:30:00,137,134.55
XGBoost,3126,2006-10-29 23:45:00,106,124.21
XGBoost,3126,2006-10-30 00:00:00,82,102.8
XGBoost,3126,2006-10-30 00:15:00,68,75.97
XGBoost,3126,2006-10-30 00:30:00,74,61.43
XGBoost,3126,2006-10-30 00:45:00,46,56.09
XGBoost,3126,2006-10-30 01:00:00,47,44.89
XGBoost,3126,2006-10-30 01:15:00,27,38.89
XGBoost,3126,2006-10-30 01:30:00,29,28.08
XGBoost,3126,2006-10-30 01:45:00,29,25.33
XGBoost,3126,2006-10-30 02:00:00,17,27.12
XGBoost,3126,2006-10-30 02:15:00,26,20.37
XGBoost,3126,2006-10-30 02:30:00,33,22.14
XGBoost,3126,2006-10-30 02:45:00,19,27.92
XGBoost,3126,2006-10-30 03:00:00,12,24.11
XGBoost,3126,2006-10-30 03:15:00,13,18.44
XGBoost,3126,2006-10-30 03:30:00,24,16.06
XGBoost,3126,2006-10-30 03:45:00,9,20.77
XGBoost,3126,2006-10-30 04:00:00,41,25.41
XGBoost,3126,2006-10-30 04:15:00,25,46.42
XGBoost,3126,2006-10-30 04:30:00,32,35.58
XGBoost,3126,2006-10-30 04:45:00,22,40.69
XGBoost,3126,2006-10-30 05:00:00,59,41.16
XGBoost,3126,2006-10-30 05:15:00,71,67.91
XGBoost,3126,2006-10-30 05:30:00,98,86.16
XGBoost,3126,2006-10-30 05:45:00,112,134.9
XGBoost,3126,2006-10-30 06:00:00,165,157.67
XGBoost,3126,2006-10-30 06:15:00,327,223.35
XGBoost,3126,2006-10-30 06:30:00,451,377.87
XGBoost,3126,2006-10-30 06:45:00,519,542.51
XGBoost,3126,2006-10-30 07:00:00,621,642.1
XGBoost,3126,2006-10-30 07:15:00,755,717.07
XGBoost,3126,2006-10-30 07:30:00,848,838.36
XGBoost,3126,2006-10-30 07:45:00,820,876.88
XGBoost,3126,2006-10-30 08:00:00,804,849.64
XGBoost,3126,2006-10-30 08:15:00,861,801.86
XGBoost,3126,2006-10-30 08:30:00,763,843.59
XGBoost,3126,2006-10-30 08:45:00,711,756.82
XGBoost,3126,2006-10-30 09:00:00,693,655.79
XGBoost,3126,2006-10-30 09:15:00,668,633.84
XGBoost,3126,2006-10-30 09:30:00,608,620.94
XGBoost,3126,2006-10-30 09:45:00,592,572.59
XGBoost,3126,2006-10-30 10:00:00,592,566.24
XGBoost,3126,2006-10-30 10:15:00,546,574.22
XGBoost,3126,2006-10-30 10:30:00,551,575.25
XGBoost,3126,2006-10-30 10:45:00,548,537.42
XGBoost,3126,2006-10-30 11:00:00,582,547.38
XGBoost,3126,2006-10-30 11:15:00,572,564.78
XGBoost,3126,2006-10-30 11:30:00,586,569.18
XGBoost,3126,2006-10-30 11:45:00,538,582.74
XGBoost,3126,2006-10-30 12:00:00,598,573.78
XGBoost,3126,2006-10-30 12:15:00,533,581.02
XGBoost,3126,2006-10-30 12:30:00,547,569.39
XGBoost,3126,2006-10-30 12:45:00,604,564.78
XGBoost,3126,2006-10-30 13:00:00,567,572.83
XGBoost,3126,2006-10-30 13:15:00,572,555.38
XGBoost,3126,2006-10-30 13:30:00,592,580.67
XGBoost,3126,2006-10-30 13:45:00,649,571.44
XGBoost,3126,2006-10-30 14:00:00,568,640.42
XGBoost,3126,2006-10-30 14:15:00,576,610.28
XGBoost,3126,2006-10-30 14:30:00,609,598.95
XGBoost,3126,2006-10-30 14:45:00,619,606.63
XGBoost,3126,2006-10-30 15:00:00,614,644.42
XGBoost,3126,2006-10-30 15:15:00,631,639.79
XGBoost,3126,2006-10-30 15:30:00,606,660.56
XGBoost,3126,2006-10-30 15:45:00,644,659.09
XGBoost,3126,2006-10-30 16:00:00,754,668.47
XGBoost,3126,2006-10-30 16:15:00,780,747.18
XGBoost,3126,2006-10-30 16:30:00,764,771.86
XGBoost,3126,2006-10-30 16:45:00,752,773.01
XGBoost,3126,2006-10-30 17:00:00,865,782.45
XGBoost,3126,2006-10-30 17:15:00,910,849.09
XGBoost,3126,2006-10-30 17:30:00,856,877.79
XGBoost,3126,2006-10-30 17:45:00,834,848.35
XGBoost,3126,2006-10-30 18:00:00,886,778.62
XGBoost,3126,2006-10-30 18:15:00,740,787.65
XGBoost,3126,2006-10-30 18:30:00,700,704.34
XGBoost,3126,2006-10-30 18:45:00,578,659.59
XGBoost,3126,2006-10-30 19:00:00,572,534.44
XGBoost,3126,2006-10-30 19:15:00,524,499.77
XGBoost,3126,2006-10-30 19:30:00,429,463.19
XGBoost,3126,2006-10-30 19:45:00,428,400.39
XGBoost,3126,2006-10-30 20:00:00,361,389.32
XGBoost,3126,2006-10-30 20:15:00,359,351.86
XGBoost,3126,2006-10-30 20:30:00,320,339.3
XGBoost,3126,2006-10-30 20:45:00,329,322.11
XGBoost,3126,2006-10-30 21:00:00,348,321.46
XGBoost,3126,2006-10-30 21:15:00,313,320.62
XGBoost,3126,2006-10-30 21:30:00,278,304.33
XGBoost,3126,2006-10-30 21:45:00,298,269.64
XGBoost,3126,2006-10-30 22:00:00,266,265.39
XGBoost,3126,2006-10-30 22:15:00,236,246.35
XGBoost,3126,2006-10-30 22:30:00,222,224.97
XGBoost,3126,2006-10-30 22:45:00,172,208.12
XGBoost,3126,2006-10-30 23:00:00,122,152.19
XGBoost,3126,2006-10-30 23:15:00,116,126.27
XGBoost,3126,2006-10-30 23:30:00,112,106.05
XGBoost,3126,2006-10-30 23:45:00,96,96.57
XGBoost,3126,2006-10-31 00:00:00,64,80.44
XGBoost,3126,2006-10-31 00:15:00,85,57.65
XGBoost,3126,2006-10-31 00:30:00,59,63.34
XGBoost,3126,2006-10-31 00:45:00,30,50.53
XGBoost,3126,2006-10-31 01:00:00,29,32.56
XGBoost,3126,2006-10-31 01:15:00,38,26.19
XGBoost,3126,2006-10-31 01:30:00,28,29.97
XGBoost,3126,2006-10-31 01:45:00,25,26.24
XGBoost,3126,2006-10-31 02:00:00,18,21.9
XGBoost,3126,2006-10-31 02:15:00,29,21.42
XGBoost,3126,2006-10-31 02:30:00,22,24.39
XGBoost,3126,2006-10-31 02:45:00,16,21.42
XGBoost,3126,2006-10-31 03:00:00,23,17.68
XGBoost,3126,2006-10-31 03:15:00,19,19.97
XGBoost,3126,2006-10-31 03:30:00,21,20.25
XGBoost,3126,2006-10-31 03:45:00,19,17.2
XGBoost,3126,2006-10-31 04:00:00,26,26.19
XGBoost,3126,2006-10-31 04:15:00,21,27.92
XGBoost,3126,2006-10-31 04:30:00,45,27.66
XGBoost,3126,2006-10-31 04:45:00,40,41.15
XGBoost,3126,2006-10-31 05:00:00,54,60.6
XGBoost,3126,2006-10-31 05:15:00,81,70.23
XGBoost,3126,2006-10-31 05:30:00,129,112.88
XGBoost,3126,2006-10-31 05:45:00,140,163.32
XGBoost,3126,2006-10-31 06:00:00,201,193.02
XGBoost,3126,2006-10-31 06:15:00,345,307.67
XGBoost,3126,2006-10-31 06:30:00,475,481.78
XGBoost,3126,2006-10-31 06:45:00,592,571.61
XGBoost,3126,2006-10-31 07:00:00,667,673.24
XGBoost,3126,2006-10-31 07:15:00,808,786.6
XGBoost,3126,2006-10-31 07:30:00,811,871.52
XGBoost,3126,2006-10-31 07:45:00,854,845.18
XGBoost,3126,2006-10-31 08:00:00,822,837.65
XGBoost,3126,2006-10-31 08:15:00,743,857.03
XGBoost,3126,2006-10-31 08:30:00,746,771.34
XGBoost,3126,2006-10-31 08:45:00,699,730.26
XGBoost,3126,2006-10-31 09:00:00,761,683.68
XGBoost,3126,2006-10-31 09:15:00,759,687.29
XGBoost,3126,2006-10-31 09:30:00,677,675.52
XGBoost,3126,2006-10-31 09:45:00,615,623.61
XGBoost,3126,2006-10-31 10:00:00,576,616.44
XGBoost,3126,2006-10-31 10:15:00,576,581.12
XGBoost,3126,2006-10-31 10:30:00,580,569.25
XGBoost,3126,2006-10-31 10:45:00,558,563.51
XGBoost,3126,2006-10-31 11:00:00,580,579.52
XGBoost,3126,2006-10-31 11:15:00,582,577.98
XGBoost,3126,2006-10-31 11:30:00,597,587.59
XGBoost,3126,2006-10-31 11:45:00,582,577.03
XGBoost,3126,2006-10-31 12:00:00,592,599.55
XGBoost,3126,2006-10-31 12:15:00,552,575.51
XGBoost,3126,2006-10-31 12:30:00,569,565.68
XGBoost,3126,2006-10-31 12:45:00,571,588.15
XGBoost,3126,2006-10-31 13:00:00,590,577.49
XGBoost,3126,2006-10-31 13:15:00,622,579.97
XGBoost,3126,2006-10-31 13:30:00,617,602.73
XGBoost,3126,2006-10-31 13:45:00,588,631.79
XGBoost,3126,2006-10-31 14:00:00,555,608.37
XGBoost,3126,2006-10-31 14:15:00,587,595.04
XGBoost,3126,2006-10-31 14:30:00,646,610.33
XGBoost,3126,2006-10-31 14:45:00,611,632.13
XGBoost,3126,2006-10-31 15:00:00,626,639.22
XGBoost,3126,2006-10-31 15:15:00,625,649.37
XGBoost,3126,2006-10-31 15:30:00,618,647.78
XGBoost,3126,2006-10-31 15:45:00,721,656.93
XGBoost,3126,2006-10-31 16:00:00,798,733.15
XGBoost,3126,2006-10-31 16:15:00,755,782.9
XGBoost,3126,2006-10-31 16:30:00,719,784.84
XGBoost,3126,2006-10-31 16:45:00,748,762.81
XGBoost,3126,2006-10-31 17:00:00,713,812.23
XGBoost,3126,2006-10-31 17:15:00,863,813.12
XGBoost,3126,2006-10-31 17:30:00,863,840.64
XGBoost,3126,2006-10-31 17:45:00,682,860.18
XGBoost,3126,2006-10-31 18:00:00,752,762.15
XGBoost,3126,2006-10-31 18:15:00,622,738.68
XGBoost,3126,2006-10-31 18:30:00,717,687.6
XGBoost,3126,2006-10-31 18:45:00,664,642.01
XGBoost,3126,2006-10-31 19:00:00,570,604.34
XGBoost,3126,2006-10-31 19:15:00,598,529.43
XGBoost,3126,2006-10-31 19:30:00,512,509.05
XGBoost,3126,2006-10-31 19:45:00,460,466.96
XGBoost,3126,2006-10-31 20:00:00,451,419.56
XGBoost,3126,2006-10-31 20:15:00,429,413.17
XGBoost,3126,2006-10-31 20:30:00,423,392.76
XGBoost,3126,2006-10-31 20:45:00,344,387.19
XGBoost,3126,2006-10-31 21:00:00,373,364.39
XGBoost,3126,2006-10-31 21:15:00,336,359.35
XGBoost,3126,2006-10-31 21:30:00,355,324.45
XGBoost,3126,2006-10-31 21:45:00,324,332.84
XGBoost,3126,2006-10-31 22:00:00,336,304.79
XGBoost,3126,2006-10-31 22:15:00,321,296.43
XGBoost,3126,2006-10-31 22:30:00,245,288.5
XGBoost,3126,2006-10-31 22:45:00,231,231.93
XGBoost,3126,2006-10-31 23:00:00,200,199.23
XGBoost,3126,2006-10-31 23:15:00,138,170.02
XGBoost,3126,2006-10-31 23:30:00,107,125.61
XGBoost,3126,2006-10-31 23:45:00,108,95.3
XGBoost,3127,2006-10-29 00:00:00,217,47.9
XGBoost,3127,2006-10-29 00:15:00,227,148.95
XGBoost,3127,2006-10-29 00:30:00,172,191.48
XGBoost,3127,2006-10-29 00:45:00,150,163.66
XGBoost,3127,2006-10-29 01:00:00,95,142.25
XGBoost,3127,2006-10-29 01:15:00,83,116.1
XGBoost,3127,2006-10-29 01:30:00,94,96.25
XGBoost,3127,2006-10-29 01:45:00,9,99.26
XGBoost,3127,2006-10-29 02:00:00,7,41.83
XGBoost,3127,2006-10-29 02:15:00,3,20.25
XGBoost,3127,2006-10-29 02:30:00,8,17.15
XGBoost,3127,2006-10-29 02:45:00,70,10.42
XGBoost,3127,2006-10-29 03:00:00,79,47.54
XGBoost,3127,2006-10-29 03:15:00,72,65.85
XGBoost,3127,2006-10-29 03:30:00,73,63.23
XGBoost,3127,2006-10-29 03:45:00,60,71.41
XGBoost,3127,2006-10-29 04:00:00,64,62.56
XGBoost,3127,2006-10-29 04:15:00,59,60.21
XGBoost,3127,2006-10-29 04:30:00,55,60.96
XGBoost,3127,2006-10-29 04:45:00,41,51.7
XGBoost,3127,2006-10-29 05:00:00,44,51.76
XGBoost,3127,2006-10-29 05:15:00,45,54.32
XGBoost,3127,2006-10-29 05:30:00,43,58.04
XGBoost,3127,2006-10-29 05:45:00,56,55.11
XGBoost,3127,2006-10-29 06:00:00,55,68.29
XGBoost,3127,2006-10-29 06:15:00,74,74.49
XGBoost,3127,2006-10-29 06:30:00,77,100.6
XGBoost,3127,2006-10-29 06:45:00,109,110.73
XGBoost,3127,2006-10-29 07:00:00,97,123.3
XGBoost,3127,2006-10-29 07:15:00,108,128.9
XGBoost,3127,2006-10-29 07:30:00,106,139.61
XGBoost,3127,2006-10-29 07:45:00,126,143.13
XGBoost,3127,2006-10-29 08:00:00,156,164.24
XGBoost,3127,2006-10-29 08:15:00,182,187.7
XGBoost,3127,2006-10-29 08:30:00,245,204.08
XGBoost,3127,2006-10-29 08:45:00,251,268.29
XGBoost,3127,2006-10-29 09:00:00,273,288.78
XGBoost,3127,2006-10-29 09:15:00,287,315.54
XGBoost,3127,2006-10-29 09:30:00,341,328.64
XGBoost,3127,2006-10-29 09:45:00,405,366.57
XGBoost,3127,2006-10-29 10:00:00,368,402.0
XGBoost,3127,2006-10-29 10:15:00,465,392.66
XGBoost,3127,2006-10-29 10:30:00,473,449.73
XGBoost,3127,2006-10-29 10:45:00,465,477.01
XGBoost,3127,2006-10-29 11:00:00,468,475.02
XGBoost,3127,2006-10-29 11:15:00,446,485.56
XGBoost,3127,2006-10-29 11:30:00,502,473.28
XGBoost,3127,2006-10-29 11:45:00,519,494.14
XGBoost,3127,2006-10-29 12:00:00,565,514.9
XGBoost,3127,2006-10-29 12:15:00,563,540.54
XGBoost,3127,2006-10-29 12:30:00,527,558.58
XGBoost,3127,2006-10-29 12:45:00,545,545.54
XGBoost,3127,2006-10-29 13:00:00,530,526.23
XGBoost,3127,2006-10-29 13:15:00,502,530.59
XGBoost,3127,2006-10-29 13:30:00,545,509.23
XGBoost,3127,2006-10-29 13:45:00,522,522.25
XGBoost,3127,2006-10-29 14:00:00,535,530.4
XGBoost,3127,2006-10-29 14:15:00,526,520.2
XGBoost,3127,2006-10-29 14:30:00,530,533.05
XGBoost,3127,2006-10-29 14:45:00,516,532.05
XGBoost,3127,2006-10-29 15:00:00,521,530.06
XGBoost,3127,2006-10-29 15:15:00,585,529.07
XGBoost,3127,2006-10-29 15:30:00,567,567.8
XGBoost,3127,2006-10-29 15:45:00,527,569.8
XGBoost,3127,2006-10-29 16:00:00,555,544.75
XGBoost,3127,2006-10-29 16:15:00,521,547.97
XGBoost,3127,2006-10-29 16:30:00,586,541.06
XGBoost,3127,2006-10-29 16:45:00,513,564.22
XGBoost,3127,2006-10-29 17:00:00,540,548.42
XGBoost,3127,2006-10-29 17:15:00,557,558.19
XGBoost,3127,2006-10-29 17:30:00,499,564.05
XGBoost,3127,2006-10-29 17:45:00,483,536.74
XGBoost,3127,2006-10-29 18:00:00,483,481.57
XGBoost,3127,2006-10-29 18:15:00,454,460.51
XGBoost,3127,2006-10-29 18:30:00,418,433.84
XGBoost,3127,2006-10-29 18:45:00,430,389.92
XGBoost,3127,2006-10-29 19:00:00,344,379.23
XGBoost,3127,2006-10-29 19:15:00,300,330.2
XGBoost,3127,2006-10-29 19:30:00,303,286.03
XGBoost,3127,2006-10-29 19:45:00,285,273.83
XGBoost,3127,2006-10-29 20:00:00,260,275.44
XGBoost,3127,2006-10-29 20:15:00,249,248.15
XGBoost,3127,2006-10-29 20:30:00,282,232.61
XGBoost,3127,2006-10-29 20:45:00,250,248.99
XGBoost,3127,2006-10-29 21:00:00,233,234.37
XGBoost,3127,2006-10-29 21:15:00,202,212.69
XGBoost,3127,2006-10-29 21:30:00,196,198.61
XGBoost,3127,2006-10-29 21:45:00,192,189.43
XGBoost,3127,2006-10-29 22:00:00,194,174.29
XGBoost,3127,2006-10-29 22:15:00,172,163.16
XGBoost,3127,2006-10-29 22:30:00,169,158.38
XGBoost,3127,2006-10-29 22:45:00,143,138.86
XGBoost,3127,2006-10-29 23:00:00,103,122.08
XGBoost,3127,2006-10-29 23:15:00,122,89.61
XGBoost,3127,2006-10-29 23:30:00,88,92.62
XGBoost,3127,2006-10-29 23:45:00,65,75.41
XGBoost,3127,2006-10-30 00:00:00,53,61.68
XGBoost,3127,2006-10-30 00:15:00,58,48.54
XGBoost,3127,2006-10-30 00:30:00,29,47.15
XGBoost,3127,2006-10-30 00:45:00,33,31.75
XGBoost,3127,2006-10-30 01:00:00,25,28.7
XGBoost,3127,2006-10-30 01:15:00,26,23.41
XGBoost,3127,2006-10-30 01:30:00,22,22.55
XGBoost,3127,2006-10-30 01:45:00,25,17.1
XGBoost,3127,2006-10-30 02:00:00,16,19.0
XGBoost,3127,2006-10-30 02:15:00,22,15.74
XGBoost,3127,2006-10-30 02:30:00,23,16.7
XGBoost,3127,2006-10-30 02:45:00,15,22.24
XGBoost,3127,2006-10-30 03:00:00,4,18.48
XGBoost,3127,2006-10-30 03:15:00,9,14.77
XGBoost,3127,2006-10-30 03:30:00,16,13.91
XGBoost,3127,2006-10-30 03:45:00,16,14.58
XGBoost,3127,2006-10-30 04:00:00,21,23.92
XGBoost,3127,2006-10-30 04:15:00,15,26.21
XGBoost,3127,2006-10-30 04:30:00,24,25.47
XGBoost,3127,2006-10-30 04:45:00,31,27.89
XGBoost,3127,2006-10-30 05:00:00,35,40.93
XGBoost,3127,2006-10-30 05:15:00,39,48.75
XGBoost,3127,2006-10-30 05:30:00,87,51.8
XGBoost,3127,2006-10-30 05:45:00,80,103.85
XGBoost,3127,2006-10-30 06:00:00,117,130.15
XGBoost,3127,2006-10-30 06:15:00,207,159.8
XGBoost,3127,2006-10-30 06:30:00,345,278.01
XGBoost,3127,2006-10-30 06:45:00,455,436.44
XGBoost,3127,2006-10-30 07:00:00,589,542.31
XGBoost,3127,2006-10-30 07:15:00,745,690.48
XGBoost,3127,2006-10-30 07:30:00,745,805.23
XGBoost,3127,2006-10-30 07:45:00,747,822.12
XGBoost,3127,2006-10-30 08:00:00,728,767.95
XGBoost,3127,2006-10-30 08:15:00,776,727.63
XGBoost,3127,2006-10-30 08:30:00,725,732.81
XGBoost,3127,2006-10-30 08:45:00,755,712.05
XGBoost,3127,2006-10-30 09:00:00,649,649.44
XGBoost,3127,2006-10-30 09:15:00,617,602.2
XGBoost,3127,2006-10-30 09:30:00,594,565.83
XGBoost,3127,2006-10-30 09:45:00,555,541.27
XGBoost,3127,2006-10-30 10:00:00,518,531.25
XGBoost,3127,2006-10-30 10:15:00,561,515.6
XGBoost,3127,2006-10-30 10:30:00,503,525.71
XGBoost,3127,2006-10-30 10:45:00,509,511.03
XGBoost,3127,2006-10-30 11:00:00,501,507.17
XGBoost,3127,2006-10-30 11:15:00,480,495.38
XGBoost,3127,2006-10-30 11:30:00,544,501.1
XGBoost,3127,2006-10-30 11:45:00,546,529.52
XGBoost,3127,2006-10-30 12:00:00,579,538.85
XGBoost,3127,2006-10-30 12:15:00,546,552.47
XGBoost,3127,2006-10-30 12:30:00,518,547.55
XGBoost,3127,2006-10-30 12:45:00,569,542.49
XGBoost,3127,2006-10-30 13:00:00,505,541.14
XGBoost,3127,2006-10-30 13:15:00,518,519.44
XGBoost,3127,2006-10-30 13:30:00,530,521.08
XGBoost,3127,2006-10-30 13:45:00,532,526.21
XGBoost,3127,2006-10-30 14:00:00,518,550.92
XGBoost,3127,2006-10-30 14:15:00,565,550.61
XGBoost,3127,2006-10-30 14:30:00,590,560.71
XGBoost,3127,2006-10-30 14:45:00,579,585.91
XGBoost,3127,2006-10-30 15:00:00,630,615.89
XGBoost,3127,2006-10-30 15:15:00,683,644.88
XGBoost,3127,2006-10-30 15:30:00,642,688.28
XGBoost,3127,2006-10-30 15:45:00,642,667.15
XGBoost,3127,2006-10-30 16:00:00,650,660.45
XGBoost,3127,2006-10-30 16:15:00,689,658.89
XGBoost,3127,2006-10-30 16:30:00,675,710.89
XGBoost,3127,2006-10-30 16:45:00,674,693.03
XGBoost,3127,2006-10-30 17:00:00,721,696.75
XGBoost,3127,2006-10-30 17:15:00,810,739.78
XGBoost,3127,2006-10-30 17:30:00,747,788.2
XGBoost,3127,2006-10-30 17:45:00,736,784.65
XGBoost,3127,2006-10-30 18:00:00,727,693.42
XGBoost,3127,2006-10-30 18:15:00,633,682.1
XGBoost,3127,2006-10-30 18:30:00,641,609.82
XGBoost,3127,2006-10-30 18:45:00,582,593.97
XGBoost,3127,2006-10-30 19:00:00,466,520.73
XGBoost,3127,2006-10-30 19:15:00,457,429.26
XGBoost,3127,2006-10-30 19:30:00,369,401.19
XGBoost,3127,2006-10-30 19:45:00,354,338.83
XGBoost,3127,2006-10-30 20:00:00,303,324.13
XGBoost,3127,2006-10-30 20:15:00,270,296.88
XGBoost,3127,2006-10-30 20:30:00,267,283.27
XGBoost,3127,2006-10-30 20:45:00,293,258.65
XGBoost,3127,2006-10-30 21:00:00,259,268.35
XGBoost,3127,2006-10-30 21:15:00,212,248.31
XGBoost,3127,2006-10-30 21:30:00,217,216.3
XGBoost,3127,2006-10-30 21:45:00,221,209.07
XGBoost,3127,2006-10-30 22:00:00,206,208.22
XGBoost,3127,2006-10-30 22:15:00,194,188.33
XGBoost,3127,2006-10-30 22:30:00,189,177.5
XGBoost,3127,2006-10-30 22:45:00,119,167.22
XGBoost,3127,2006-10-30 23:00:00,93,109.99
XGBoost,3127,2006-10-30 23:15:00,90,88.37
XGBoost,3127,2006-10-30 23:30:00,70,74.31
XGBoost,3127,2006-10-30 23:45:00,58,61.85
XGBoost,3127,2006-10-31 00:00:00,62,47.72
XGBoost,3127,2006-10-31 00:15:00,44,49.05
XGBoost,3127,2006-10-31 00:30:00,49,37.15
XGBoost,3127,2006-10-31 00:45:00,33,36.37
XGBoost,3127,2006-10-31 01:00:00,28,29.84
XGBoost,3127,2006-10-31 01:15:00,31,25.86
XGBoost,3127,2006-10-31 01:30:00,19,24.66
XGBoost,3127,2006-10-31 01:45:00,15,20.22
XGBoost,3127,2006-10-31 02:00:00,18,15.59
XGBoost,3127,2006-10-31 02:15:00,18,17.45
XGBoost,3127,2006-10-31 02:30:00,10,17.27
XGBoost,3127,2006-10-31 02:45:00,8,12.46
XGBoost,3127,2006-10-31 03:00:00,11,11.06
XGBoost,3127,2006-10-31 03:15:00,17,11.27
XGBoost,3127,2006-10-31 03:30:00,11,13.33
XGBoost,3127,2006-10-31 03:45:00,20,12.63
XGBoost,3127,2006-10-31 04:00:00,10,19.7
XGBoost,3127,2006-10-31 04:15:00,18,16.62
XGBoost,3127,2006-10-31 04:30:00,27,21.03
XGBoost,3127,2006-10-31 04:45:00,38,29.09
XGBoost,3127,2006-10-31 05:00:00,34,46.99
XGBoost,3127,2006-10-31 05:15:00,67,47.77
XGBoost,3127,2006-10-31 05:30:00,74,92.32
XGBoost,3127,2006-10-31 05:45:00,102,103.19
XGBoost,3127,2006-10-31 06:00:00,148,139.46
XGBoost,3127,2006-10-31 06:15:00,225,212.89
XGBoost,3127,2006-10-31 06:30:00,379,332.18
XGBoost,3127,2006-10-31 06:45:00,516,496.17
XGBoost,3127,2006-10-31 07:00:00,650,601.55
XGBoost,3127,2006-10-31 07:15:00,735,761.86
XGBoost,3127,2006-10-31 07:30:00,818,793.05
XGBoost,3127,2006-10-31 07:45:00,728,793.29
XGBoost,3127,2006-10-31 08:00:00,750,745.18
XGBoost,3127,2006-10-31 08:15:00,715,765.86
XGBoost,3127,2006-10-31 08:30:00,747,733.47
XGBoost,3127,2006-10-31 08:45:00,723,734.74
XGBoost,3127,2006-10-31 09:00:00,738,668.61
XGBoost,3127,2006-10-31 09:15:00,673,662.36
XGBoost,3127,2006-10-31 09:30:00,627,619.85
XGBoost,3127,2006-10-31 09:45:00,608,577.77
XGBoost,3127,2006-10-31 10:00:00,560,579.55
XGBoost,3127,2006-10-31 10:15:00,536,577.78
XGBoost,3127,2006-10-31 10:30:00,545,532.13
XGBoost,3127,2006-10-31 10:45:00,521,524.73
XGBoost,3127,2006-10-31 11:00:00,551,531.25
XGBoost,3127,2006-10-31 11:15:00,542,521.81
XGBoost,3127,2006-10-31 11:30:00,570,551.18
XGBoost,3127,2006-10-31 11:45:00,561,560.81
XGBoost,3127,2006-10-31 12:00:00,566,571.63
XGBoost,3127,2006-10-31 12:15:00,526,559.61
XGBoost,3127,2006-10-31 12:30:00,532,541.45
XGBoost,3127,2006-10-31 12:45:00,556,551.11
XGBoost,3127,2006-10-31 13:00:00,556,533.9
XGBoost,3127,2006-10-31 13:15:00,530,543.89
XGBoost,3127,2006-10-31 13:30:00,544,544.99
XGBoost,3127,2006-10-31 13:45:00,518,539.03
XGBoost,3127,2006-10-31 14:00:00,546,553.77
XGBoost,3127,2006-10-31 14:15:00,587,563.39
XGBoost,3127,2006-10-31 14:30:00,591,594.7
XGBoost,3127,2006-10-31 14:45:00,609,601.09
XGBoost,3127,2006-10-31 15:00:00,659,638.3
XGBoost,3127,2006-10-31 15:15:00,617,687.56
XGBoost,3127,2006-10-31 15:30:00,644,653.88
XGBoost,3127,2006-10-31 15:45:00,655,655.97
XGBoost,3127,2006-10-31 16:00:00,673,680.02
XGBoost,3127,2006-10-31 16:15:00,704,702.39
XGBoost,3127,2006-10-31 16:30:00,702,704.54
XGBoost,3127,2006-10-31 16:45:00,727,708.54
XGBoost,3127,2006-10-31 17:00:00,745,734.47
XGBoost,3127,2006-10-31 17:15:00,786,787.23
XGBoost,3127,2006-10-31 17:30:00,755,772.22
XGBoost,3127,2006-10-31 17:45:00,752,764.65
XGBoost,3127,2006-10-31 18:00:00,739,727.76
XGBoost,3127,2006-10-31 18:15:00,721,681.48
XGBoost,3127,2006-10-31 18:30:00,640,668.14
XGBoost,3127,2006-10-31 18:45:00,576,618.76
XGBoost,3127,2006-10-31 19:00:00,567,515.23
XGBoost,3127,2006-10-31 19:15:00,487,502.87
XGBoost,3127,2006-10-31 19:30:00,449,441.75
XGBoost,3127,2006-10-31 19:45:00,382,400.51
XGBoost,3127,2006-10-31 20:00:00,381,359.87
XGBoost,3127,2006-10-31 20:15:00,301,341.81
XGBoost,3127,2006-10-31 20:30:00,351,298.44
XGBoost,3127,2006-10-31 20:45:00,316,322.06
XGBoost,3127,2006-10-31 21:00:00,292,310.35
XGBoost,3127,2006-10-31 21:15:00,300,273.55
XGBoost,3127,2006-10-31 21:30:00,302,278.99
XGBoost,3127,2006-10-31 21:45:00,259,277.08
XGBoost,3127,2006-10-31 22:00:00,230,244.05
XGBoost,3127,2006-10-31 22:15:00,253,221.66
XGBoost,3127,2006-10-31 22:30:00,214,220.88
XGBoost,3127,2006-10-31 22:45:00,174,189.85
XGBoost,3127,2006-10-31 23:00:00,160,149.09
XGBoost,3127,2006-10-31 23:15:00,105,131.44
XGBoost,3127,2006-10-31 23:30:00,84,94.9
XGBoost,3127,2006-10-31 23:45:00,77,72.8
XGBoost,3180,2006-10-27 12:00:00,341,319.26
XGBoost,3180,2006-10-27 12:15:00,350,345.38
XGBoost,3180,2006-10-27 12:30:00,328,351.37
XGBoost,3180,2006-10-27 12:45:00,359,342.31
XGBoost,3180,2006-10-27 13:00:00,323,343.43
XGBoost,3180,2006-10-27 13:15:00,376,339.79
XGBoost,3180,2006-10-27 13:30:00,302,346.3
XGBoost,3180,2006-10-27 13:45:00,281,339.42
XGBoost,3180,2006-10-27 14:00:00,271,317.4
XGBoost,3180,2006-10-27 14:15:00,356,301.14
XGBoost,3180,2006-10-27 14:30:00,354,359.96
XGBoost,3180,2006-10-27 14:45:00,399,383.29
XGBoost,3180,2006-10-27 15:00:00,432,398.7
XGBoost,3180,2006-10-27 15:15:00,466,463.95
XGBoost,3180,2006-10-27 15:30:00,504,496.49
XGBoost,3180,2006-10-27 15:45:00,448,497.72
XGBoost,3180,2006-10-27 16:00:00,477,461.01
XGBoost,3180,2006-10-27 16:15:00,442,476.26
XGBoost,3180,2006-10-27 16:30:00,465,453.73
XGBoost,3180,2006-10-27 16:45:00,433,455.0
XGBoost,3180,2006-10-27 17:00:00,459,483.01
XGBoost,3180,2006-10-27 17:15:00,529,469.01
XGBoost,3180,2006-10-27 17:30:00,482,514.89
XGBoost,3180,2006-10-27 17:45:00,516,518.88
XGBoost,3180,2006-10-27 18:00:00,510,473.44
XGBoost,3180,2006-10-27 18:15:00,493,474.49
XGBoost,3180,2006-10-27 18:30:00,405,447.42
XGBoost,3180,2006-10-27 18:45:00,358,408.06
XGBoost,3180,2006-10-27 19:00:00,391,344.75
XGBoost,3180,2006-10-27 19:15:00,372,356.77
XGBoost,3180,2006-10-27 19:30:00,288,315.72
XGBoost,3180,2006-10-27 19:45:00,332,272.1
XGBoost,3180,2006-10-27 20:00:00,231,284.2
XGBoost,3180,2006-10-27 20:15:00,208,233.62
XGBoost,3180,2006-10-27 20:30:00,203,204.6
XGBoost,3180,2006-10-27 20:45:00,184,197.56
XGBoost,3180,2006-10-27 21:00:00,209,179.68
XGBoost,3180,2006-10-27 21:15:00,196,194.37
XGBoost,3180,2006-10-27 21:30:00,176,180.74
XGBoost,3180,2006-10-27 21:45:00,163,175.16
XGBoost,3180,2006-10-27 22:00:00,151,164.56
XGBoost,3180,2006-10-27 22:15:00,157,141.19
XGBoost,3180,2006-10-27 22:30:00,144,141.07
XGBoost,3180,2006-10-27 22:45:00,156,133.4
XGBoost,3180,2006-10-27 23:00:00,158,134.06
XGBoost,3180,2006-10-27 23:15:00,154,139.96
XGBoost,3180,2006-10-27 23:30:00,132,134.53
XGBoost,3180,2006-10-27 23:45:00,96,121.61
XGBoost,3180,2006-10-28 00:00:00,84,92.57
XGBoost,3180,2006-10-28 00:15:00,77,74.09
XGBoost,3180,2006-10-28 00:30:00,72,69.99
XGBoost,3180,2006-10-28 00:45:00,64,61.95
XGBoost,3180,2006-10-28 01:00:00,45,56.57
XGBoost,3180,2006-10-28 01:15:00,38,44.15
XGBoost,3180,2006-10-28 01:30:00,38,34.42
XGBoost,3180,2006-10-28 01:45:00,47,33.38
XGBoost,3180,2006-10-28 02:00:00,34,38.4
XGBoost,3180,2006-10-28 02:15:00,27,31.1
XGBoost,3180,2006-10-28 02:30:00,29,24.27
XGBoost,3180,2006-10-28 02:45:00,29,24.56
XGBoost,3180,2006-10-28 03:00:00,23,23.88
XGBoost,3180,2006-10-28 03:15:00,18,22.09
XGBoost,3180,2006-10-28 03:30:00,26,18.41
XGBoost,3180,2006-10-28 03:45:00,20,20.26
XGBoost,3180,2006-10-28 04:00:00,13,20.96
XGBoost,3180,2006-10-28 04:15:00,14,16.85
XGBoost,3180,2006-10-28 04:30:00,23,19.49
XGBoost,3180,2006-10-28 04:45:00,21,20.89
XGBoost,3180,2006-10-28 05:00:00,22,24.34
XGBoost,3180,2006-10-28 05:15:00,18,27.89
XGBoost,3180,2006-10-28 05:30:00,28,24.78
XGBoost,3180,2006-10-28 05:45:00,50,37.73
XGBoost,3180,2006-10-28 06:00:00,28,57.66
XGBoost,3180,2006-10-28 06:15:00,76,47.95
XGBoost,3180,2006-10-28 06:30:00,71,87.7
XGBoost,3180,2006-10-28 06:45:00,78,97.24
XGBoost,3180,2006-10-28 07:00:00,93,92.87
XGBoost,3180,2006-10-28 07:15:00,78,107.44
XGBoost,3180,2006-10-28 07:30:00,114,107.2
XGBoost,3180,2006-10-28 07:45:00,172,135.35
XGBoost,3180,2006-10-28 08:00:00,171,187.12
XGBoost,3180,2006-10-28 08:15:00,211,206.53
XGBoost,3180,2006-10-28 08:30:00,266,235.28
XGBoost,3180,2006-10-28 08:45:00,324,294.72
XGBoost,3180,2006-10-28 09:00:00,298,338.7
XGBoost,3180,2006-10-28 09:15:00,363,326.57
XGBoost,3180,2006-10-28 09:30:00,339,349.52
XGBoost,3180,2006-10-28 09:45:00,398,337.7
XGBoost,3180,2006-10-28 10:00:00,383,362.85
XGBoost,3180,2006-10-28 10:15:00,345,370.72
XGBoost,3180,2006-10-28 10:30:00,429,361.72
XGBoost,3180,2006-10-28 10:45:00,355,406.81
XGBoost,3180,2006-10-28 11:00:00,366,377.67
XGBoost,3180,2006-10-28 11:15:00,435,366.02
XGBoost,3180,2006-10-28 11:30:00,465,403.99
XGBoost,3180,2006-10-28 11:45:00,442,448.8
XGBoost,3180,2006-10-28 12:00:00,420,438.47
XGBoost,3180,2006-10-28 12:15:00,439,424.38
XGBoost,3180,2006-10-28 12:30:00,469,435.81
XGBoost,3180,2006-10-28 12:45:00,455,459.14
XGBoost,3180,2006-10-28 13:00:00,410,445.54
XGBoost,3180,2006-10-28 13:15:00,463,406.59
XGBoost,3180,2006-10-28 13:30:00,459,430.84
XGBoost,3180,2006-10-28 13:45:00,248,445.7
XGBoost,3180,2006-10-28 14:00:00,228,307.55
XGBoost,3180,2006-10-28 14:15:00,405,270.63
XGBoost,3180,2006-10-28 14:30:00,404,347.47
XGBoost,3180,2006-10-28 14:45:00,416,389.08
XGBoost,3180,2006-10-28 15:00:00,390,397.27
XGBoost,3180,2006-10-28 15:15:00,369,401.55
XGBoost,3180,2006-10-28 15:30:00,402,377.08
XGBoost,3180,2006-10-28 15:45:00,365,395.14
XGBoost,3180,2006-10-28 16:00:00,400,378.29
XGBoost,3180,2006-10-28 16:15:00,370,388.95
XGBoost,3180,2006-10-28 16:30:00,360,381.78
XGBoost,3180,2006-10-28 16:45:00,386,363.82
XGBoost,3180,2006-10-28 17:00:00,334,381.73
XGBoost,3180,2006-10-28 17:15:00,385,354.16
XGBoost,3180,2006-10-28 17:30:00,410,371.99
XGBoost,3180,2006-10-28 17:45:00,361,404.62
XGBoost,3180,2006-10-28 18:00:00,373,353.72
XGBoost,3180,2006-10-28 18:15:00,415,357.18
XGBoost,3180,2006-10-28 18:30:00,328,370.29
XGBoost,3180,2006-10-28 18:45:00,298,329.1
XGBoost,3180,2006-10-28 19:00:00,307,281.95
XGBoost,3180,2006-10-28 19:15:00,294,282.75
XGBoost,3180,2006-10-28 19:30:00,240,263.56
XGBoost,3180,2006-10-28 19:45:00,118,238.29
XGBoost,3180,2006-10-28 20:00:00,102,158.67
XGBoost,3180,2006-10-28 20:15:00,182,112.45
XGBoost,3180,2006-10-28 20:30:00,169,149.69
XGBoost,3180,2006-10-28 20:45:00,179,166.03
XGBoost,3180,2006-10-28 21:00:00,169,170.94
XGBoost,3180,2006-10-28 21:15:00,133,168.61
XGBoost,3180,2006-10-28 21:30:00,155,148.59
XGBoost,3180,2006-10-28 21:45:00,138,148.2
XGBoost,3180,2006-10-28 22:00:00,151,154.03
XGBoost,3180,2006-10-28 22:15:00,131,149.98
XGBoost,3180,2006-10-28 22:30:00,143,147.27
XGBoost,3180,2006-10-28 22:45:00,153,140.65
XGBoost,3180,2006-10-28 23:00:00,166,149.79
XGBoost,3180,2006-10-28 23:15:00,132,165.19
XGBoost,3180,2006-10-28 23:30:00,145,141.5
XGBoost,3180,2006-10-28 23:45:00,158,126.91
XGBoost,3180,2006-10-29 00:00:00,112,135.34
XGBoost,3180,2006-10-29 00:15:00,116,109.04
XGBoost,3180,2006-10-29 00:30:00,79,98.49
XGBoost,3180,2006-10-29 00:45:00,114,78.15
XGBoost,3180,2006-10-29 01:00:00,67,91.7
XGBoost,3180,2006-10-29 01:15:00,50,68.29
XGBoost,3180,2006-10-29 01:30:00,58,48.89
XGBoost,3180,2006-10-29 01:45:00,35,48.66
XGBoost,3180,2006-10-29 02:00:00,26,39.63
XGBoost,3180,2006-10-29 02:15:00,23,29.25
XGBoost,3180,2006-10-29 02:30:00,23,25.02
XGBoost,3180,2006-10-29 02:45:00,33,24.22
XGBoost,3180,2006-10-29 03:00:00,38,25.86
XGBoost,3180,2006-10-29 03:15:00,46,29.63
XGBoost,3180,2006-10-29 03:30:00,38,35.93
XGBoost,3180,2006-10-29 03:45:00,46,33.08
XGBoost,3180,2006-10-29 04:00:00,35,40.42
XGBoost,3180,2006-10-29 04:15:00,32,34.95
XGBoost,3180,2006-10-29 04:30:00,31,33.76
XGBoost,3180,2006-10-29 04:45:00,19,29.57
XGBoost,3180,2006-10-29 05:00:00,21,24.78
XGBoost,3180,2006-10-29 05:15:00,29,23.22
XGBoost,3180,2006-10-29 05:30:00,20,30.48
XGBoost,3180,2006-10-29 05:45:00,42,30.61
XGBoost,3180,2006-10-29 06:00:00,20,37.52
XGBoost,3180,2006-10-29 06:15:00,37,36.43
XGBoost,3180,2006-10-29 06:30:00,29,40.48
XGBoost,3180,2006-10-29 06:45:00,49,43.6
XGBoost,3180,2006-10-29 07:00:00,44,57.41
XGBoost,3180,2006-10-29 07:15:00,53,52.47
XGBoost,3180,2006-10-29 07:30:00,37,63.92
XGBoost,3180,2006-10-29 07:45:00,71,49.76
XGBoost,3180,2006-10-29 08:00:00,74,76.6
XGBoost,3180,2006-10-29 08:15:00,87,84.37
XGBoost,3180,2006-10-29 08:30:00,113,98.69
XGBoost,3180,2006-10-29 08:45:00,143,131.95
XGBoost,3180,2006-10-29 09:00:00,147,150.58
XGBoost,3180,2006-10-29 09:15:00,199,166.94
XGBoost,3180,2006-10-29 09:30:00,233,213.79
XGBoost,3180,2006-10-29 09:45:00,276,253.85
XGBoost,3180,2006-10-29 10:00:00,258,285.3
XGBoost,3180,2006-10-29 10:15:00,214,276.56
XGBoost,3180,2006-10-29 10:30:00,219,253.09
XGBoost,3180,2006-10-29 10:45:00,222,248.17
XGBoost,3180,2006-10-29 11:00:00,258,248.18
XGBoost,3180,2006-10-29 11:15:00,251,282.13
XGBoost,3180,2006-10-29 11:30:00,297,276.5
XGBoost,3180,2006-10-29 11:45:00,296,317.45
XGBoost,3180,2006-10-29 12:00:00,357,312.86
XGBoost,3180,2006-10-29 12:15:00,312,352.61
XGBoost,3180,2006-10-29 12:30:00,335,337.5
XGBoost,3180,2006-10-29 12:45:00,344,339.95
XGBoost,3180,2006-10-29 13:00:00,350,337.88
XGBoost,3180,2006-10-29 13:15:00,326,348.57
XGBoost,3180,2006-10-29 13:30:00,311,335.73
XGBoost,3180,2006-10-29 13:45:00,308,292.12
XGBoost,3180,2006-10-29 14:00:00,339,285.78
XGBoost,3180,2006-10-29 14:15:00,313,329.22
XGBoost,3180,2006-10-29 14:30:00,292,323.77
XGBoost,3180,2006-10-29 14:45:00,311,301.82
XGBoost,3180,2006-10-29 15:00:00,333,319.06
XGBoost,3180,2006-10-29 15:15:00,343,328.07
XGBoost,3180,2006-10-29 15:30:00,348,342.25
XGBoost,3180,2006-10-29 15:45:00,308,348.92
XGBoost,3180,2006-10-29 16:00:00,353,325.14
XGBoost,3180,2006-10-29 16:15:00,351,340.21
XGBoost,3180,2006-10-29 16:30:00,327,349.06
XGBoost,3180,2006-10-29 16:45:00,345,333.52
XGBoost,3180,2006-10-29 17:00:00,326,334.76
XGBoost,3180,2006-10-29 17:15:00,347,329.63
XGBoost,3180,2006-10-29 17:30:00,327,340.19
XGBoost,3180,2006-10-29 17:45:00,314,328.2
XGBoost,3180,2006-10-29 18:00:00,282,294.2
XGBoost,3180,2006-10-29 18:15:00,291,268.35
XGBoost,3180,2006-10-29 18:30:00,269,258.08
XGBoost,3180,2006-10-29 18:45:00,214,255.25
XGBoost,3180,2006-10-29 19:00:00,208,204.92
XGBoost,3180,2006-10-29 19:15:00,189,199.28
XGBoost,3180,2006-10-29 19:30:00,166,177.99
XGBoost,3180,2006-10-29 19:45:00,120,140.39
XGBoost,3180,2006-10-29 20:00:00,148,114.74
XGBoost,3180,2006-10-29 20:15:00,145,132.48
XGBoost,3180,2006-10-29 20:30:00,177,140.49
XGBoost,3180,2006-10-29 20:45:00,155,159.41
XGBoost,3180,2006-10-29 21:00:00,167,151.73
XGBoost,3180,2006-10-29 21:15:00,120,146.69
XGBoost,3180,2006-10-29 21:30:00,110,130.93
XGBoost,3180,2006-10-29 21:45:00,101,109.61
XGBoost,3180,2006-10-29 22:00:00,91,96.37
XGBoost,3180,2006-10-29 22:15:00,101,85.34
XGBoost,3180,2006-10-29 22:30:00,77,91.85
XGBoost,3180,2006-10-29 22:45:00,73,77.01
XGBoost,3180,2006-10-29 23:00:00,59,63.79
XGBoost,3180,2006-10-29 23:15:00,67,53.9
XGBoost,3180,2006-10-29 23:30:00,49,57.28
XGBoost,3180,2006-10-29 23:45:00,47,48.74
XGBoost,3180,2006-10-30 00:00:00,36,39.02
XGBoost,3180,2006-10-30 00:15:00,31,32.42
XGBoost,3180,2006-10-30 00:30:00,41,28.29
XGBoost,3180,2006-10-30 00:45:00,21,32.54
XGBoost,3180,2006-10-30 01:00:00,27,22.17
XGBoost,3180,2006-10-30 01:15:00,17,21.12
XGBoost,3180,2006-10-30 01:30:00,20,18.44
XGBoost,3180,2006-10-30 01:45:00,14,17.36
XGBoost,3180,2006-10-30 02:00:00,13,16.16
XGBoost,3180,2006-10-30 02:15:00,5,13.11
XGBoost,3180,2006-10-30 02:30:00,10,12.01
XGBoost,3180,2006-10-30 02:45:00,15,11.14
XGBoost,3180,2006-10-30 03:00:00,7,12.81
XGBoost,3180,2006-10-30 03:15:00,10,11.75
XGBoost,3180,2006-10-30 03:30:00,4,11.9
XGBoost,3180,2006-10-30 03:45:00,11,12.38
XGBoost,3180,2006-10-30 04:00:00,11,17.6
XGBoost,3180,2006-10-30 04:15:00,7,16.99
XGBoost,3180,2006-10-30 04:30:00,15,16.99
XGBoost,3180,2006-10-30 04:45:00,18,16.38
XGBoost,3180,2006-10-30 05:00:00,21,24.83
XGBoost,3180,2006-10-30 05:15:00,25,29.26
XGBoost,3180,2006-10-30 05:30:00,26,31.06
XGBoost,3180,2006-10-30 05:45:00,41,36.62
XGBoost,3180,2006-10-30 06:00:00,65,45.78
XGBoost,3180,2006-10-30 06:15:00,68,73.62
XGBoost,3180,2006-10-30 06:30:00,132,86.66
XGBoost,3180,2006-10-30 06:45:00,183,152.22
XGBoost,3180,2006-10-30 07:00:00,237,226.51
XGBoost,3180,2006-10-30 07:15:00,382,304.33
XGBoost,3180,2006-10-30 07:30:00,409,443.98
XGBoost,3180,2006-10-30 07:45:00,471,537.39
XGBoost,3180,2006-10-30 08:00:00,508,547.42
XGBoost,3180,2006-10-30 08:15:00,553,554.37
XGBoost,3180,2006-10-30 08:30:00,644,574.6
XGBoost,3180,2006-10-30 08:45:00,606,605.08
XGBoost,3180,2006-10-30 09:00:00,454,506.58
XGBoost,3180,2006-10-30 09:15:00,362,421.57
XGBoost,3180,2006-10-30 09:30:00,274,345.51
XGBoost,3180,2006-10-30 09:45:00,288,300.77
XGBoost,3180,2006-10-30 10:00:00,308,284.47
XGBoost,3180,2006-10-30 10:15:00,319,293.81
XGBoost,3180,2006-10-30 10:30:00,305,295.71
XGBoost,3180,2006-10-30 10:45:00,322,296.79
XGBoost,3180,2006-10-30 11:00:00,305,305.75
XGBoost,3180,2006-10-30 11:15:00,301,302.04
XGBoost,3180,2006-10-30 11:30:00,324,312.78
XGBoost,3180,2006-10-30 11:45:00,360,320.24
XGBoost,3180,2006-10-30 12:00:00,337,351.8
XGBoost,3180,2006-10-30 12:15:00,318,331.21
XGBoost,3180,2006-10-30 12:30:00,311,328.39
XGBoost,3180,2006-10-30 12:45:00,281,326.41
XGBoost,3180,2006-10-30 13:00:00,323,319.03
XGBoost,3180,2006-10-30 13:15:00,306,322.44
XGBoost,3180,2006-10-30 13:30:00,351,311.15
XGBoost,3180,2006-10-30 13:45:00,329,329.92
XGBoost,3180,2006-10-30 14:00:00,321,351.57
XGBoost,3180,2006-10-30 14:15:00,369,332.74
XGBoost,3180,2006-10-30 14:30:00,345,357.58
XGBoost,3180,2006-10-30 14:45:00,381,351.27
XGBoost,3180,2006-10-30 15:00:00,393,398.85
XGBoost,3180,2006-10-30 15:15:00,497,413.32
XGBoost,3180,2006-10-30 15:30:00,537,479.51
XGBoost,3180,2006-10-30 15:45:00,479,528.63
XGBoost,3180,2006-10-30 16:00:00,460,494.73
XGBoost,3180,2006-10-30 16:15:00,486,472.33
XGBoost,3180,2006-10-30 16:30:00,476,490.38
XGBoost,3180,2006-10-30 16:45:00,485,490.15
XGBoost,3180,2006-10-30 17:00:00,492,501.1
XGBoost,3180,2006-10-30 17:15:00,514,501.35
XGBoost,3180,2006-10-30 17:30:00,493,509.9
XGBoost,3180,2006-10-30 17:45:00,531,506.22
XGBoost,3180,2006-10-30 18:00:00,483,466.36
XGBoost,3180,2006-10-30 18:15:00,429,453.42
XGBoost,3180,2006-10-30 18:30:00,411,404.72
XGBoost,3180,2006-10-30 18:45:00,406,368.96
XGBoost,3180,2006-10-30 19:00:00,369,343.91
XGBoost,3180,2006-10-30 19:15:00,280,318.41
XGBoost,3180,2006-10-30 19:30:00,255,256.54
XGBoost,3180,2006-10-30 19:45:00,246,220.89
XGBoost,3180,2006-10-30 20:00:00,221,221.83
XGBoost,3180,2006-10-30 20:15:00,181,199.36
XGBoost,3180,2006-10-30 20:30:00,179,187.57
XGBoost,3180,2006-10-30 20:45:00,224,168.78
XGBoost,3180,2006-10-30 21:00:00,160,195.8
XGBoost,3180,2006-10-30 21:15:00,153,158.64
XGBoost,3180,2006-10-30 21:30:00,140,137.86
XGBoost,3180,2006-10-30 21:45:00,166,130.19
XGBoost,3180,2006-10-30 22:00:00,146,134.77
XGBoost,3180,2006-10-30 22:15:00,144,125.3
XGBoost,3180,2006-10-30 22:30:00,101,120.77
XGBoost,3180,2006-10-30 22:45:00,98,97.3
XGBoost,3180,2006-10-30 23:00:00,114,77.29
XGBoost,3180,2006-10-30 23:15:00,62,85.77
XGBoost,3180,2006-10-30 23:30:00,49,58.98
XGBoost,3180,2006-10-30 23:45:00,48,46.84
XGBoost,3180,2006-10-31 00:00:00,53,38.25
XGBoost,3180,2006-10-31 00:15:00,33,40.04
XGBoost,3180,2006-10-31 00:30:00,24,33.11
XGBoost,3180,2006-10-31 00:45:00,26,22.51
XGBoost,3180,2006-10-31 01:00:00,17,23.09
XGBoost,3180,2006-10-31 01:15:00,19,16.95
XGBoost,3180,2006-10-31 01:30:00,15,16.04
XGBoost,3180,2006-10-31 01:45:00,10,12.9
XGBoost,3180,2006-10-31 02:00:00,13,11.73
XGBoost,3180,2006-10-31 02:15:00,7,10.6
XGBoost,3180,2006-10-31 02:30:00,6,10.41
XGBoost,3180,2006-10-31 02:45:00,8,9.11
XGBoost,3180,2006-10-31 03:00:00,7,9.54
XGBoost,3180,2006-10-31 03:15:00,3,9.23
XGBoost,3180,2006-10-31 03:30:00,10,8.81
XGBoost,3180,2006-10-31 03:45:00,8,9.23
XGBoost,3180,2006-10-31 04:00:00,7,12.85
XGBoost,3180,2006-10-31 04:15:00,9,12.43
XGBoost,3180,2006-10-31 04:30:00,20,13.48
XGBoost,3180,2006-10-31 04:45:00,17,18.37
XGBoost,3180,2006-10-31 05:00:00,18,25.15
XGBoost,3180,2006-10-31 05:15:00,18,28.21
XGBoost,3180,2006-10-31 05:30:00,38,30.15
XGBoost,3180,2006-10-31 05:45:00,49,47.28
XGBoost,3180,2006-10-31 06:00:00,67,68.36
XGBoost,3180,2006-10-31 06:15:00,76,84.16
XGBoost,3180,2006-10-31 06:30:00,147,114.23
XGBoost,3180,2006-10-31 06:45:00,212,188.95
XGBoost,3180,2006-10-31 07:00:00,275,249.41
XGBoost,3180,2006-10-31 07:15:00,362,361.01
XGBoost,3180,2006-10-31 07:30:00,474,434.02
XGBoost,3180,2006-10-31 07:45:00,523,535.58
XGBoost,3180,2006-10-31 08:00:00,505,580.45
XGBoost,3180,2006-10-31 08:15:00,591,561.83
XGBoost,3180,2006-10-31 08:30:00,585,600.9
XGBoost,3180,2006-10-31 08:45:00,678,597.21
XGBoost,3180,2006-10-31 09:00:00,440,532.43
XGBoost,3180,2006-10-31 09:15:00,397,408.3
XGBoost,3180,2006-10-31 09:30:00,332,353.53
XGBoost,3180,2006-10-31 09:45:00,292,338.98
XGBoost,3180,2006-10-31 10:00:00,325,307.56
XGBoost,3180,2006-10-31 10:15:00,308,318.91
XGBoost,3180,2006-10-31 10:30:00,340,313.15
XGBoost,3180,2006-10-31 10:45:00,305,332.1
XGBoost,3180,2006-10-31 11:00:00,314,319.72
XGBoost,3180,2006-10-31 11:15:00,344,315.78
XGBoost,3180,2006-10-31 11:30:00,323,334.6
XGBoost,3180,2006-10-31 11:45:00,337,341.78
XGBoost,3180,2006-10-31 12:00:00,319,335.8
XGBoost,3180,2006-10-31 12:15:00,347,317.07
XGBoost,3180,2006-10-31 12:30:00,371,328.39
XGBoost,3180,2006-10-31 12:45:00,337,337.62
XGBoost,3180,2006-10-31 13:00:00,304,340.46
XGBoost,3180,2006-10-31 13:15:00,360,314.54
XGBoost,3180,2006-10-31 13:30:00,310,349.96
XGBoost,3180,2006-10-31 13:45:00,331,332.28
XGBoost,3180,2006-10-31 14:00:00,345,335.59
XGBoost,3180,2006-10-31 14:15:00,343,362.97
XGBoost,3180,2006-10-31 14:30:00,369,357.71
XGBoost,3180,2006-10-31 14:45:00,410,382.15
XGBoost,3180,2006-10-31 15:00:00,409,409.52
XGBoost,3180,2006-10-31 15:15:00,470,462.94
XGBoost,3180,2006-10-31 15:30:00,490,508.01
XGBoost,3180,2006-10-31 15:45:00,471,504.2
XGBoost,3180,2006-10-31 16:00:00,474,488.16
XGBoost,3180,2006-10-31 16:15:00,465,492.94
XGBoost,3180,2006-10-31 16:30:00,495,490.69
XGBoost,3180,2006-10-31 16:45:00,511,498.72
XGBoost,3180,2006-10-31 17:00:00,499,509.62
XGBoost,3180,2006-10-31 17:15:00,523,517.12
XGBoost,3180,2006-10-31 17:30:00,560,523.13
XGBoost,3180,2006-10-31 17:45:00,496,555.88
XGBoost,3180,2006-10-31 18:00:00,515,484.31
XGBoost,3180,2006-10-31 18:15:00,452,467.56
XGBoost,3180,2006-10-31 18:30:00,420,434.15
XGBoost,3180,2006-10-31 18:45:00,368,407.23
XGBoost,3180,2006-10-31 19:00:00,330,358.24
XGBoost,3180,2006-10-31 19:15:00,296,295.31
XGBoost,3180,2006-10-31 19:30:00,279,272.01
XGBoost,3180,2006-10-31 19:45:00,239,253.13
XGBoost,3180,2006-10-31 20:00:00,253,235.66
XGBoost,3180,2006-10-31 20:15:00,231,221.83
XGBoost,3180,2006-10-31 20:30:00,204,213.35
XGBoost,3180,2006-10-31 20:45:00,207,212.39
XGBoost,3180,2006-10-31 21:00:00,195,191.78
XGBoost,3180,2006-10-31 21:15:00,214,186.56
XGBoost,3180,2006-10-31 21:30:00,167,191.14
XGBoost,3180,2006-10-31 21:45:00,160,174.31
XGBoost,3180,2006-10-31 22:00:00,157,150.74
XGBoost,3180,2006-10-31 22:15:00,123,150.08
XGBoost,3180,2006-10-31 22:30:00,117,116.18
XGBoost,3180,2006-10-31 22:45:00,99,107.43
XGBoost,3180,2006-10-31 23:00:00,89,91.71
XGBoost,3180,2006-10-31 23:15:00,61,73.36
XGBoost,3180,2006-10-31 23:30:00,56,57.31
XGBoost,3180,2006-10-31 23:45:00,42,50.49
XGBoost,3662,2006-10-27 12:00:00,656,674.22
XGBoost,3662,2006-10-27 12:15:00,724,660.23
XGBoost,3662,2006-10-27 12:30:00,616,667.72
XGBoost,3662,2006-10-27 12:45:00,680,645.97
XGBoost,3662,2006-10-27 13:00:00,662,648.93
XGBoost,3662,2006-10-27 13:15:00,622,635.48
XGBoost,3662,2006-10-27 13:30:00,674,641.33
XGBoost,3662,2006-10-27 13:45:00,603,638.98
XGBoost,3662,2006-10-27 14:00:00,658,632.19
XGBoost,3662,2006-10-27 14:15:00,621,626.85
XGBoost,3662,2006-10-27 14:30:00,706,667.53
XGBoost,3662,2006-10-27 14:45:00,681,668.59
XGBoost,3662,2006-10-27 15:00:00,759,729.15
XGBoost,3662,2006-10-27 15:15:00,779,774.97
XGBoost,3662,2006-10-27 15:30:00,725,800.88
XGBoost,3662,2006-10-27 15:45:00,695,753.68
XGBoost,3662,2006-10-27 16:00:00,781,752.22
XGBoost,3662,2006-10-27 16:15:00,780,752.22
XGBoost,3662,2006-10-27 16:30:00,778,800.4
XGBoost,3662,2006-10-27 16:45:00,802,782.84
XGBoost,3662,2006-10-27 17:00:00,769,817.6
XGBoost,3662,2006-10-27 17:15:00,858,832.84
XGBoost,3662,2006-10-27 17:30:00,920,833.54
XGBoost,3662,2006-10-27 17:45:00,855,911.95
XGBoost,3662,2006-10-27 18:00:00,849,862.71
XGBoost,3662,2006-10-27 18:15:00,791,832.27
XGBoost,3662,2006-10-27 18:30:00,831,791.51
XGBoost,3662,2006-10-27 18:45:00,720,804.68
XGBoost,3662,2006-10-27 19:00:00,654,668.02
XGBoost,3662,2006-10-27 19:15:00,609,628.87
XGBoost,3662,2006-10-27 19:30:00,555,541.23
XGBoost,3662,2006-10-27 19:45:00,584,522.71
XGBoost,3662,2006-10-27 20:00:00,518,510.55
XGBoost,3662,2006-10-27 20:15:00,409,460.35
XGBoost,3662,2006-10-27 20:30:00,366,396.11
XGBoost,3662,2006-10-27 20:45:00,361,362.95
XGBoost,3662,2006-10-27 21:00:00,364,353.79
XGBoost,3662,2006-10-27 21:15:00,344,365.26
XGBoost,3662,2006-10-27 21:30:00,354,349.22
XGBoost,3662,2006-10-27 21:45:00,273,352.67
XGBoost,3662,2006-10-27 22:00:00,269,315.92
XGBoost,3662,2006-10-27 22:15:00,307,277.86
XGBoost,3662,2006-10-27 22:30:00,298,287.07
XGBoost,3662,2006-10-27 22:45:00,308,278.37
XGBoost,3662,2006-10-27 23:00:00,245,278.25
XGBoost,3662,2006-10-27 23:15:00,255,239.52
XGBoost,3662,2006-10-27 23:30:00,242,229.44
XGBoost,3662,2006-10-27 23:45:00,205,210.18
XGBoost,3662,2006-10-28 00:00:00,183,192.58
XGBoost,3662,2006-10-28 00:15:00,186,167.48
XGBoost,3662,2006-10-28 00:30:00,191,163.05
XGBoost,3662,2006-10-28 00:45:00,161,163.26
XGBoost,3662,2006-10-28 01:00:00,140,141.58
XGBoost,3662,2006-10-28 01:15:00,111,125.37
XGBoost,3662,2006-10-28 01:30:00,125,104.1
XGBoost,3662,2006-10-28 01:45:00,90,104.43
XGBoost,3662,2006-10-28 02:00:00,66,87.96
XGBoost,3662,2006-10-28 02:15:00,86,66.61
XGBoost,3662,2006-10-28 02:30:00,85,73.11
XGBoost,3662,2006-10-28 02:45:00,83,76.96
XGBoost,3662,2006-10-28 03:00:00,73,74.92
XGBoost,3662,2006-10-28 03:15:00,79,66.29
XGBoost,3662,2006-10-28 03:30:00,60,70.28
XGBoost,3662,2006-10-28 03:45:00,47,59.59
XGBoost,3662,2006-10-28 04:00:00,55,48.18
XGBoost,3662,2006-10-28 04:15:00,55,50.5
XGBoost,3662,2006-10-28 04:30:00,44,53.35
XGBoost,3662,2006-10-28 04:45:00,86,51.51
XGBoost,3662,2006-10-28 05:00:00,60,82.87
XGBoost,3662,2006-10-28 05:15:00,79,79.39
XGBoost,3662,2006-10-28 05:30:00,122,89.89
XGBoost,3662,2006-10-28 05:45:00,116,146.24
XGBoost,3662,2006-10-28 06:00:00,126,147.67
XGBoost,3662,2006-10-28 06:15:00,165,173.4
XGBoost,3662,2006-10-28 06:30:00,177,214.83
XGBoost,3662,2006-10-28 06:45:00,209,221.97
XGBoost,3662,2006-10-28 07:00:00,236,243.73
XGBoost,3662,2006-10-28 07:15:00,237,278.27
XGBoost,3662,2006-10-28 07:30:00,309,287.19
XGBoost,3662,2006-10-28 07:45:00,363,347.73
XGBoost,3662,2006-10-28 08:00:00,364,400.42
XGBoost,3662,2006-10-28 08:15:00,426,420.75
XGBoost,3662,2006-10-28 08:30:00,475,488.11
XGBoost,3662,2006-10-28 08:45:00,550,549.88
XGBoost,3662,2006-10-28 09:00:00,530,595.79
XGBoost,3662,2006-10-28 09:15:00,581,585.04
XGBoost,3662,2006-10-28 09:30:00,645,599.7
XGBoost,3662,2006-10-28 09:45:00,625,663.58
XGBoost,3662,2006-10-28 10:00:00,644,638.01
XGBoost,3662,2006-10-28 10:15:00,679,664.67
XGBoost,3662,2006-10-28 10:30:00,671,684.53
XGBoost,3662,2006-10-28 10:45:00,753,683.39
XGBoost,3662,2006-10-28 11:00:00,630,706.14
XGBoost,3662,2006-10-28 11:15:00,702,681.14
XGBoost,3662,2006-10-28 11:30:00,662,713.07
XGBoost,3662,2006-10-28 11:45:00,731,704.01
XGBoost,3662,2006-10-28 12:00:00,659,712.92
XGBoost,3662,2006-10-28 12:15:00,739,709.75
XGBoost,3662,2006-10-28 12:30:00,682,706.19
XGBoost,3662,2006-10-28 12:45:00,718,720.0
XGBoost,3662,2006-10-28 13:00:00,725,697.77
XGBoost,3662,2006-10-28 13:15:00,695,706.74
XGBoost,3662,2006-10-28 13:30:00,681,698.83
XGBoost,3662,2006-10-28 13:45:00,686,676.51
XGBoost,3662,2006-10-28 14:00:00,711,691.86
XGBoost,3662,2006-10-28 14:15:00,719,691.26
XGBoost,3662,2006-10-28 14:30:00,670,698.95
XGBoost,3662,2006-10-28 14:45:00,673,684.29
XGBoost,3662,2006-10-28 15:00:00,669,684.13
XGBoost,3662,2006-10-28 15:15:00,629,675.74
XGBoost,3662,2006-10-28 15:30:00,621,652.93
XGBoost,3662,2006-10-28 15:45:00,626,637.06
XGBoost,3662,2006-10-28 16:00:00,649,633.53
XGBoost,3662,2006-10-28 16:15:00,626,643.7
XGBoost,3662,2006-10-28 16:30:00,611,634.51
XGBoost,3662,2006-10-28 16:45:00,701,620.91
XGBoost,3662,2006-10-28 17:00:00,693,678.6
XGBoost,3662,2006-10-28 17:15:00,621,687.96
XGBoost,3662,2006-10-28 17:30:00,603,652.12
XGBoost,3662,2006-10-28 17:45:00,634,631.8
XGBoost,3662,2006-10-28 18:00:00,641,614.23
XGBoost,3662,2006-10-28 18:15:00,621,612.25
XGBoost,3662,2006-10-28 18:30:00,579,606.82
XGBoost,3662,2006-10-28 18:45:00,598,582.45
XGBoost,3662,2006-10-28 19:00:00,586,547.12
XGBoost,3662,2006-10-28 19:15:00,489,530.44
XGBoost,3662,2006-10-28 19:30:00,472,462.09
XGBoost,3662,2006-10-28 19:45:00,441,439.42
XGBoost,3662,2006-10-28 20:00:00,401,413.43
XGBoost,3662,2006-10-28 20:15:00,387,381.45
XGBoost,3662,2006-10-28 20:30:00,353,366.81
XGBoost,3662,2006-10-28 20:45:00,346,344.22
XGBoost,3662,2006-10-28 21:00:00,317,352.55
XGBoost,3662,2006-10-28 21:15:00,329,330.52
XGBoost,3662,2006-10-28 21:30:00,346,317.25
XGBoost,3662,2006-10-28 21:45:00,282,315.25
XGBoost,3662,2006-10-28 22:00:00,254,294.18
XGBoost,3662,2006-10-28 22:15:00,270,258.67
XGBoost,3662,2006-10-28 22:30:00,311,269.45
XGBoost,3662,2006-10-28 22:45:00,299,290.95
XGBoost,3662,2006-10-28 23:00:00,338,281.8
XGBoost,3662,2006-10-28 23:15:00,280,299.86
XGBoost,3662,2006-10-28 23:30:00,291,272.11
XGBoost,3662,2006-10-28 23:45:00,259,260.23
XGBoost,3662,2006-10-29 00:00:00,309,239.88
XGBoost,3662,2006-10-29 00:15:00,253,267.96
XGBoost,3662,2006-10-29 00:30:00,246,237.26
XGBoost,3662,2006-10-29 00:45:00,233,213.16
XGBoost,3662,2006-10-29 01:00:00,186,198.68
XGBoost,3662,2006-10-29 01:15:00,208,171.42
XGBoost,3662,2006-10-29 01:30:00,203,177.1
XGBoost,3662,2006-10-29 01:45:00,0,173.68
XGBoost,3662,2006-10-29 02:00:00,0,75.73
XGBoost,3662,2006-10-29 02:15:00,0,34.91
XGBoost,3662,2006-10-29 02:30:00,0,30.35
XGBoost,3662,2006-10-29 02:45:00,126,19.25
XGBoost,3662,2006-10-29 03:00:00,134,88.6
XGBoost,3662,2006-10-29 03:15:00,114,115.05
XGBoost,3662,2006-10-29 03:30:00,71,106.11
XGBoost,3662,2006-10-29 03:45:00,89,105.48
XGBoost,3662,2006-10-29 04:00:00,95,105.95
XGBoost,3662,2006-10-29 04:15:00,85,123.96
XGBoost,3662,2006-10-29 04:30:00,67,110.04
XGBoost,3662,2006-10-29 04:45:00,73,74.24
XGBoost,3662,2006-10-29 05:00:00,61,74.23
XGBoost,3662,2006-10-29 05:15:00,62,74.66
XGBoost,3662,2006-10-29 05:30:00,79,72.49
XGBoost,3662,2006-10-29 05:45:00,80,84.9
XGBoost,3662,2006-10-29 06:00:00,80,87.54
XGBoost,3662,2006-10-29 06:15:00,87,89.35
XGBoost,3662,2006-10-29 06:30:00,122,100.05
XGBoost,3662,2006-10-29 06:45:00,118,138.28
XGBoost,3662,2006-10-29 07:00:00,111,129.52
XGBoost,3662,2006-10-29 07:15:00,119,127.62
XGBoost,3662,2006-10-29 07:30:00,140,139.89
XGBoost,3662,2006-10-29 07:45:00,137,158.12
XGBoost,3662,2006-10-29 08:00:00,173,162.28
XGBoost,3662,2006-10-29 08:15:00,186,198.11
XGBoost,3662,2006-10-29 08:30:00,210,220.29
XGBoost,3662,2006-10-29 08:45:00,286,245.5
XGBoost,3662,2006-10-29 09:00:00,314,310.33
XGBoost,3662,2006-10-29 09:15:00,262,347.3
XGBoost,3662,2006-10-29 09:30:00,378,330.67
XGBoost,3662,2006-10-29 09:45:00,442,403.23
XGBoost,3662,2006-10-29 10:00:00,441,457.37
XGBoost,3662,2006-10-29 10:15:00,431,477.52
XGBoost,3662,2006-10-29 10:30:00,402,479.89
XGBoost,3662,2006-10-29 10:45:00,497,474.3
XGBoost,3662,2006-10-29 11:00:00,451,494.39
XGBoost,3662,2006-10-29 11:15:00,473,500.43
XGBoost,3662,2006-10-29 11:30:00,586,489.7
XGBoost,3662,2006-10-29 11:45:00,659,573.37
XGBoost,3662,2006-10-29 12:00:00,608,598.58
XGBoost,3662,2006-10-29 12:15:00,627,615.92
XGBoost,3662,2006-10-29 12:30:00,635,625.87
XGBoost,3662,2006-10-29 12:45:00,669,642.75
XGBoost,3662,2006-10-29 13:00:00,630,631.23
XGBoost,3662,2006-10-29 13:15:00,602,617.91
XGBoost,3662,2006-10-29 13:30:00,608,611.95
XGBoost,3662,2006-10-29 13:45:00,594,613.38
XGBoost,3662,2006-10-29 14:00:00,607,599.8
XGBoost,3662,2006-10-29 14:15:00,632,603.51
XGBoost,3662,2006-10-29 14:30:00,611,615.44
XGBoost,3662,2006-10-29 14:45:00,586,605.47
XGBoost,3662,2006-10-29 15:00:00,558,607.34
XGBoost,3662,2006-10-29 15:15:00,527,582.32
XGBoost,3662,2006-10-29 15:30:00,606,560.06
XGBoost,3662,2006-10-29 15:45:00,590,585.7
XGBoost,3662,2006-10-29 16:00:00,583,587.94
XGBoost,3662,2006-10-29 16:15:00,664,586.09
XGBoost,3662,2006-10-29 16:30:00,656,619.35
XGBoost,3662,2006-10-29 16:45:00,636,641.81
XGBoost,3662,2006-10-29 17:00:00,594,622.81
XGBoost,3662,2006-10-29 17:15:00,635,599.96
XGBoost,3662,2006-10-29 17:30:00,586,620.66
XGBoost,3662,2006-10-29 17:45:00,636,602.32
XGBoost,3662,2006-10-29 18:00:00,669,563.84
XGBoost,3662,2006-10-29 18:15:00,621,592.94
XGBoost,3662,2006-10-29 18:30:00,579,566.91
XGBoost,3662,2006-10-29 18:45:00,536,543.0
XGBoost,3662,2006-10-29 19:00:00,413,488.57
XGBoost,3662,2006-10-29 19:15:00,353,404.63
XGBoost,3662,2006-10-29 19:30:00,402,334.45
XGBoost,3662,2006-10-29 19:45:00,362,346.53
XGBoost,3662,2006-10-29 20:00:00,331,351.46
XGBoost,3662,2006-10-29 20:15:00,327,322.81
XGBoost,3662,2006-10-29 20:30:00,377,309.74
XGBoost,3662,2006-10-29 20:45:00,347,329.65
XGBoost,3662,2006-10-29 21:00:00,290,325.1
XGBoost,3662,2006-10-29 21:15:00,291,294.59
XGBoost,3662,2006-10-29 21:30:00,257,282.4
XGBoost,3662,2006-10-29 21:45:00,248,258.61
XGBoost,3662,2006-10-29 22:00:00,248,227.62
XGBoost,3662,2006-10-29 22:15:00,195,222.2
XGBoost,3662,2006-10-29 22:30:00,220,196.6
XGBoost,3662,2006-10-29 22:45:00,190,199.04
XGBoost,3662,2006-10-29 23:00:00,175,177.94
XGBoost,3662,2006-10-29 23:15:00,154,155.02
XGBoost,3662,2006-10-29 23:30:00,135,144.29
XGBoost,3662,2006-10-29 23:45:00,120,124.01
XGBoost,3662,2006-10-30 00:00:00,105,111.91
XGBoost,3662,2006-10-30 00:15:00,112,95.73
XGBoost,3662,2006-10-30 00:30:00,54,96.04
XGBoost,3662,2006-10-30 00:45:00,58,61.63
XGBoost,3662,2006-10-30 01:00:00,57,49.31
XGBoost,3662,2006-10-30 01:15:00,32,47.44
XGBoost,3662,2006-10-30 01:30:00,49,35.53
XGBoost,3662,2006-10-30 01:45:00,24,32.86
XGBoost,3662,2006-10-30 02:00:00,30,24.89
XGBoost,3662,2006-10-30 02:15:00,22,21.59
XGBoost,3662,2006-10-30 02:30:00,21,20.03
XGBoost,3662,2006-10-30 02:45:00,20,21.64
XGBoost,3662,2006-10-30 03:00:00,18,22.97
XGBoost,3662,2006-10-30 03:15:00,16,20.66
XGBoost,3662,2006-10-30 03:30:00,20,18.05
XGBoost,3662,2006-10-30 03:45:00,28,19.86
XGBoost,3662,2006-10-30 04:00:00,24,35.7
XGBoost,3662,2006-10-30 04:15:00,22,34.54
XGBoost,3662,2006-10-30 04:30:00,45,30.36
XGBoost,3662,2006-10-30 04:45:00,52,51.0
XGBoost,3662,2006-10-30 05:00:00,83,68.79
XGBoost,3662,2006-10-30 05:15:00,108,99.33
XGBoost,3662,2006-10-30 05:30:00,167,150.83
XGBoost,3662,2006-10-30 05:45:00,167,205.49
XGBoost,3662,2006-10-30 06:00:00,234,241.43
XGBoost,3662,2006-10-30 06:15:00,329,321.96
XGBoost,3662,2006-10-30 06:30:00,539,431.31
XGBoost,3662,2006-10-30 06:45:00,686,638.05
XGBoost,3662,2006-10-30 07:00:00,834,774.15
XGBoost,3662,2006-10-30 07:15:00,875,874.19
XGBoost,3662,2006-10-30 07:30:00,936,931.46
XGBoost,3662,2006-10-30 07:45:00,842,949.88
XGBoost,3662,2006-10-30 08:00:00,960,876.28
XGBoost,3662,2006-10-30 08:15:00,982,892.59
XGBoost,3662,2006-10-30 08:30:00,911,908.2
XGBoost,3662,2006-10-30 08:45:00,860,876.01
XGBoost,3662,2006-10-30 09:00:00,928,750.84
XGBoost,3662,2006-10-30 09:15:00,721,829.94
XGBoost,3662,2006-10-30 09:30:00,668,705.61
XGBoost,3662,2006-10-30 09:45:00,610,627.14
XGBoost,3662,2006-10-30 10:00:00,604,618.64
XGBoost,3662,2006-10-30 10:15:00,574,574.71
XGBoost,3662,2006-10-30 10:30:00,587,553.23
XGBoost,3662,2006-10-30 10:45:00,584,557.98
XGBoost,3662,2006-10-30 11:00:00,571,575.88
XGBoost,3662,2006-10-30 11:15:00,619,560.04
XGBoost,3662,2006-10-30 11:30:00,557,602.33
XGBoost,3662,2006-10-30 11:45:00,574,591.9
XGBoost,3662,2006-10-30 12:00:00,565,577.71
XGBoost,3662,2006-10-30 12:15:00,579,589.31
XGBoost,3662,2006-10-30 12:30:00,616,590.3
XGBoost,3662,2006-10-30 12:45:00,614,615.13
XGBoost,3662,2006-10-30 13:00:00,570,605.09
XGBoost,3662,2006-10-30 13:15:00,633,589.65
XGBoost,3662,2006-10-30 13:30:00,616,602.74
XGBoost,3662,2006-10-30 13:45:00,584,605.41
XGBoost,3662,2006-10-30 14:00:00,590,621.19
XGBoost,3662,2006-10-30 14:15:00,630,625.32
XGBoost,3662,2006-10-30 14:30:00,636,637.16
XGBoost,3662,2006-10-30 14:45:00,673,635.26
XGBoost,3662,2006-10-30 15:00:00,690,684.7
XGBoost,3662,2006-10-30 15:15:00,790,707.61
XGBoost,3662,2006-10-30 15:30:00,726,774.42
XGBoost,3662,2006-10-30 15:45:00,737,760.39
XGBoost,3662,2006-10-30 16:00:00,704,751.21
XGBoost,3662,2006-10-30 16:15:00,693,744.86
XGBoost,3662,2006-10-30 16:30:00,736,730.45
XGBoost,3662,2006-10-30 16:45:00,728,752.74
XGBoost,3662,2006-10-30 17:00:00,771,761.73
XGBoost,3662,2006-10-30 17:15:00,813,783.23
XGBoost,3662,2006-10-30 17:30:00,897,817.56
XGBoost,3662,2006-10-30 17:45:00,867,886.01
XGBoost,3662,2006-10-30 18:00:00,804,815.94
XGBoost,3662,2006-10-30 18:15:00,810,773.36
XGBoost,3662,2006-10-30 18:30:00,724,753.84
XGBoost,3662,2006-10-30 18:45:00,645,695.59
XGBoost,3662,2006-10-30 19:00:00,618,579.81
XGBoost,3662,2006-10-30 19:15:00,507,540.98
XGBoost,3662,2006-10-30 19:30:00,437,466.67
XGBoost,3662,2006-10-30 19:45:00,484,401.8
XGBoost,3662,2006-10-30 20:00:00,377,421.28
XGBoost,3662,2006-10-30 20:15:00,368,368.79
XGBoost,3662,2006-10-30 20:30:00,385,366.37
XGBoost,3662,2006-10-30 20:45:00,346,368.26
XGBoost,3662,2006-10-30 21:00:00,286,343.47
XGBoost,3662,2006-10-30 21:15:00,352,304.45
XGBoost,3662,2006-10-30 21:30:00,342,312.74
XGBoost,3662,2006-10-30 21:45:00,317,319.35
XGBoost,3662,2006-10-30 22:00:00,235,292.53
XGBoost,3662,2006-10-30 22:15:00,248,224.56
XGBoost,3662,2006-10-30 22:30:00,224,230.59
XGBoost,3662,2006-10-30 22:45:00,220,205.43
XGBoost,3662,2006-10-30 23:00:00,207,183.9
XGBoost,3662,2006-10-30 23:15:00,125,173.04
XGBoost,3662,2006-10-30 23:30:00,154,125.17
XGBoost,3662,2006-10-30 23:45:00,145,120.22
XGBoost,3662,2006-10-31 00:00:00,102,122.49
XGBoost,3662,2006-10-31 00:15:00,87,98.51
XGBoost,3662,2006-10-31 00:30:00,80,73.08
XGBoost,3662,2006-10-31 00:45:00,53,66.18
XGBoost,3662,2006-10-31 01:00:00,38,51.11
XGBoost,3662,2006-10-31 01:15:00,26,36.15
XGBoost,3662,2006-10-31 01:30:00,35,28.35
XGBoost,3662,2006-10-31 01:45:00,29,27.55
XGBoost,3662,2006-10-31 02:00:00,19,28.47
XGBoost,3662,2006-10-31 02:15:00,21,20.95
XGBoost,3662,2006-10-31 02:30:00,16,18.65
XGBoost,3662,2006-10-31 02:45:00,19,16.85
XGBoost,3662,2006-10-31 03:00:00,15,17.63
XGBoost,3662,2006-10-31 03:15:00,20,15.65
XGBoost,3662,2006-10-31 03:30:00,23,17.43
XGBoost,3662,2006-10-31 03:45:00,25,22.11
XGBoost,3662,2006-10-31 04:00:00,15,27.94
XGBoost,3662,2006-10-31 04:15:00,21,23.18
XGBoost,3662,2006-10-31 04:30:00,40,27.88
XGBoost,3662,2006-10-31 04:45:00,51,44.72
XGBoost,3662,2006-10-31 05:00:00,63,74.87
XGBoost,3662,2006-10-31 05:15:00,98,95.81
XGBoost,3662,2006-10-31 05:30:00,150,138.98
XGBoost,3662,2006-10-31 05:45:00,170,197.53
XGBoost,3662,2006-10-31 06:00:00,207,247.02
XGBoost,3662,2006-10-31 06:15:00,361,321.19
XGBoost,3662,2006-10-31 06:30:00,503,523.14
XGBoost,3662,2006-10-31 06:45:00,759,659.57
XGBoost,3662,2006-10-31 07:00:00,798,821.49
XGBoost,3662,2006-10-31 07:15:00,988,901.35
XGBoost,3662,2006-10-31 07:30:00,981,986.89
XGBoost,3662,2006-10-31 07:45:00,958,938.45
XGBoost,3662,2006-10-31 08:00:00,995,962.63
XGBoost,3662,2006-10-31 08:15:00,948,970.47
XGBoost,3662,2006-10-31 08:30:00,1002,924.02
XGBoost,3662,2006-10-31 08:45:00,940,948.63
XGBoost,3662,2006-10-31 09:00:00,902,904.44
XGBoost,3662,2006-10-31 09:15:00,784,821.96
XGBoost,3662,2006-10-31 09:30:00,719,750.28
XGBoost,3662,2006-10-31 09:45:00,679,666.64
XGBoost,3662,2006-10-31 10:00:00,579,648.57
XGBoost,3662,2006-10-31 10:15:00,598,604.66
XGBoost,3662,2006-10-31 10:30:00,590,598.82
XGBoost,3662,2006-10-31 10:45:00,578,598.61
XGBoost,3662,2006-10-31 11:00:00,559,588.73
XGBoost,3662,2006-10-31 11:15:00,637,596.79
XGBoost,3662,2006-10-31 11:30:00,658,592.53
XGBoost,3662,2006-10-31 11:45:00,688,618.82
XGBoost,3662,2006-10-31 12:00:00,580,639.53
XGBoost,3662,2006-10-31 12:15:00,637,613.17
XGBoost,3662,2006-10-31 12:30:00,629,618.93
XGBoost,3662,2006-10-31 12:45:00,574,625.93
XGBoost,3662,2006-10-31 13:00:00,521,589.76
XGBoost,3662,2006-10-31 13:15:00,602,579.38
XGBoost,3662,2006-10-31 13:30:00,573,589.34
XGBoost,3662,2006-10-31 13:45:00,631,586.52
XGBoost,3662,2006-10-31 14:00:00,538,610.92
XGBoost,3662,2006-10-31 14:15:00,642,608.76
XGBoost,3662,2006-10-31 14:30:00,634,621.97
XGBoost,3662,2006-10-31 14:45:00,666,667.33
XGBoost,3662,2006-10-31 15:00:00,768,693.04
XGBoost,3662,2006-10-31 15:15:00,781,777.85
XGBoost,3662,2006-10-31 15:30:00,742,765.81
XGBoost,3662,2006-10-31 15:45:00,714,758.29
XGBoost,3662,2006-10-31 16:00:00,754,726.57
XGBoost,3662,2006-10-31 16:15:00,699,736.16
XGBoost,3662,2006-10-31 16:30:00,759,743.89
XGBoost,3662,2006-10-31 16:45:00,785,754.89
XGBoost,3662,2006-10-31 17:00:00,762,806.5
XGBoost,3662,2006-10-31 17:15:00,872,806.67
XGBoost,3662,2006-10-31 17:30:00,851,885.22
XGBoost,3662,2006-10-31 17:45:00,937,873.32
XGBoost,3662,2006-10-31 18:00:00,807,843.97
XGBoost,3662,2006-10-31 18:15:00,911,821.85
XGBoost,3662,2006-10-31 18:30:00,798,816.31
XGBoost,3662,2006-10-31 18:45:00,683,740.09
XGBoost,3662,2006-10-31 19:00:00,645,635.7
XGBoost,3662,2006-10-31 19:15:00,590,579.56
XGBoost,3662,2006-10-31 19:30:00,520,520.9
XGBoost,3662,2006-10-31 19:45:00,451,485.08
XGBoost,3662,2006-10-31 20:00:00,412,419.01
XGBoost,3662,2006-10-31 20:15:00,439,393.64
XGBoost,3662,2006-10-31 20:30:00,350,409.46
XGBoost,3662,2006-10-31 20:45:00,378,357.62
XGBoost,3662,2006-10-31 21:00:00,315,354.35
XGBoost,3662,2006-10-31 21:15:00,370,351.76
XGBoost,3662,2006-10-31 21:30:00,310,346.01
XGBoost,3662,2006-10-31 21:45:00,329,321.65
XGBoost,3662,2006-10-31 22:00:00,278,287.42
XGBoost,3662,2006-10-31 22:15:00,295,269.19
XGBoost,3662,2006-10-31 22:30:00,263,260.48
XGBoost,3662,2006-10-31 22:45:00,258,250.86
XGBoost,3662,2006-10-31 23:00:00,205,237.03
XGBoost,3662,2006-10-31 23:15:00,212,184.81
XGBoost,3662,2006-10-31 23:30:00,173,178.36
XGBoost,3662,2006-10-31 23:45:00,175,153.31
XGBoost,3682,2006-10-27 12:00:00,571,571.87
XGBoost,3682,2006-10-27 12:15:00,584,580.52
XGBoost,3682,2006-10-27 12:30:00,570,578.02
XGBoost,3682,2006-10-27 12:45:00,626,569.1
XGBoost,3682,2006-10-27 13:00:00,522,572.15
XGBoost,3682,2006-10-27 13:15:00,559,579.29
XGBoost,3682,2006-10-27 13:30:00,587,566.73
XGBoost,3682,2006-10-27 13:45:00,563,581.05
XGBoost,3682,2006-10-27 14:00:00,622,575.01
XGBoost,3682,2006-10-27 14:15:00,617,592.58
XGBoost,3682,2006-10-27 14:30:00,634,609.98
XGBoost,3682,2006-10-27 14:45:00,634,626.21
XGBoost,3682,2006-10-27 15:00:00,712,665.8
XGBoost,3682,2006-10-27 15:15:00,724,713.31
XGBoost,3682,2006-10-27 15:30:00,753,764.83
XGBoost,3682,2006-10-27 15:45:00,742,753.09
XGBoost,3682,2006-10-27 16:00:00,797,781.74
XGBoost,3682,2006-10-27 16:15:00,802,807.37
XGBoost,3682,2006-10-27 16:30:00,753,802.14
XGBoost,3682,2006-10-27 16:45:00,833,823.83
XGBoost,3682,2006-10-27 17:00:00,876,849.41
XGBoost,3682,2006-10-27 17:15:00,887,898.36
XGBoost,3682,2006-10-27 17:30:00,940,899.86
XGBoost,3682,2006-10-27 17:45:00,909,935.87
XGBoost,3682,2006-10-27 18:00:00,873,883.49
XGBoost,3682,2006-10-27 18:15:00,904,826.65
XGBoost,3682,2006-10-27 18:30:00,730,806.1
XGBoost,3682,2006-10-27 18:45:00,621,692.21
XGBoost,3682,2006-10-27 19:00:00,578,579.55
XGBoost,3682,2006-10-27 19:15:00,543,530.65
XGBoost,3682,2006-10-27 19:30:00,480,496.04
XGBoost,3682,2006-10-27 19:45:00,411,433.42
XGBoost,3682,2006-10-27 20:00:00,344,370.87
XGBoost,3682,2006-10-27 20:15:00,318,337.69
XGBoost,3682,2006-10-27 20:30:00,305,314.23
XGBoost,3682,2006-10-27 20:45:00,316,293.92
XGBoost,3682,2006-10-27 21:00:00,309,320.45
XGBoost,3682,2006-10-27 21:15:00,336,309.36
XGBoost,3682,2006-10-27 21:30:00,293,320.08
XGBoost,3682,2006-10-27 21:45:00,236,296.65
XGBoost,3682,2006-10-27 22:00:00,227,250.8
XGBoost,3682,2006-10-27 22:15:00,217,231.15
XGBoost,3682,2006-10-27 22:30:00,240,214.72
XGBoost,3682,2006-10-27 22:45:00,218,208.55
XGBoost,3682,2006-10-27 23:00:00,256,200.27
XGBoost,3682,2006-10-27 23:15:00,196,212.06
XGBoost,3682,2006-10-27 23:30:00,205,185.75
XGBoost,3682,2006-10-27 23:45:00,156,180.73
XGBoost,3682,2006-10-28 00:00:00,135,148.0
XGBoost,3682,2006-10-28 00:15:00,155,122.55
XGBoost,3682,2006-10-28 00:30:00,102,127.67
XGBoost,3682,2006-10-28 00:45:00,94,101.08
XGBoost,3682,2006-10-28 01:00:00,77,82.66
XGBoost,3682,2006-10-28 01:15:00,77,71.02
XGBoost,3682,2006-10-28 01:30:00,54,67.34
XGBoost,3682,2006-10-28 01:45:00,52,52.67
XGBoost,3682,2006-10-28 02:00:00,51,46.24
XGBoost,3682,2006-10-28 02:15:00,43,43.3
XGBoost,3682,2006-10-28 02:30:00,31,37.23
XGBoost,3682,2006-10-28 02:45:00,27,31.19
XGBoost,3682,2006-10-28 03:00:00,33,26.11
XGBoost,3682,2006-10-28 03:15:00,24,27.81
XGBoost,3682,2006-10-28 03:30:00,23,22.86
XGBoost,3682,2006-10-28 03:45:00,33,21.13
XGBoost,3682,2006-10-28 04:00:00,33,30.8
XGBoost,3682,2006-10-28 04:15:00,24,32.14
XGBoost,3682,2006-10-28 04:30:00,32,24.93
XGBoost,3682,2006-10-28 04:45:00,24,33.84
XGBoost,3682,2006-10-28 05:00:00,31,33.31
XGBoost,3682,2006-10-28 05:15:00,43,39.99
XGBoost,3682,2006-10-28 05:30:00,55,53.77
XGBoost,3682,2006-10-28 05:45:00,75,70.24
XGBoost,3682,2006-10-28 06:00:00,90,90.39
XGBoost,3682,2006-10-28 06:15:00,101,118.95
XGBoost,3682,2006-10-28 06:30:00,151,139.41
XGBoost,3682,2006-10-28 06:45:00,153,175.11
XGBoost,3682,2006-10-28 07:00:00,155,174.02
XGBoost,3682,2006-10-28 07:15:00,162,193.77
XGBoost,3682,2006-10-28 07:30:00,241,204.32
XGBoost,3682,2006-10-28 07:45:00,273,257.87
XGBoost,3682,2006-10-28 08:00:00,336,302.95
XGBoost,3682,2006-10-28 08:15:00,344,366.44
XGBoost,3682,2006-10-28 08:30:00,472,394.17
XGBoost,3682,2006-10-28 08:45:00,461,511.53
XGBoost,3682,2006-10-28 09:00:00,467,532.1
XGBoost,3682,2006-10-28 09:15:00,512,520.76
XGBoost,3682,2006-10-28 09:30:00,517,533.85
XGBoost,3682,2006-10-28 09:45:00,525,544.14
XGBoost,3682,2006-10-28 10:00:00,628,530.52
XGBoost,3682,2006-10-28 10:15:00,644,585.51
XGBoost,3682,2006-10-28 10:30:00,639,618.39
XGBoost,3682,2006-10-28 10:45:00,678,630.45
XGBoost,3682,2006-10-28 11:00:00,686,632.6
XGBoost,3682,2006-10-28 11:15:00,720,669.28
XGBoost,3682,2006-10-28 11:30:00,713,695.65
XGBoost,3682,2006-10-28 11:45:00,737,699.74
XGBoost,3682,2006-10-28 12:00:00,817,705.48
XGBoost,3682,2006-10-28 12:15:00,781,759.22
XGBoost,3682,2006-10-28 12:30:00,757,764.99
XGBoost,3682,2006-10-28 12:45:00,739,749.75
XGBoost,3682,2006-10-28 13:00:00,734,713.25
XGBoost,3682,2006-10-28 13:15:00,699,707.59
XGBoost,3682,2006-10-28 13:30:00,688,685.63
XGBoost,3682,2006-10-28 13:45:00,742,676.25
XGBoost,3682,2006-10-28 14:00:00,690,701.08
XGBoost,3682,2006-10-28 14:15:00,682,685.0
XGBoost,3682,2006-10-28 14:30:00,652,680.62
XGBoost,3682,2006-10-28 14:45:00,675,670.11
XGBoost,3682,2006-10-28 15:00:00,659,682.94
XGBoost,3682,2006-10-28 15:15:00,672,672.56
XGBoost,3682,2006-10-28 15:30:00,611,675.29
XGBoost,3682,2006-10-28 15:45:00,653,641.52
XGBoost,3682,2006-10-28 16:00:00,640,650.81
XGBoost,3682,2006-10-28 16:15:00,602,645.01
XGBoost,3682,2006-10-28 16:30:00,549,616.46
XGBoost,3682,2006-10-28 16:45:00,594,617.5
XGBoost,3682,2006-10-28 17:00:00,656,602.04
XGBoost,3682,2006-10-28 17:15:00,673,644.45
XGBoost,3682,2006-10-28 17:30:00,700,661.08
XGBoost,3682,2006-10-28 17:45:00,638,693.68
XGBoost,3682,2006-10-28 18:00:00,545,629.67
XGBoost,3682,2006-10-28 18:15:00,574,568.05
XGBoost,3682,2006-10-28 18:30:00,548,564.79
XGBoost,3682,2006-10-28 18:45:00,485,532.57
XGBoost,3682,2006-10-28 19:00:00,492,461.71
XGBoost,3682,2006-10-28 19:15:00,446,432.09
XGBoost,3682,2006-10-28 19:30:00,356,398.72
XGBoost,3682,2006-10-28 19:45:00,326,334.07
XGBoost,3682,2006-10-28 20:00:00,308,320.2
XGBoost,3682,2006-10-28 20:15:00,319,294.9
XGBoost,3682,2006-10-28 20:30:00,275,290.43
XGBoost,3682,2006-10-28 20:45:00,241,276.0
XGBoost,3682,2006-10-28 21:00:00,212,250.58
XGBoost,3682,2006-10-28 21:15:00,217,238.53
XGBoost,3682,2006-10-28 21:30:00,244,226.7
XGBoost,3682,2006-10-28 21:45:00,204,228.61
XGBoost,3682,2006-10-28 22:00:00,237,211.37
XGBoost,3682,2006-10-28 22:15:00,239,215.33
XGBoost,3682,2006-10-28 22:30:00,230,225.44
XGBoost,3682,2006-10-28 22:45:00,221,221.02
XGBoost,3682,2006-10-28 23:00:00,247,224.79
XGBoost,3682,2006-10-28 23:15:00,247,229.22
XGBoost,3682,2006-10-28 23:30:00,239,231.99
XGBoost,3682,2006-10-28 23:45:00,244,208.08
XGBoost,3682,2006-10-29 00:00:00,213,206.85
XGBoost,3682,2006-10-29 00:15:00,211,193.33
XGBoost,3682,2006-10-29 00:30:00,200,181.2
XGBoost,3682,2006-10-29 00:45:00,132,176.39
XGBoost,3682,2006-10-29 01:00:00,116,132.01
XGBoost,3682,2006-10-29 01:15:00,110,104.1
XGBoost,3682,2006-10-29 01:30:00,81,97.82
XGBoost,3682,2006-10-29 01:45:00,0,75.95
XGBoost,3682,2006-10-29 02:00:00,0,43.21
XGBoost,3682,2006-10-29 02:15:00,0,23.95
XGBoost,3682,2006-10-29 02:30:00,0,20.62
XGBoost,3682,2006-10-29 02:45:00,64,13.14
XGBoost,3682,2006-10-29 03:00:00,65,44.15
XGBoost,3682,2006-10-29 03:15:00,65,55.11
XGBoost,3682,2006-10-29 03:30:00,52,56.14
XGBoost,3682,2006-10-29 03:45:00,65,54.81
XGBoost,3682,2006-10-29 04:00:00,41,58.53
XGBoost,3682,2006-10-29 04:15:00,45,50.93
XGBoost,3682,2006-10-29 04:30:00,49,42.92
XGBoost,3682,2006-10-29 04:45:00,40,41.19
XGBoost,3682,2006-10-29 05:00:00,33,45.87
XGBoost,3682,2006-10-29 05:15:00,49,43.35
XGBoost,3682,2006-10-29 05:30:00,38,51.85
XGBoost,3682,2006-10-29 05:45:00,52,52.66
XGBoost,3682,2006-10-29 06:00:00,41,61.57
XGBoost,3682,2006-10-29 06:15:00,58,55.2
XGBoost,3682,2006-10-29 06:30:00,100,70.43
XGBoost,3682,2006-10-29 06:45:00,93,107.96
XGBoost,3682,2006-10-29 07:00:00,89,102.32
XGBoost,3682,2006-10-29 07:15:00,109,102.45
XGBoost,3682,2006-10-29 07:30:00,128,117.7
XGBoost,3682,2006-10-29 07:45:00,124,144.37
XGBoost,3682,2006-10-29 08:00:00,119,146.0
XGBoost,3682,2006-10-29 08:15:00,149,146.08
XGBoost,3682,2006-10-29 08:30:00,201,169.46
XGBoost,3682,2006-10-29 08:45:00,227,223.77
XGBoost,3682,2006-10-29 09:00:00,268,254.68
XGBoost,3682,2006-10-29 09:15:00,289,294.84
XGBoost,3682,2006-10-29 09:30:00,369,322.34
XGBoost,3682,2006-10-29 09:45:00,376,381.89
XGBoost,3682,2006-10-29 10:00:00,346,408.02
XGBoost,3682,2006-10-29 10:15:00,389,395.19
XGBoost,3682,2006-10-29 10:30:00,428,416.23
XGBoost,3682,2006-10-29 10:45:00,483,465.24
XGBoost,3682,2006-10-29 11:00:00,477,499.93
XGBoost,3682,2006-10-29 11:15:00,459,518.63
XGBoost,3682,2006-10-29 11:30:00,544,509.2
XGBoost,3682,2006-10-29 11:45:00,564,547.59
XGBoost,3682,2006-10-29 12:00:00,644,602.63
XGBoost,3682,2006-10-29 12:15:00,626,621.65
XGBoost,3682,2006-10-29 12:30:00,656,635.15
XGBoost,3682,2006-10-29 12:45:00,624,648.88
XGBoost,3682,2006-10-29 13:00:00,570,620.08
XGBoost,3682,2006-10-29 13:15:00,592,594.97
XGBoost,3682,2006-10-29 13:30:00,578,591.8
XGBoost,3682,2006-10-29 13:45:00,584,601.42
XGBoost,3682,2006-10-29 14:00:00,575,580.35
XGBoost,3682,2006-10-29 14:15:00,585,576.0
XGBoost,3682,2006-10-29 14:30:00,591,577.14
XGBoost,3682,2006-10-29 14:45:00,616,579.22
XGBoost,3682,2006-10-29 15:00:00,585,605.37
XGBoost,3682,2006-10-29 15:15:00,628,600.13
XGBoost,3682,2006-10-29 15:30:00,576,608.01
XGBoost,3682,2006-10-29 15:45:00,600,593.1
XGBoost,3682,2006-10-29 16:00:00,585,586.65
XGBoost,3682,2006-10-29 16:15:00,583,593.47
XGBoost,3682,2006-10-29 16:30:00,578,576.15
XGBoost,3682,2006-10-29 16:45:00,622,576.76
XGBoost,3682,2006-10-29 17:00:00,575,591.48
XGBoost,3682,2006-10-29 17:15:00,643,587.72
XGBoost,3682,2006-10-29 17:30:00,612,605.34
XGBoost,3682,2006-10-29 17:45:00,542,608.69
XGBoost,3682,2006-10-29 18:00:00,531,517.28
XGBoost,3682,2006-10-29 18:15:00,493,505.11
XGBoost,3682,2006-10-29 18:30:00,488,465.34
XGBoost,3682,2006-10-29 18:45:00,432,441.42
XGBoost,3682,2006-10-29 19:00:00,345,390.86
XGBoost,3682,2006-10-29 19:15:00,334,329.36
XGBoost,3682,2006-10-29 19:30:00,290,292.69
XGBoost,3682,2006-10-29 19:45:00,280,266.06
XGBoost,3682,2006-10-29 20:00:00,266,273.79
XGBoost,3682,2006-10-29 20:15:00,288,252.19
XGBoost,3682,2006-10-29 20:30:00,231,259.55
XGBoost,3682,2006-10-29 20:45:00,222,221.42
XGBoost,3682,2006-10-29 21:00:00,230,204.87
XGBoost,3682,2006-10-29 21:15:00,238,211.96
XGBoost,3682,2006-10-29 21:30:00,211,214.46
XGBoost,3682,2006-10-29 21:45:00,193,200.83
XGBoost,3682,2006-10-29 22:00:00,188,179.12
XGBoost,3682,2006-10-29 22:15:00,152,172.1
XGBoost,3682,2006-10-29 22:30:00,165,150.23
XGBoost,3682,2006-10-29 22:45:00,122,149.64
XGBoost,3682,2006-10-29 23:00:00,117,119.36
XGBoost,3682,2006-10-29 23:15:00,96,100.98
XGBoost,3682,2006-10-29 23:30:00,69,85.94
XGBoost,3682,2006-10-29 23:45:00,69,66.79
XGBoost,3682,2006-10-30 00:00:00,74,55.42
XGBoost,3682,2006-10-30 00:15:00,58,53.93
XGBoost,3682,2006-10-30 00:30:00,51,51.24
XGBoost,3682,2006-10-30 00:45:00,27,42.54
XGBoost,3682,2006-10-30 01:00:00,30,28.32
XGBoost,3682,2006-10-30 01:15:00,25,26.63
XGBoost,3682,2006-10-30 01:30:00,27,22.79
XGBoost,3682,2006-10-30 01:45:00,13,18.97
XGBoost,3682,2006-10-30 02:00:00,13,15.61
XGBoost,3682,2006-10-30 02:15:00,8,12.05
XGBoost,3682,2006-10-30 02:30:00,19,10.5
XGBoost,3682,2006-10-30 02:45:00,13,14.41
XGBoost,3682,2006-10-30 03:00:00,10,14.39
XGBoost,3682,2006-10-30 03:15:00,16,13.2
XGBoost,3682,2006-10-30 03:30:00,17,14.73
XGBoost,3682,2006-10-30 03:45:00,8,16.44
XGBoost,3682,2006-10-30 04:00:00,28,20.2
XGBoost,3682,2006-10-30 04:15:00,23,31.99
XGBoost,3682,2006-10-30 04:30:00,29,32.14
XGBoost,3682,2006-10-30 04:45:00,20,32.42
XGBoost,3682,2006-10-30 05:00:00,42,32.93
XGBoost,3682,2006-10-30 05:15:00,61,52.47
XGBoost,3682,2006-10-30 05:30:00,68,71.04
XGBoost,3682,2006-10-30 05:45:00,99,84.95
XGBoost,3682,2006-10-30 06:00:00,133,128.19
XGBoost,3682,2006-10-30 06:15:00,258,180.77
XGBoost,3682,2006-10-30 06:30:00,325,338.68
XGBoost,3682,2006-10-30 06:45:00,407,421.16
XGBoost,3682,2006-10-30 07:00:00,481,516.35
XGBoost,3682,2006-10-30 07:15:00,672,596.29
XGBoost,3682,2006-10-30 07:30:00,791,743.58
XGBoost,3682,2006-10-30 07:45:00,897,863.29
XGBoost,3682,2006-10-30 08:00:00,903,918.74
XGBoost,3682,2006-10-30 08:15:00,1020,918.53
XGBoost,3682,2006-10-30 08:30:00,990,944.36
XGBoost,3682,2006-10-30 08:45:00,897,937.78
XGBoost,3682,2006-10-30 09:00:00,719,783.1
XGBoost,3682,2006-10-30 09:15:00,651,667.25
XGBoost,3682,2006-10-30 09:30:00,560,603.15
XGBoost,3682,2006-10-30 09:45:00,528,557.69
XGBoost,3682,2006-10-30 10:00:00,508,521.9
XGBoost,3682,2006-10-30 10:15:00,505,497.97
XGBoost,3682,2006-10-30 10:30:00,485,490.5
XGBoost,3682,2006-10-30 10:45:00,470,494.49
XGBoost,3682,2006-10-30 11:00:00,509,492.21
XGBoost,3682,2006-10-30 11:15:00,475,493.89
XGBoost,3682,2006-10-30 11:30:00,500,513.13
XGBoost,3682,2006-10-30 11:45:00,498,517.3
XGBoost,3682,2006-10-30 12:00:00,509,518.58
XGBoost,3682,2006-10-30 12:15:00,467,519.17
XGBoost,3682,2006-10-30 12:30:00,542,512.91
XGBoost,3682,2006-10-30 12:45:00,465,537.5
XGBoost,3682,2006-10-30 13:00:00,557,517.31
XGBoost,3682,2006-10-30 13:15:00,493,528.2
XGBoost,3682,2006-10-30 13:30:00,546,532.36
XGBoost,3682,2006-10-30 13:45:00,542,533.15
XGBoost,3682,2006-10-30 14:00:00,553,576.62
XGBoost,3682,2006-10-30 14:15:00,559,571.05
XGBoost,3682,2006-10-30 14:30:00,523,586.41
XGBoost,3682,2006-10-30 14:45:00,564,579.18
XGBoost,3682,2006-10-30 15:00:00,611,598.31
XGBoost,3682,2006-10-30 15:15:00,706,633.92
XGBoost,3682,2006-10-30 15:30:00,734,705.32
XGBoost,3682,2006-10-30 15:45:00,728,728.95
XGBoost,3682,2006-10-30 16:00:00,770,736.5
XGBoost,3682,2006-10-30 16:15:00,732,764.89
XGBoost,3682,2006-10-30 16:30:00,801,756.58
XGBoost,3682,2006-10-30 16:45:00,794,785.85
XGBoost,3682,2006-10-30 17:00:00,842,814.46
XGBoost,3682,2006-10-30 17:15:00,941,831.5
XGBoost,3682,2006-10-30 17:30:00,962,914.07
XGBoost,3682,2006-10-30 17:45:00,936,924.64
XGBoost,3682,2006-10-30 18:00:00,866,851.86
XGBoost,3682,2006-10-30 18:15:00,763,786.2
XGBoost,3682,2006-10-30 18:30:00,678,702.23
XGBoost,3682,2006-10-30 18:45:00,576,646.52
XGBoost,3682,2006-10-30 19:00:00,529,519.66
XGBoost,3682,2006-10-30 19:15:00,425,472.13
XGBoost,3682,2006-10-30 19:30:00,347,399.17
XGBoost,3682,2006-10-30 19:45:00,326,322.19
XGBoost,3682,2006-10-30 20:00:00,305,310.34
XGBoost,3682,2006-10-30 20:15:00,300,297.24
XGBoost,3682,2006-10-30 20:30:00,253,276.74
XGBoost,3682,2006-10-30 20:45:00,283,252.52
XGBoost,3682,2006-10-30 21:00:00,256,258.59
XGBoost,3682,2006-10-30 21:15:00,229,246.74
XGBoost,3682,2006-10-30 21:30:00,219,225.06
XGBoost,3682,2006-10-30 21:45:00,246,212.81
XGBoost,3682,2006-10-30 22:00:00,183,216.97
XGBoost,3682,2006-10-30 22:15:00,161,175.47
XGBoost,3682,2006-10-30 22:30:00,145,160.25
XGBoost,3682,2006-10-30 22:45:00,141,130.33
XGBoost,3682,2006-10-30 23:00:00,114,115.86
XGBoost,3682,2006-10-30 23:15:00,106,98.84
XGBoost,3682,2006-10-30 23:30:00,98,83.03
XGBoost,3682,2006-10-30 23:45:00,62,78.29
XGBoost,3682,2006-10-31 00:00:00,59,58.88
XGBoost,3682,2006-10-31 00:15:00,44,48.53
XGBoost,3682,2006-10-31 00:30:00,31,40.23
XGBoost,3682,2006-10-31 00:45:00,38,28.63
XGBoost,3682,2006-10-31 01:00:00,18,31.39
XGBoost,3682,2006-10-31 01:15:00,35,22.08
XGBoost,3682,2006-10-31 01:30:00,20,24.88
XGBoost,3682,2006-10-31 01:45:00,17,19.47
XGBoost,3682,2006-10-31 02:00:00,14,16.18
XGBoost,3682,2006-10-31 02:15:00,18,14.35
XGBoost,3682,2006-10-31 02:30:00,10,15.71
XGBoost,3682,2006-10-31 02:45:00,12,12.29
XGBoost,3682,2006-10-31 03:00:00,10,11.38
XGBoost,3682,2006-10-31 03:15:00,9,12.25
XGBoost,3682,2006-10-31 03:30:00,18,11.14
XGBoost,3682,2006-10-31 03:45:00,13,13.43
XGBoost,3682,2006-10-31 04:00:00,13,19.47
XGBoost,3682,2006-10-31 04:15:00,13,17.84
XGBoost,3682,2006-10-31 04:30:00,32,20.05
XGBoost,3682,2006-10-31 04:45:00,22,31.62
XGBoost,3682,2006-10-31 05:00:00,40,35.91
XGBoost,3682,2006-10-31 05:15:00,55,53.61
XGBoost,3682,2006-10-31 05:30:00,85,70.13
XGBoost,3682,2006-10-31 05:45:00,100,115.76
XGBoost,3682,2006-10-31 06:00:00,141,151.36
XGBoost,3682,2006-10-31 06:15:00,263,217.21
XGBoost,3682,2006-10-31 06:30:00,356,340.84
XGBoost,3682,2006-10-31 06:45:00,446,450.75
XGBoost,3682,2006-10-31 07:00:00,577,527.39
XGBoost,3682,2006-10-31 07:15:00,665,695.5
XGBoost,3682,2006-10-31 07:30:00,758,802.16
XGBoost,3682,2006-10-31 07:45:00,941,885.7
XGBoost,3682,2006-10-31 08:00:00,959,963.84
XGBoost,3682,2006-10-31 08:15:00,905,976.95
XGBoost,3682,2006-10-31 08:30:00,923,948.26
XGBoost,3682,2006-10-31 08:45:00,917,903.91
XGBoost,3682,2006-10-31 09:00:00,798,785.25
XGBoost,3682,2006-10-31 09:15:00,690,729.71
XGBoost,3682,2006-10-31 09:30:00,651,643.58
XGBoost,3682,2006-10-31 09:45:00,588,596.12
XGBoost,3682,2006-10-31 10:00:00,537,579.08
XGBoost,3682,2006-10-31 10:15:00,491,549.15
XGBoost,3682,2006-10-31 10:30:00,535,517.34
XGBoost,3682,2006-10-31 10:45:00,570,501.46
XGBoost,3682,2006-10-31 11:00:00,520,537.74
XGBoost,3682,2006-10-31 11:15:00,509,517.23
XGBoost,3682,2006-10-31 11:30:00,489,520.71
XGBoost,3682,2006-10-31 11:45:00,507,510.08
XGBoost,3682,2006-10-31 12:00:00,494,507.18
XGBoost,3682,2006-10-31 12:15:00,564,492.46
XGBoost,3682,2006-10-31 12:30:00,512,529.7
XGBoost,3682,2006-10-31 12:45:00,480,515.75
XGBoost,3682,2006-10-31 13:00:00,532,516.99
XGBoost,3682,2006-10-31 13:15:00,540,510.22
XGBoost,3682,2006-10-31 13:30:00,514,538.99
XGBoost,3682,2006-10-31 13:45:00,565,531.28
XGBoost,3682,2006-10-31 14:00:00,497,563.46
XGBoost,3682,2006-10-31 14:15:00,544,562.31
XGBoost,3682,2006-10-31 14:30:00,607,540.09
XGBoost,3682,2006-10-31 14:45:00,550,587.12
XGBoost,3682,2006-10-31 15:00:00,677,605.24
XGBoost,3682,2006-10-31 15:15:00,706,687.2
XGBoost,3682,2006-10-31 15:30:00,762,722.92
XGBoost,3682,2006-10-31 15:45:00,790,743.61
XGBoost,3682,2006-10-31 16:00:00,760,787.72
XGBoost,3682,2006-10-31 16:15:00,821,759.24
XGBoost,3682,2006-10-31 16:30:00,749,812.72
XGBoost,3682,2006-10-31 16:45:00,841,804.88
XGBoost,3682,2006-10-31 17:00:00,868,829.97
XGBoost,3682,2006-10-31 17:15:00,936,910.15
XGBoost,3682,2006-10-31 17:30:00,934,941.28
XGBoost,3682,2006-10-31 17:45:00,921,944.77
XGBoost,3682,2006-10-31 18:00:00,847,890.62
XGBoost,3682,2006-10-31 18:15:00,794,799.09
XGBoost,3682,2006-10-31 18:30:00,773,725.75
XGBoost,3682,2006-10-31 18:45:00,623,703.52
XGBoost,3682,2006-10-31 19:00:00,563,582.49
XGBoost,3682,2006-10-31 19:15:00,505,503.76
XGBoost,3682,2006-10-31 19:30:00,415,454.54
XGBoost,3682,2006-10-31 19:45:00,363,383.02
XGBoost,3682,2006-10-31 20:00:00,321,343.38
XGBoost,3682,2006-10-31 20:15:00,301,323.18
XGBoost,3682,2006-10-31 20:30:00,281,282.18
XGBoost,3682,2006-10-31 20:45:00,257,281.15
XGBoost,3682,2006-10-31 21:00:00,286,272.05
XGBoost,3682,2006-10-31 21:15:00,258,265.34
XGBoost,3682,2006-10-31 21:30:00,249,252.38
XGBoost,3682,2006-10-31 21:45:00,292,248.78
XGBoost,3682,2006-10-31 22:00:00,244,241.17
XGBoost,3682,2006-10-31 22:15:00,224,224.87
XGBoost,3682,2006-10-31 22:30:00,173,196.34
XGBoost,3682,2006-10-31 22:45:00,147,165.39
XGBoost,3682,2006-10-31 23:00:00,130,126.17
XGBoost,3682,2006-10-31 23:15:00,112,111.05
XGBoost,3682,2006-10-31 23:30:00,94,97.71
XGBoost,3682,2006-10-31 23:45:00,74,78.12
XGBoost,3685,2006-10-27 12:00:00,419,392.15
XGBoost,3685,2006-10-27 12:15:00,377,414.83
XGBoost,3685,2006-10-27 12:30:00,302,385.57
XGBoost,3685,2006-10-27 12:45:00,369,347.7
XGBoost,3685,2006-10-27 13:00:00,354,362.09
XGBoost,3685,2006-10-27 13:15:00,403,369.23
XGBoost,3685,2006-10-27 13:30:00,436,383.28
XGBoost,3685,2006-10-27 13:45:00,371,414.34
XGBoost,3685,2006-10-27 14:00:00,358,401.55
XGBoost,3685,2006-10-27 14:15:00,406,372.84
XGBoost,3685,2006-10-27 14:30:00,385,386.91
XGBoost,3685,2006-10-27 14:45:00,397,398.99
XGBoost,3685,2006-10-27 15:00:00,415,401.08
XGBoost,3685,2006-10-27 15:15:00,454,415.55
XGBoost,3685,2006-10-27 15:30:00,453,460.06
XGBoost,3685,2006-10-27 15:45:00,451,458.83
XGBoost,3685,2006-10-27 16:00:00,438,465.47
XGBoost,3685,2006-10-27 16:15:00,475,455.1
XGBoost,3685,2006-10-27 16:30:00,439,460.53
XGBoost,3685,2006-10-27 16:45:00,447,472.31
XGBoost,3685,2006-10-27 17:00:00,445,474.72
XGBoost,3685,2006-10-27 17:15:00,518,485.74
XGBoost,3685,2006-10-27 17:30:00,473,505.54
XGBoost,3685,2006-10-27 17:45:00,504,502.12
XGBoost,3685,2006-10-27 18:00:00,452,451.49
XGBoost,3685,2006-10-27 18:15:00,460,434.72
XGBoost,3685,2006-10-27 18:30:00,405,407.74
XGBoost,3685,2006-10-27 18:45:00,413,382.42
XGBoost,3685,2006-10-27 19:00:00,353,355.46
XGBoost,3685,2006-10-27 19:15:00,323,316.23
XGBoost,3685,2006-10-27 19:30:00,303,284.88
XGBoost,3685,2006-10-27 19:45:00,276,268.38
XGBoost,3685,2006-10-27 20:00:00,234,250.52
XGBoost,3685,2006-10-27 20:15:00,195,223.61
XGBoost,3685,2006-10-27 20:30:00,179,207.76
XGBoost,3685,2006-10-27 20:45:00,161,182.86
XGBoost,3685,2006-10-27 21:00:00,170,170.91
XGBoost,3685,2006-10-27 21:15:00,190,169.83
XGBoost,3685,2006-10-27 21:30:00,171,200.43
XGBoost,3685,2006-10-27 21:45:00,176,185.1
XGBoost,3685,2006-10-27 22:00:00,160,175.02
XGBoost,3685,2006-10-27 22:15:00,147,158.46
XGBoost,3685,2006-10-27 22:30:00,179,143.01
XGBoost,3685,2006-10-27 22:45:00,150,147.32
XGBoost,3685,2006-10-27 23:00:00,164,140.42
XGBoost,3685,2006-10-27 23:15:00,125,144.31
XGBoost,3685,2006-10-27 23:30:00,148,118.28
XGBoost,3685,2006-10-27 23:45:00,99,120.25
XGBoost,3685,2006-10-28 00:00:00,88,97.67
XGBoost,3685,2006-10-28 00:15:00,104,78.87
XGBoost,3685,2006-10-28 00:30:00,69,87.89
XGBoost,3685,2006-10-28 00:45:00,70,66.07
XGBoost,3685,2006-10-28 01:00:00,49,60.44
XGBoost,3685,2006-10-28 01:15:00,54,45.85
XGBoost,3685,2006-10-28 01:30:00,40,45.15
XGBoost,3685,2006-10-28 01:45:00,34,38.59
XGBoost,3685,2006-10-28 02:00:00,48,31.18
XGBoost,3685,2006-10-28 02:15:00,47,38.46
XGBoost,3685,2006-10-28 02:30:00,32,39.16
XGBoost,3685,2006-10-28 02:45:00,29,29.23
XGBoost,3685,2006-10-28 03:00:00,28,27.52
XGBoost,3685,2006-10-28 03:15:00,30,25.66
XGBoost,3685,2006-10-28 03:30:00,21,25.98
XGBoost,3685,2006-10-28 03:45:00,25,20.55
XGBoost,3685,2006-10-28 04:00:00,46,22.97
XGBoost,3685,2006-10-28 04:15:00,20,36.63
XGBoost,3685,2006-10-28 04:30:00,42,24.53
XGBoost,3685,2006-10-28 04:45:00,40,39.28
XGBoost,3685,2006-10-28 05:00:00,38,46.84
XGBoost,3685,2006-10-28 05:15:00,45,52.3
XGBoost,3685,2006-10-28 05:30:00,68,60.9
XGBoost,3685,2006-10-28 05:45:00,65,82.1
XGBoost,3685,2006-10-28 06:00:00,56,81.74
XGBoost,3685,2006-10-28 06:15:00,105,85.71
XGBoost,3685,2006-10-28 06:30:00,115,121.04
XGBoost,3685,2006-10-28 06:45:00,99,147.69
XGBoost,3685,2006-10-28 07:00:00,120,121.6
XGBoost,3685,2006-10-28 07:15:00,140,152.08
XGBoost,3685,2006-10-28 07:30:00,186,173.14
XGBoost,3685,2006-10-28 07:45:00,225,209.96
XGBoost,3685,2006-10-28 08:00:00,248,245.92
XGBoost,3685,2006-10-28 08:15:00,288,282.32
XGBoost,3685,2006-10-28 08:30:00,332,322.43
XGBoost,3685,2006-10-28 08:45:00,369,357.31
XGBoost,3685,2006-10-28 09:00:00,357,376.69
XGBoost,3685,2006-10-28 09:15:00,367,381.37
XGBoost,3685,2006-10-28 09:30:00,403,391.35
XGBoost,3685,2006-10-28 09:45:00,417,406.87
XGBoost,3685,2006-10-28 10:00:00,440,410.82
XGBoost,3685,2006-10-28 10:15:00,471,429.97
XGBoost,3685,2006-10-28 10:30:00,457,463.94
XGBoost,3685,2006-10-28 10:45:00,487,464.28
XGBoost,3685,2006-10-28 11:00:00,467,473.58
XGBoost,3685,2006-10-28 11:15:00,490,470.84
XGBoost,3685,2006-10-28 11:30:00,501,481.51
XGBoost,3685,2006-10-28 11:45:00,520,484.53
XGBoost,3685,2006-10-28 12:00:00,481,498.68
XGBoost,3685,2006-10-28 12:15:00,510,487.27
XGBoost,3685,2006-10-28 12:30:00,494,484.9
XGBoost,3685,2006-10-28 12:45:00,495,495.94
XGBoost,3685,2006-10-28 13:00:00,467,470.46
XGBoost,3685,2006-10-28 13:15:00,471,465.02
XGBoost,3685,2006-10-28 13:30:00,436,465.45
XGBoost,3685,2006-10-28 13:45:00,471,433.56
XGBoost,3685,2006-10-28 14:00:00,430,449.72
XGBoost,3685,2006-10-28 14:15:00,481,429.96
XGBoost,3685,2006-10-28 14:30:00,437,456.71
XGBoost,3685,2006-10-28 14:45:00,418,429.07
XGBoost,3685,2006-10-28 15:00:00,422,409.36
XGBoost,3685,2006-10-28 15:15:00,402,426.56
XGBoost,3685,2006-10-28 15:30:00,403,423.5
XGBoost,3685,2006-10-28 15:45:00,358,410.48
XGBoost,3685,2006-10-28 16:00:00,386,374.16
XGBoost,3685,2006-10-28 16:15:00,376,383.47
XGBoost,3685,2006-10-28 16:30:00,387,380.43
XGBoost,3685,2006-10-28 16:45:00,345,382.06
XGBoost,3685,2006-10-28 17:00:00,390,361.08
XGBoost,3685,2006-10-28 17:15:00,305,378.73
XGBoost,3685,2006-10-28 17:30:00,368,340.56
XGBoost,3685,2006-10-28 17:45:00,348,361.58
XGBoost,3685,2006-10-28 18:00:00,346,341.06
XGBoost,3685,2006-10-28 18:15:00,319,334.71
XGBoost,3685,2006-10-28 18:30:00,349,316.55
XGBoost,3685,2006-10-28 18:45:00,328,317.16
XGBoost,3685,2006-10-28 19:00:00,310,297.64
XGBoost,3685,2006-10-28 19:15:00,304,278.97
XGBoost,3685,2006-10-28 19:30:00,263,271.43
XGBoost,3685,2006-10-28 19:45:00,277,247.79
XGBoost,3685,2006-10-28 20:00:00,222,242.99
XGBoost,3685,2006-10-28 20:15:00,205,209.55
XGBoost,3685,2006-10-28 20:30:00,190,194.65
XGBoost,3685,2006-10-28 20:45:00,169,175.38
XGBoost,3685,2006-10-28 21:00:00,179,167.11
XGBoost,3685,2006-10-28 21:15:00,155,172.58
XGBoost,3685,2006-10-28 21:30:00,168,157.65
XGBoost,3685,2006-10-28 21:45:00,161,163.76
XGBoost,3685,2006-10-28 22:00:00,169,164.82
XGBoost,3685,2006-10-28 22:15:00,121,158.14
XGBoost,3685,2006-10-28 22:30:00,170,146.73
XGBoost,3685,2006-10-28 22:45:00,149,153.52
XGBoost,3685,2006-10-28 23:00:00,181,156.19
XGBoost,3685,2006-10-28 23:15:00,161,155.36
XGBoost,3685,2006-10-28 23:30:00,170,158.1
XGBoost,3685,2006-10-28 23:45:00,153,151.09
XGBoost,3685,2006-10-29 00:00:00,119,134.59
XGBoost,3685,2006-10-29 00:15:00,139,121.85
XGBoost,3685,2006-10-29 00:30:00,136,114.72
XGBoost,3685,2006-10-29 00:45:00,99,118.64
XGBoost,3685,2006-10-29 01:00:00,64,91.66
XGBoost,3685,2006-10-29 01:15:00,69,64.23
XGBoost,3685,2006-10-29 01:30:00,51,60.03
XGBoost,3685,2006-10-29 01:45:00,0,48.33
XGBoost,3685,2006-10-29 02:00:00,0,27.88
XGBoost,3685,2006-10-29 02:15:00,0,20.51
XGBoost,3685,2006-10-29 02:30:00,0,16.28
XGBoost,3685,2006-10-29 02:45:00,51,13.07
XGBoost,3685,2006-10-29 03:00:00,57,31.24
XGBoost,3685,2006-10-29 03:15:00,56,43.81
XGBoost,3685,2006-10-29 03:30:00,51,47.25
XGBoost,3685,2006-10-29 03:45:00,42,46.9
XGBoost,3685,2006-10-29 04:00:00,37,47.32
XGBoost,3685,2006-10-29 04:15:00,34,36.26
XGBoost,3685,2006-10-29 04:30:00,38,39.15
XGBoost,3685,2006-10-29 04:45:00,29,39.61
XGBoost,3685,2006-10-29 05:00:00,45,38.51
XGBoost,3685,2006-10-29 05:15:00,50,46.02
XGBoost,3685,2006-10-29 05:30:00,24,56.65
XGBoost,3685,2006-10-29 05:45:00,34,39.37
XGBoost,3685,2006-10-29 06:00:00,52,42.51
XGBoost,3685,2006-10-29 06:15:00,62,63.58
XGBoost,3685,2006-10-29 06:30:00,69,72.11
XGBoost,3685,2006-10-29 06:45:00,68,80.17
XGBoost,3685,2006-10-29 07:00:00,67,75.41
XGBoost,3685,2006-10-29 07:15:00,80,74.87
XGBoost,3685,2006-10-29 07:30:00,93,87.1
XGBoost,3685,2006-10-29 07:45:00,104,103.29
XGBoost,3685,2006-10-29 08:00:00,92,117.67
XGBoost,3685,2006-10-29 08:15:00,105,108.43
XGBoost,3685,2006-10-29 08:30:00,131,123.05
XGBoost,3685,2006-10-29 08:45:00,160,152.46
XGBoost,3685,2006-10-29 09:00:00,168,179.08
XGBoost,3685,2006-10-29 09:15:00,237,184.96
XGBoost,3685,2006-10-29 09:30:00,264,244.06
XGBoost,3685,2006-10-29 09:45:00,330,283.39
XGBoost,3685,2006-10-29 10:00:00,260,335.04
XGBoost,3685,2006-10-29 10:15:00,283,303.56
XGBoost,3685,2006-10-29 10:30:00,316,313.15
XGBoost,3685,2006-10-29 10:45:00,342,340.33
XGBoost,3685,2006-10-29 11:00:00,357,355.03
XGBoost,3685,2006-10-29 11:15:00,346,371.01
XGBoost,3685,2006-10-29 11:30:00,374,367.96
XGBoost,3685,2006-10-29 11:45:00,347,385.72
XGBoost,3685,2006-10-29 12:00:00,390,362.1
XGBoost,3685,2006-10-29 12:15:00,415,383.49
XGBoost,3685,2006-10-29 12:30:00,422,419.64
XGBoost,3685,2006-10-29 12:45:00,445,432.75
XGBoost,3685,2006-10-29 13:00:00,384,434.88
XGBoost,3685,2006-10-29 13:15:00,440,402.97
XGBoost,3685,2006-10-29 13:30:00,405,406.51
XGBoost,3685,2006-10-29 13:45:00,363,416.46
XGBoost,3685,2006-10-29 14:00:00,410,372.15
XGBoost,3685,2006-10-29 14:15:00,400,401.97
XGBoost,3685,2006-10-29 14:30:00,417,390.76
XGBoost,3685,2006-10-29 14:45:00,385,388.8
XGBoost,3685,2006-10-29 15:00:00,410,391.81
XGBoost,3685,2006-10-29 15:15:00,416,385.58
XGBoost,3685,2006-10-29 15:30:00,345,395.34
XGBoost,3685,2006-10-29 15:45:00,402,365.72
XGBoost,3685,2006-10-29 16:00:00,378,372.23
XGBoost,3685,2006-10-29 16:15:00,387,379.09
XGBoost,3685,2006-10-29 16:30:00,350,371.08
XGBoost,3685,2006-10-29 16:45:00,348,355.23
XGBoost,3685,2006-10-29 17:00:00,334,347.1
XGBoost,3685,2006-10-29 17:15:00,342,321.77
XGBoost,3685,2006-10-29 17:30:00,337,340.11
XGBoost,3685,2006-10-29 17:45:00,335,337.34
XGBoost,3685,2006-10-29 18:00:00,311,297.71
XGBoost,3685,2006-10-29 18:15:00,324,280.52
XGBoost,3685,2006-10-29 18:30:00,296,290.58
XGBoost,3685,2006-10-29 18:45:00,261,276.6
XGBoost,3685,2006-10-29 19:00:00,250,246.66
XGBoost,3685,2006-10-29 19:15:00,191,218.69
XGBoost,3685,2006-10-29 19:30:00,220,186.08
XGBoost,3685,2006-10-29 19:45:00,170,192.7
XGBoost,3685,2006-10-29 20:00:00,174,180.2
XGBoost,3685,2006-10-29 20:15:00,155,166.86
XGBoost,3685,2006-10-29 20:30:00,175,154.15
XGBoost,3685,2006-10-29 20:45:00,187,160.46
XGBoost,3685,2006-10-29 21:00:00,177,173.13
XGBoost,3685,2006-10-29 21:15:00,171,161.43
XGBoost,3685,2006-10-29 21:30:00,160,163.45
XGBoost,3685,2006-10-29 21:45:00,136,154.57
XGBoost,3685,2006-10-29 22:00:00,128,131.47
XGBoost,3685,2006-10-29 22:15:00,126,114.73
XGBoost,3685,2006-10-29 22:30:00,119,117.23
XGBoost,3685,2006-10-29 22:45:00,89,112.77
XGBoost,3685,2006-10-29 23:00:00,99,81.54
XGBoost,3685,2006-10-29 23:15:00,73,85.46
XGBoost,3685,2006-10-29 23:30:00,67,67.51
XGBoost,3685,2006-10-29 23:45:00,64,60.57
XGBoost,3685,2006-10-30 00:00:00,74,51.87
XGBoost,3685,2006-10-30 00:15:00,62,52.83
XGBoost,3685,2006-10-30 00:30:00,37,53.43
XGBoost,3685,2006-10-30 00:45:00,31,34.82
XGBoost,3685,2006-10-30 01:00:00,22,28.22
XGBoost,3685,2006-10-30 01:15:00,27,21.95
XGBoost,3685,2006-10-30 01:30:00,16,21.93
XGBoost,3685,2006-10-30 01:45:00,23,15.09
XGBoost,3685,2006-10-30 02:00:00,14,17.64
XGBoost,3685,2006-10-30 02:15:00,14,14.06
XGBoost,3685,2006-10-30 02:30:00,19,11.57
XGBoost,3685,2006-10-30 02:45:00,11,15.79
XGBoost,3685,2006-10-30 03:00:00,6,14.74
XGBoost,3685,2006-10-30 03:15:00,17,13.11
XGBoost,3685,2006-10-30 03:30:00,14,14.94
XGBoost,3685,2006-10-30 03:45:00,17,13.77
XGBoost,3685,2006-10-30 04:00:00,16,20.78
XGBoost,3685,2006-10-30 04:15:00,28,22.34
XGBoost,3685,2006-10-30 04:30:00,25,31.44
XGBoost,3685,2006-10-30 04:45:00,26,29.76
XGBoost,3685,2006-10-30 05:00:00,37,37.59
XGBoost,3685,2006-10-30 05:15:00,41,48.65
XGBoost,3685,2006-10-30 05:30:00,81,50.39
XGBoost,3685,2006-10-30 05:45:00,97,90.3
XGBoost,3685,2006-10-30 06:00:00,95,140.55
XGBoost,3685,2006-10-30 06:15:00,165,156.01
XGBoost,3685,2006-10-30 06:30:00,305,212.14
XGBoost,3685,2006-10-30 06:45:00,309,342.66
XGBoost,3685,2006-10-30 07:00:00,376,398.45
XGBoost,3685,2006-10-30 07:15:00,427,473.38
XGBoost,3685,2006-10-30 07:30:00,528,502.68
XGBoost,3685,2006-10-30 07:45:00,530,594.61
XGBoost,3685,2006-10-30 08:00:00,619,564.15
XGBoost,3685,2006-10-30 08:15:00,521,604.3
XGBoost,3685,2006-10-30 08:30:00,558,503.83
XGBoost,3685,2006-10-30 08:45:00,529,504.88
XGBoost,3685,2006-10-30 09:00:00,487,456.3
XGBoost,3685,2006-10-30 09:15:00,451,443.24
XGBoost,3685,2006-10-30 09:30:00,445,431.08
XGBoost,3685,2006-10-30 09:45:00,422,421.09
XGBoost,3685,2006-10-30 10:00:00,387,410.98
XGBoost,3685,2006-10-30 10:15:00,385,381.21
XGBoost,3685,2006-10-30 10:30:00,360,367.62
XGBoost,3685,2006-10-30 10:45:00,352,364.17
XGBoost,3685,2006-10-30 11:00:00,350,366.37
XGBoost,3685,2006-10-30 11:15:00,358,358.39
XGBoost,3685,2006-10-30 11:30:00,351,365.11
XGBoost,3685,2006-10-30 11:45:00,365,359.18
XGBoost,3685,2006-10-30 12:00:00,384,368.41
XGBoost,3685,2006-10-30 12:15:00,361,386.28
XGBoost,3685,2006-10-30 12:30:00,383,379.19
XGBoost,3685,2006-10-30 12:45:00,394,409.02
XGBoost,3685,2006-10-30 13:00:00,380,384.09
XGBoost,3685,2006-10-30 13:15:00,369,400.34
XGBoost,3685,2006-10-30 13:30:00,378,377.2
XGBoost,3685,2006-10-30 13:45:00,383,371.72
XGBoost,3685,2006-10-30 14:00:00,394,409.06
XGBoost,3685,2006-10-30 14:15:00,413,411.39
XGBoost,3685,2006-10-30 14:30:00,365,419.94
XGBoost,3685,2006-10-30 14:45:00,371,397.92
XGBoost,3685,2006-10-30 15:00:00,392,415.08
XGBoost,3685,2006-10-30 15:15:00,376,427.54
XGBoost,3685,2006-10-30 15:30:00,423,410.56
XGBoost,3685,2006-10-30 15:45:00,405,444.08
XGBoost,3685,2006-10-30 16:00:00,389,427.65
XGBoost,3685,2006-10-30 16:15:00,434,424.19
XGBoost,3685,2006-10-30 16:30:00,430,432.03
XGBoost,3685,2006-10-30 16:45:00,401,448.48
XGBoost,3685,2006-10-30 17:00:00,434,437.95
XGBoost,3685,2006-10-30 17:15:00,477,445.14
XGBoost,3685,2006-10-30 17:30:00,496,487.74
XGBoost,3685,2006-10-30 17:45:00,489,500.96
XGBoost,3685,2006-10-30 18:00:00,438,442.34
XGBoost,3685,2006-10-30 18:15:00,377,415.2
XGBoost,3685,2006-10-30 18:30:00,350,365.1
XGBoost,3685,2006-10-30 18:45:00,310,324.8
XGBoost,3685,2006-10-30 19:00:00,256,279.57
XGBoost,3685,2006-10-30 19:15:00,266,233.03
XGBoost,3685,2006-10-30 19:30:00,217,234.81
XGBoost,3685,2006-10-30 19:45:00,192,200.2
XGBoost,3685,2006-10-30 20:00:00,210,188.55
XGBoost,3685,2006-10-30 20:15:00,181,188.25
XGBoost,3685,2006-10-30 20:30:00,162,180.38
XGBoost,3685,2006-10-30 20:45:00,175,174.22
XGBoost,3685,2006-10-30 21:00:00,175,175.43
XGBoost,3685,2006-10-30 21:15:00,145,173.23
XGBoost,3685,2006-10-30 21:30:00,127,154.7
XGBoost,3685,2006-10-30 21:45:00,158,135.27
XGBoost,3685,2006-10-30 22:00:00,135,135.66
XGBoost,3685,2006-10-30 22:15:00,117,129.41
XGBoost,3685,2006-10-30 22:30:00,87,112.93
XGBoost,3685,2006-10-30 22:45:00,93,84.07
XGBoost,3685,2006-10-30 23:00:00,81,76.99
XGBoost,3685,2006-10-30 23:15:00,62,66.95
XGBoost,3685,2006-10-30 23:30:00,59,57.21
XGBoost,3685,2006-10-30 23:45:00,49,51.84
XGBoost,3685,2006-10-31 00:00:00,44,43.89
XGBoost,3685,2006-10-31 00:15:00,34,37.96
XGBoost,3685,2006-10-31 00:30:00,30,30.83
XGBoost,3685,2006-10-31 00:45:00,30,26.78
XGBoost,3685,2006-10-31 01:00:00,20,24.14
XGBoost,3685,2006-10-31 01:15:00,25,20.88
XGBoost,3685,2006-10-31 01:30:00,20,18.44
XGBoost,3685,2006-10-31 01:45:00,24,19.45
XGBoost,3685,2006-10-31 02:00:00,19,19.07
XGBoost,3685,2006-10-31 02:15:00,15,17.48
XGBoost,3685,2006-10-31 02:30:00,13,15.19
XGBoost,3685,2006-10-31 02:45:00,13,12.83
XGBoost,3685,2006-10-31 03:00:00,10,12.03
XGBoost,3685,2006-10-31 03:15:00,15,12.54
XGBoost,3685,2006-10-31 03:30:00,16,12.03
XGBoost,3685,2006-10-31 03:45:00,12,13.58
XGBoost,3685,2006-10-31 04:00:00,26,16.44
XGBoost,3685,2006-10-31 04:15:00,15,26.59
XGBoost,3685,2006-10-31 04:30:00,20,23.49
XGBoost,3685,2006-10-31 04:45:00,22,24.45
XGBoost,3685,2006-10-31 05:00:00,36,33.4
XGBoost,3685,2006-10-31 05:15:00,50,44.98
XGBoost,3685,2006-10-31 05:30:00,74,74.71
XGBoost,3685,2006-10-31 05:45:00,94,100.45
XGBoost,3685,2006-10-31 06:00:00,122,133.55
XGBoost,3685,2006-10-31 06:15:00,184,178.46
XGBoost,3685,2006-10-31 06:30:00,294,278.59
XGBoost,3685,2006-10-31 06:45:00,315,362.05
XGBoost,3685,2006-10-31 07:00:00,372,388.65
XGBoost,3685,2006-10-31 07:15:00,494,444.69
XGBoost,3685,2006-10-31 07:30:00,528,562.99
XGBoost,3685,2006-10-31 07:45:00,516,595.31
XGBoost,3685,2006-10-31 08:00:00,544,565.1
XGBoost,3685,2006-10-31 08:15:00,598,531.47
XGBoost,3685,2006-10-31 08:30:00,573,564.27
XGBoost,3685,2006-10-31 08:45:00,470,551.62
XGBoost,3685,2006-10-31 09:00:00,550,465.94
XGBoost,3685,2006-10-31 09:15:00,426,476.68
XGBoost,3685,2006-10-31 09:30:00,453,444.29
XGBoost,3685,2006-10-31 09:45:00,439,428.27
XGBoost,3685,2006-10-31 10:00:00,375,430.21
XGBoost,3685,2006-10-31 10:15:00,373,394.55
XGBoost,3685,2006-10-31 10:30:00,384,371.36
XGBoost,3685,2006-10-31 10:45:00,353,368.0
XGBoost,3685,2006-10-31 11:00:00,367,366.07
XGBoost,3685,2006-10-31 11:15:00,371,368.61
XGBoost,3685,2006-10-31 11:30:00,376,367.36
XGBoost,3685,2006-10-31 11:45:00,393,375.59
XGBoost,3685,2006-10-31 12:00:00,337,379.23
XGBoost,3685,2006-10-31 12:15:00,379,359.24
XGBoost,3685,2006-10-31 12:30:00,375,369.4
XGBoost,3685,2006-10-31 12:45:00,393,384.23
XGBoost,3685,2006-10-31 13:00:00,390,378.82
XGBoost,3685,2006-10-31 13:15:00,405,384.09
XGBoost,3685,2006-10-31 13:30:00,375,385.43
XGBoost,3685,2006-10-31 13:45:00,390,387.41
XGBoost,3685,2006-10-31 14:00:00,332,401.96
XGBoost,3685,2006-10-31 14:15:00,364,376.28
XGBoost,3685,2006-10-31 14:30:00,377,377.21
XGBoost,3685,2006-10-31 14:45:00,396,390.53
XGBoost,3685,2006-10-31 15:00:00,400,406.61
XGBoost,3685,2006-10-31 15:15:00,432,412.32
XGBoost,3685,2006-10-31 15:30:00,449,440.81
XGBoost,3685,2006-10-31 15:45:00,465,456.18
XGBoost,3685,2006-10-31 16:00:00,487,453.51
XGBoost,3685,2006-10-31 16:15:00,463,481.23
XGBoost,3685,2006-10-31 16:30:00,440,469.23
XGBoost,3685,2006-10-31 16:45:00,434,453.7
XGBoost,3685,2006-10-31 17:00:00,485,450.94
XGBoost,3685,2006-10-31 17:15:00,466,492.46
XGBoost,3685,2006-10-31 17:30:00,495,496.07
XGBoost,3685,2006-10-31 17:45:00,466,499.14
XGBoost,3685,2006-10-31 18:00:00,405,434.7
XGBoost,3685,2006-10-31 18:15:00,374,391.27
XGBoost,3685,2006-10-31 18:30:00,346,363.06
XGBoost,3685,2006-10-31 18:45:00,332,328.19
XGBoost,3685,2006-10-31 19:00:00,321,285.75
XGBoost,3685,2006-10-31 19:15:00,299,280.13
XGBoost,3685,2006-10-31 19:30:00,236,267.35
XGBoost,3685,2006-10-31 19:45:00,218,220.74
XGBoost,3685,2006-10-31 20:00:00,209,218.28
XGBoost,3685,2006-10-31 20:15:00,201,202.11
XGBoost,3685,2006-10-31 20:30:00,204,185.04
XGBoost,3685,2006-10-31 20:45:00,181,187.59
XGBoost,3685,2006-10-31 21:00:00,221,182.54
XGBoost,3685,2006-10-31 21:15:00,212,195.62
XGBoost,3685,2006-10-31 21:30:00,165,194.78
XGBoost,3685,2006-10-31 21:45:00,157,169.68
XGBoost,3685,2006-10-31 22:00:00,172,146.6
XGBoost,3685,2006-10-31 22:15:00,143,146.63
XGBoost,3685,2006-10-31 22:30:00,119,127.07
XGBoost,3685,2006-10-31 22:45:00,114,113.28
XGBoost,3685,2006-10-31 23:00:00,102,93.97
XGBoost,3685,2006-10-31 23:15:00,84,85.07
XGBoost,3685,2006-10-31 23:30:00,73,71.8
XGBoost,3685,2006-10-31 23:45:00,49,61.65
XGBoost,3804,2006-10-27 12:00:00,602,581.95
XGBoost,3804,2006-10-27 12:15:00,632,606.49
XGBoost,3804,2006-10-27 12:30:00,623,594.92
XGBoost,3804,2006-10-27 12:45:00,634,576.02
XGBoost,3804,2006-10-27 13:00:00,614,614.96
XGBoost,3804,2006-10-27 13:15:00,612,608.21
XGBoost,3804,2006-10-27 13:30:00,625,589.69
XGBoost,3804,2006-10-27 13:45:00,572,645.11
XGBoost,3804,2006-10-27 14:00:00,663,605.68
XGBoost,3804,2006-10-27 14:15:00,632,613.82
XGBoost,3804,2006-10-27 14:30:00,641,637.33
XGBoost,3804,2006-10-27 14:45:00,676,664.8
XGBoost,3804,2006-10-27 15:00:00,693,703.23
XGBoost,3804,2006-10-27 15:15:00,751,745.41
XGBoost,3804,2006-10-27 15:30:00,807,774.57
XGBoost,3804,2006-10-27 15:45:00,807,837.69
XGBoost,3804,2006-10-27 16:00:00,821,803.58
XGBoost,3804,2006-10-27 16:15:00,790,824.34
XGBoost,3804,2006-10-27 16:30:00,846,833.77
XGBoost,3804,2006-10-27 16:45:00,750,829.53
XGBoost,3804,2006-10-27 17:00:00,741,831.02
XGBoost,3804,2006-10-27 17:15:00,865,797.0
XGBoost,3804,2006-10-27 17:30:00,828,845.94
XGBoost,3804,2006-10-27 17:45:00,873,868.45
XGBoost,3804,2006-10-27 18:00:00,881,790.48
XGBoost,3804,2006-10-27 18:15:00,781,816.21
XGBoost,3804,2006-10-27 18:30:00,751,789.09
XGBoost,3804,2006-10-27 18:45:00,621,679.91
XGBoost,3804,2006-10-27 19:00:00,574,583.82
XGBoost,3804,2006-10-27 19:15:00,590,526.26
XGBoost,3804,2006-10-27 19:30:00,422,504.21
XGBoost,3804,2006-10-27 19:45:00,352,414.22
XGBoost,3804,2006-10-27 20:00:00,332,354.19
XGBoost,3804,2006-10-27 20:15:00,317,305.32
XGBoost,3804,2006-10-27 20:30:00,303,294.26
XGBoost,3804,2006-10-27 20:45:00,256,290.24
XGBoost,3804,2006-10-27 21:00:00,265,296.43
XGBoost,3804,2006-10-27 21:15:00,259,261.81
XGBoost,3804,2006-10-27 21:30:00,253,263.84
XGBoost,3804,2006-10-27 21:45:00,226,244.16
XGBoost,3804,2006-10-27 22:00:00,218,223.19
XGBoost,3804,2006-10-27 22:15:00,215,219.91
XGBoost,3804,2006-10-27 22:30:00,181,214.16
XGBoost,3804,2006-10-27 22:45:00,195,183.54
XGBoost,3804,2006-10-27 23:00:00,195,175.6
XGBoost,3804,2006-10-27 23:15:00,190,183.08
XGBoost,3804,2006-10-27 23:30:00,184,168.3
XGBoost,3804,2006-10-27 23:45:00,145,159.66
XGBoost,3804,2006-10-28 00:00:00,164,138.95
XGBoost,3804,2006-10-28 00:15:00,175,137.87
XGBoost,3804,2006-10-28 00:30:00,114,150.22
XGBoost,3804,2006-10-28 00:45:00,85,112.53
XGBoost,3804,2006-10-28 01:00:00,71,80.68
XGBoost,3804,2006-10-28 01:15:00,73,65.17
XGBoost,3804,2006-10-28 01:30:00,75,59.98
XGBoost,3804,2006-10-28 01:45:00,74,61.26
XGBoost,3804,2006-10-28 02:00:00,48,64.27
XGBoost,3804,2006-10-28 02:15:00,36,49.02
XGBoost,3804,2006-10-28 02:30:00,33,33.88
XGBoost,3804,2006-10-28 02:45:00,29,30.09
XGBoost,3804,2006-10-28 03:00:00,34,25.72
XGBoost,3804,2006-10-28 03:15:00,29,27.46
XGBoost,3804,2006-10-28 03:30:00,27,25.85
XGBoost,3804,2006-10-28 03:45:00,24,23.81
XGBoost,3804,2006-10-28 04:00:00,23,23.32
XGBoost,3804,2006-10-28 04:15:00,14,22.76
XGBoost,3804,2006-10-28 04:30:00,22,19.32
XGBoost,3804,2006-10-28 04:45:00,20,23.27
XGBoost,3804,2006-10-28 05:00:00,19,30.6
XGBoost,3804,2006-10-28 05:15:00,28,28.42
XGBoost,3804,2006-10-28 05:30:00,28,37.56
XGBoost,3804,2006-10-28 05:45:00,115,41.95
XGBoost,3804,2006-10-28 06:00:00,65,126.87
XGBoost,3804,2006-10-28 06:15:00,116,102.4
XGBoost,3804,2006-10-28 06:30:00,90,142.47
XGBoost,3804,2006-10-28 06:45:00,133,133.0
XGBoost,3804,2006-10-28 07:00:00,206,157.2
XGBoost,3804,2006-10-28 07:15:00,226,234.84
XGBoost,3804,2006-10-28 07:30:00,260,254.84
XGBoost,3804,2006-10-28 07:45:00,308,294.19
XGBoost,3804,2006-10-28 08:00:00,383,355.26
XGBoost,3804,2006-10-28 08:15:00,404,426.01
XGBoost,3804,2006-10-28 08:30:00,417,467.98
XGBoost,3804,2006-10-28 08:45:00,478,490.18
XGBoost,3804,2006-10-28 09:00:00,497,521.52
XGBoost,3804,2006-10-28 09:15:00,585,543.59
XGBoost,3804,2006-10-28 09:30:00,521,577.55
XGBoost,3804,2006-10-28 09:45:00,581,574.92
XGBoost,3804,2006-10-28 10:00:00,679,582.55
XGBoost,3804,2006-10-28 10:15:00,590,638.86
XGBoost,3804,2006-10-28 10:30:00,628,611.54
XGBoost,3804,2006-10-28 10:45:00,712,628.48
XGBoost,3804,2006-10-28 11:00:00,683,681.52
XGBoost,3804,2006-10-28 11:15:00,708,676.14
XGBoost,3804,2006-10-28 11:30:00,791,690.93
XGBoost,3804,2006-10-28 11:45:00,747,736.49
XGBoost,3804,2006-10-28 12:00:00,796,732.13
XGBoost,3804,2006-10-28 12:15:00,755,762.44
XGBoost,3804,2006-10-28 12:30:00,684,750.14
XGBoost,3804,2006-10-28 12:45:00,730,712.8
XGBoost,3804,2006-10-28 13:00:00,740,704.02
XGBoost,3804,2006-10-28 13:15:00,622,710.11
XGBoost,3804,2006-10-28 13:30:00,705,663.99
XGBoost,3804,2006-10-28 13:45:00,644,675.95
XGBoost,3804,2006-10-28 14:00:00,662,663.63
XGBoost,3804,2006-10-28 14:15:00,669,657.23
XGBoost,3804,2006-10-28 14:30:00,692,667.71
XGBoost,3804,2006-10-28 14:45:00,630,686.86
XGBoost,3804,2006-10-28 15:00:00,662,655.24
XGBoost,3804,2006-10-28 15:15:00,661,659.23
XGBoost,3804,2006-10-28 15:30:00,636,669.67
XGBoost,3804,2006-10-28 15:45:00,613,641.8
XGBoost,3804,2006-10-28 16:00:00,627,622.56
XGBoost,3804,2006-10-28 16:15:00,608,631.25
XGBoost,3804,2006-10-28 16:30:00,630,623.58
XGBoost,3804,2006-10-28 16:45:00,558,624.36
XGBoost,3804,2006-10-28 17:00:00,583,604.9
XGBoost,3804,2006-10-28 17:15:00,613,598.91
XGBoost,3804,2006-10-28 17:30:00,581,604.61
XGBoost,3804,2006-10-28 17:45:00,507,599.72
XGBoost,3804,2006-10-28 18:00:00,536,527.7
XGBoost,3804,2006-10-28 18:15:00,571,536.63
XGBoost,3804,2006-10-28 18:30:00,452,553.85
XGBoost,3804,2006-10-28 18:45:00,529,466.72
XGBoost,3804,2006-10-28 19:00:00,473,470.25
XGBoost,3804,2006-10-28 19:15:00,421,445.88
XGBoost,3804,2006-10-28 19:30:00,390,374.41
XGBoost,3804,2006-10-28 19:45:00,290,347.05
XGBoost,3804,2006-10-28 20:00:00,264,307.58
XGBoost,3804,2006-10-28 20:15:00,259,267.57
XGBoost,3804,2006-10-28 20:30:00,248,250.01
XGBoost,3804,2006-10-28 20:45:00,220,233.93
XGBoost,3804,2006-10-28 21:00:00,235,225.22
XGBoost,3804,2006-10-28 21:15:00,221,224.79
XGBoost,3804,2006-10-28 21:30:00,204,218.85
XGBoost,3804,2006-10-28 21:45:00,226,205.0
XGBoost,3804,2006-10-28 22:00:00,202,212.82
XGBoost,3804,2006-10-28 22:15:00,244,207.93
XGBoost,3804,2006-10-28 22:30:00,186,217.79
XGBoost,3804,2006-10-28 22:45:00,281,200.91
XGBoost,3804,2006-10-28 23:00:00,259,236.13
XGBoost,3804,2006-10-28 23:15:00,233,236.51
XGBoost,3804,2006-10-28 23:30:00,212,218.9
XGBoost,3804,2006-10-28 23:45:00,181,203.61
XGBoost,3804,2006-10-29 00:00:00,249,174.92
XGBoost,3804,2006-10-29 00:15:00,153,206.2
XGBoost,3804,2006-10-29 00:30:00,169,158.31
XGBoost,3804,2006-10-29 00:45:00,150,141.34
XGBoost,3804,2006-10-29 01:00:00,105,132.54
XGBoost,3804,2006-10-29 01:15:00,143,102.12
XGBoost,3804,2006-10-29 01:30:00,79,113.88
XGBoost,3804,2006-10-29 01:45:00,0,84.69
XGBoost,3804,2006-10-29 02:00:00,0,43.7
XGBoost,3804,2006-10-29 02:15:00,0,23.64
XGBoost,3804,2006-10-29 02:30:00,0,19.16
XGBoost,3804,2006-10-29 02:45:00,106,13.53
XGBoost,3804,2006-10-29 03:00:00,67,78.48
XGBoost,3804,2006-10-29 03:15:00,44,66.95
XGBoost,3804,2006-10-29 03:30:00,48,43.74
XGBoost,3804,2006-10-29 03:45:00,56,44.58
XGBoost,3804,2006-10-29 04:00:00,41,52.36
XGBoost,3804,2006-10-29 04:15:00,41,42.5
XGBoost,3804,2006-10-29 04:30:00,32,39.55
XGBoost,3804,2006-10-29 04:45:00,52,35.47
XGBoost,3804,2006-10-29 05:00:00,36,45.27
XGBoost,3804,2006-10-29 05:15:00,40,41.96
XGBoost,3804,2006-10-29 05:30:00,38,40.79
XGBoost,3804,2006-10-29 05:45:00,31,53.71
XGBoost,3804,2006-10-29 06:00:00,35,43.4
XGBoost,3804,2006-10-29 06:15:00,52,49.52
XGBoost,3804,2006-10-29 06:30:00,72,62.31
XGBoost,3804,2006-10-29 06:45:00,75,79.31
XGBoost,3804,2006-10-29 07:00:00,99,83.42
XGBoost,3804,2006-10-29 07:15:00,105,103.92
XGBoost,3804,2006-10-29 07:30:00,94,117.43
XGBoost,3804,2006-10-29 07:45:00,125,114.05
XGBoost,3804,2006-10-29 08:00:00,114,142.01
XGBoost,3804,2006-10-29 08:15:00,140,141.79
XGBoost,3804,2006-10-29 08:30:00,190,165.33
XGBoost,3804,2006-10-29 08:45:00,234,209.52
XGBoost,3804,2006-10-29 09:00:00,233,253.54
XGBoost,3804,2006-10-29 09:15:00,290,276.72
XGBoost,3804,2006-10-29 09:30:00,299,319.26
XGBoost,3804,2006-10-29 09:45:00,386,348.61
XGBoost,3804,2006-10-29 10:00:00,319,406.09
XGBoost,3804,2006-10-29 10:15:00,395,369.25
XGBoost,3804,2006-10-29 10:30:00,370,410.97
XGBoost,3804,2006-10-29 10:45:00,467,422.84
XGBoost,3804,2006-10-29 11:00:00,436,473.82
XGBoost,3804,2006-10-29 11:15:00,400,491.18
XGBoost,3804,2006-10-29 11:30:00,518,498.05
XGBoost,3804,2006-10-29 11:45:00,478,525.21
XGBoost,3804,2006-10-29 12:00:00,585,553.69
XGBoost,3804,2006-10-29 12:15:00,592,566.47
XGBoost,3804,2006-10-29 12:30:00,613,587.27
XGBoost,3804,2006-10-29 12:45:00,619,609.93
XGBoost,3804,2006-10-29 13:00:00,565,603.45
XGBoost,3804,2006-10-29 13:15:00,581,581.24
XGBoost,3804,2006-10-29 13:30:00,483,580.7
XGBoost,3804,2006-10-29 13:45:00,513,538.46
XGBoost,3804,2006-10-29 14:00:00,545,522.35
XGBoost,3804,2006-10-29 14:15:00,517,532.8
XGBoost,3804,2006-10-29 14:30:00,503,532.84
XGBoost,3804,2006-10-29 14:45:00,503,517.77
XGBoost,3804,2006-10-29 15:00:00,536,518.7
XGBoost,3804,2006-10-29 15:15:00,509,533.8
XGBoost,3804,2006-10-29 15:30:00,581,522.55
XGBoost,3804,2006-10-29 15:45:00,519,554.18
XGBoost,3804,2006-10-29 16:00:00,523,547.3
XGBoost,3804,2006-10-29 16:15:00,588,531.45
XGBoost,3804,2006-10-29 16:30:00,542,564.08
XGBoost,3804,2006-10-29 16:45:00,508,557.73
XGBoost,3804,2006-10-29 17:00:00,499,529.1
XGBoost,3804,2006-10-29 17:15:00,501,516.27
XGBoost,3804,2006-10-29 17:30:00,545,508.51
XGBoost,3804,2006-10-29 17:45:00,544,516.02
XGBoost,3804,2006-10-29 18:00:00,417,486.11
XGBoost,3804,2006-10-29 18:15:00,469,430.6
XGBoost,3804,2006-10-29 18:30:00,393,413.66
XGBoost,3804,2006-10-29 18:45:00,329,400.24
XGBoost,3804,2006-10-29 19:00:00,351,323.48
XGBoost,3804,2006-10-29 19:15:00,292,301.11
XGBoost,3804,2006-10-29 19:30:00,257,278.69
XGBoost,3804,2006-10-29 19:45:00,245,245.78
XGBoost,3804,2006-10-29 20:00:00,225,232.57
XGBoost,3804,2006-10-29 20:15:00,209,215.55
XGBoost,3804,2006-10-29 20:30:00,234,201.15
XGBoost,3804,2006-10-29 20:45:00,180,207.11
XGBoost,3804,2006-10-29 21:00:00,202,185.39
XGBoost,3804,2006-10-29 21:15:00,205,186.57
XGBoost,3804,2006-10-29 21:30:00,183,192.84
XGBoost,3804,2006-10-29 21:45:00,181,184.07
XGBoost,3804,2006-10-29 22:00:00,140,162.24
XGBoost,3804,2006-10-29 22:15:00,142,141.04
XGBoost,3804,2006-10-29 22:30:00,138,126.12
XGBoost,3804,2006-10-29 22:45:00,114,127.56
XGBoost,3804,2006-10-29 23:00:00,108,104.27
XGBoost,3804,2006-10-29 23:15:00,74,92.65
XGBoost,3804,2006-10-29 23:30:00,73,71.54
XGBoost,3804,2006-10-29 23:45:00,56,62.83
XGBoost,3804,2006-10-30 00:00:00,55,50.26
XGBoost,3804,2006-10-30 00:15:00,48,45.34
XGBoost,3804,2006-10-30 00:30:00,35,40.97
XGBoost,3804,2006-10-30 00:45:00,33,32.56
XGBoost,3804,2006-10-30 01:00:00,24,30.02
XGBoost,3804,2006-10-30 01:15:00,30,24.91
XGBoost,3804,2006-10-30 01:30:00,18,23.45
XGBoost,3804,2006-10-30 01:45:00,17,16.34
XGBoost,3804,2006-10-30 02:00:00,12,14.75
XGBoost,3804,2006-10-30 02:15:00,7,12.78
XGBoost,3804,2006-10-30 02:30:00,9,9.61
XGBoost,3804,2006-10-30 02:45:00,14,13.84
XGBoost,3804,2006-10-30 03:00:00,16,13.41
XGBoost,3804,2006-10-30 03:15:00,14,13.54
XGBoost,3804,2006-10-30 03:30:00,18,13.93
XGBoost,3804,2006-10-30 03:45:00,9,16.31
XGBoost,3804,2006-10-30 04:00:00,25,21.29
XGBoost,3804,2006-10-30 04:15:00,18,25.87
XGBoost,3804,2006-10-30 04:30:00,25,25.47
XGBoost,3804,2006-10-30 04:45:00,28,29.91
XGBoost,3804,2006-10-30 05:00:00,31,38.43
XGBoost,3804,2006-10-30 05:15:00,73,42.03
XGBoost,3804,2006-10-30 05:30:00,46,73.7
XGBoost,3804,2006-10-30 05:45:00,83,65.59
XGBoost,3804,2006-10-30 06:00:00,167,97.0
XGBoost,3804,2006-10-30 06:15:00,196,200.06
XGBoost,3804,2006-10-30 06:30:00,259,262.94
XGBoost,3804,2006-10-30 06:45:00,302,365.26
XGBoost,3804,2006-10-30 07:00:00,399,393.4
XGBoost,3804,2006-10-30 07:15:00,650,429.37
XGBoost,3804,2006-10-30 07:30:00,762,728.57
XGBoost,3804,2006-10-30 07:45:00,837,852.61
XGBoost,3804,2006-10-30 08:00:00,942,840.31
XGBoost,3804,2006-10-30 08:15:00,997,915.07
XGBoost,3804,2006-10-30 08:30:00,910,960.79
XGBoost,3804,2006-10-30 08:45:00,915,936.62
XGBoost,3804,2006-10-30 09:00:00,719,742.71
XGBoost,3804,2006-10-30 09:15:00,651,665.91
XGBoost,3804,2006-10-30 09:30:00,592,589.3
XGBoost,3804,2006-10-30 09:45:00,551,555.66
XGBoost,3804,2006-10-30 10:00:00,538,540.25
XGBoost,3804,2006-10-30 10:15:00,479,522.33
XGBoost,3804,2006-10-30 10:30:00,573,489.54
XGBoost,3804,2006-10-30 10:45:00,487,519.26
XGBoost,3804,2006-10-30 11:00:00,542,503.07
XGBoost,3804,2006-10-30 11:15:00,512,501.08
XGBoost,3804,2006-10-30 11:30:00,498,536.35
XGBoost,3804,2006-10-30 11:45:00,523,500.62
XGBoost,3804,2006-10-30 12:00:00,536,533.55
XGBoost,3804,2006-10-30 12:15:00,566,544.7
XGBoost,3804,2006-10-30 12:30:00,558,559.55
XGBoost,3804,2006-10-30 12:45:00,605,571.04
XGBoost,3804,2006-10-30 13:00:00,547,566.54
XGBoost,3804,2006-10-30 13:15:00,589,569.43
XGBoost,3804,2006-10-30 13:30:00,528,548.89
XGBoost,3804,2006-10-30 13:45:00,629,545.01
XGBoost,3804,2006-10-30 14:00:00,519,590.58
XGBoost,3804,2006-10-30 14:15:00,580,574.67
XGBoost,3804,2006-10-30 14:30:00,571,564.02
XGBoost,3804,2006-10-30 14:45:00,642,584.15
XGBoost,3804,2006-10-30 15:00:00,611,639.68
XGBoost,3804,2006-10-30 15:15:00,708,638.19
XGBoost,3804,2006-10-30 15:30:00,706,714.6
XGBoost,3804,2006-10-30 15:45:00,821,724.03
XGBoost,3804,2006-10-30 16:00:00,735,756.07
XGBoost,3804,2006-10-30 16:15:00,745,770.41
XGBoost,3804,2006-10-30 16:30:00,776,754.26
XGBoost,3804,2006-10-30 16:45:00,738,785.77
XGBoost,3804,2006-10-30 17:00:00,836,771.77
XGBoost,3804,2006-10-30 17:15:00,815,799.08
XGBoost,3804,2006-10-30 17:30:00,817,829.56
XGBoost,3804,2006-10-30 17:45:00,848,820.44
XGBoost,3804,2006-10-30 18:00:00,783,729.56
XGBoost,3804,2006-10-30 18:15:00,674,735.35
XGBoost,3804,2006-10-30 18:30:00,681,631.99
XGBoost,3804,2006-10-30 18:45:00,596,613.59
XGBoost,3804,2006-10-30 19:00:00,523,537.04
XGBoost,3804,2006-10-30 19:15:00,493,469.89
XGBoost,3804,2006-10-30 19:30:00,370,429.91
XGBoost,3804,2006-10-30 19:45:00,343,340.76
XGBoost,3804,2006-10-30 20:00:00,324,305.49
XGBoost,3804,2006-10-30 20:15:00,287,296.02
XGBoost,3804,2006-10-30 20:30:00,272,271.78
XGBoost,3804,2006-10-30 20:45:00,241,249.06
XGBoost,3804,2006-10-30 21:00:00,278,239.07
XGBoost,3804,2006-10-30 21:15:00,238,255.22
XGBoost,3804,2006-10-30 21:30:00,234,218.42
XGBoost,3804,2006-10-30 21:45:00,200,214.48
XGBoost,3804,2006-10-30 22:00:00,212,177.19
XGBoost,3804,2006-10-30 22:15:00,172,182.53
XGBoost,3804,2006-10-30 22:30:00,156,157.85
XGBoost,3804,2006-10-30 22:45:00,119,134.93
XGBoost,3804,2006-10-30 23:00:00,105,107.6
XGBoost,3804,2006-10-30 23:15:00,96,85.33
XGBoost,3804,2006-10-30 23:30:00,120,76.53
XGBoost,3804,2006-10-30 23:45:00,61,88.91
XGBoost,3804,2006-10-31 00:00:00,53,59.96
XGBoost,3804,2006-10-31 00:15:00,31,45.23
XGBoost,3804,2006-10-31 00:30:00,51,32.66
XGBoost,3804,2006-10-31 00:45:00,27,35.43
XGBoost,3804,2006-10-31 01:00:00,17,27.06
XGBoost,3804,2006-10-31 01:15:00,24,19.68
XGBoost,3804,2006-10-31 01:30:00,26,18.78
XGBoost,3804,2006-10-31 01:45:00,9,20.4
XGBoost,3804,2006-10-31 02:00:00,13,15.34
XGBoost,3804,2006-10-31 02:15:00,20,12.48
XGBoost,3804,2006-10-31 02:30:00,14,14.8
XGBoost,3804,2006-10-31 02:45:00,13,12.24
XGBoost,3804,2006-10-31 03:00:00,3,13.33
XGBoost,3804,2006-10-31 03:15:00,11,11.89
XGBoost,3804,2006-10-31 03:30:00,12,11.41
XGBoost,3804,2006-10-31 03:45:00,8,10.8
XGBoost,3804,2006-10-31 04:00:00,12,16.16
XGBoost,3804,2006-10-31 04:15:00,21,14.85
XGBoost,3804,2006-10-31 04:30:00,18,21.51
XGBoost,3804,2006-10-31 04:45:00,28,22.15
XGBoost,3804,2006-10-31 05:00:00,34,37.17
XGBoost,3804,2006-10-31 05:15:00,56,52.69
XGBoost,3804,2006-10-31 05:30:00,52,63.84
XGBoost,3804,2006-10-31 05:45:00,89,80.48
XGBoost,3804,2006-10-31 06:00:00,123,124.73
XGBoost,3804,2006-10-31 06:15:00,169,189.41
XGBoost,3804,2006-10-31 06:30:00,272,243.03
XGBoost,3804,2006-10-31 06:45:00,362,337.25
XGBoost,3804,2006-10-31 07:00:00,449,430.58
XGBoost,3804,2006-10-31 07:15:00,686,591.62
XGBoost,3804,2006-10-31 07:30:00,807,795.14
XGBoost,3804,2006-10-31 07:45:00,809,865.33
XGBoost,3804,2006-10-31 08:00:00,956,926.31
XGBoost,3804,2006-10-31 08:15:00,913,964.09
XGBoost,3804,2006-10-31 08:30:00,860,941.62
XGBoost,3804,2006-10-31 08:45:00,983,907.92
XGBoost,3804,2006-10-31 09:00:00,743,813.26
XGBoost,3804,2006-10-31 09:15:00,672,711.08
XGBoost,3804,2006-10-31 09:30:00,625,623.13
XGBoost,3804,2006-10-31 09:45:00,637,588.59
XGBoost,3804,2006-10-31 10:00:00,541,592.17
XGBoost,3804,2006-10-31 10:15:00,565,541.02
XGBoost,3804,2006-10-31 10:30:00,514,565.57
XGBoost,3804,2006-10-31 10:45:00,578,525.63
XGBoost,3804,2006-10-31 11:00:00,540,551.61
XGBoost,3804,2006-10-31 11:15:00,528,543.78
XGBoost,3804,2006-10-31 11:30:00,548,527.88
XGBoost,3804,2006-10-31 11:45:00,618,542.88
XGBoost,3804,2006-10-31 12:00:00,566,570.42
XGBoost,3804,2006-10-31 12:15:00,545,578.95
XGBoost,3804,2006-10-31 12:30:00,510,562.08
XGBoost,3804,2006-10-31 12:45:00,573,561.97
XGBoost,3804,2006-10-31 13:00:00,551,547.21
XGBoost,3804,2006-10-31 13:15:00,534,569.56
XGBoost,3804,2006-10-31 13:30:00,579,545.0
XGBoost,3804,2006-10-31 13:45:00,623,594.43
XGBoost,3804,2006-10-31 14:00:00,576,593.01
XGBoost,3804,2006-10-31 14:15:00,566,603.05
XGBoost,3804,2006-10-31 14:30:00,624,591.7
XGBoost,3804,2006-10-31 14:45:00,672,628.28
XGBoost,3804,2006-10-31 15:00:00,661,659.44
XGBoost,3804,2006-10-31 15:15:00,774,702.66
XGBoost,3804,2006-10-31 15:30:00,721,743.31
XGBoost,3804,2006-10-31 15:45:00,876,791.76
XGBoost,3804,2006-10-31 16:00:00,730,800.94
XGBoost,3804,2006-10-31 16:15:00,788,785.35
XGBoost,3804,2006-10-31 16:30:00,815,795.31
XGBoost,3804,2006-10-31 16:45:00,761,798.35
XGBoost,3804,2006-10-31 17:00:00,799,818.63
XGBoost,3804,2006-10-31 17:15:00,821,823.62
XGBoost,3804,2006-10-31 17:30:00,807,833.93
XGBoost,3804,2006-10-31 17:45:00,826,832.25
XGBoost,3804,2006-10-31 18:00:00,936,791.22
XGBoost,3804,2006-10-31 18:15:00,742,809.47
XGBoost,3804,2006-10-31 18:30:00,746,747.55
XGBoost,3804,2006-10-31 18:45:00,696,676.9
XGBoost,3804,2006-10-31 19:00:00,548,623.05
XGBoost,3804,2006-10-31 19:15:00,538,531.24
XGBoost,3804,2006-10-31 19:30:00,446,472.26
XGBoost,3804,2006-10-31 19:45:00,377,408.09
XGBoost,3804,2006-10-31 20:00:00,333,363.42
XGBoost,3804,2006-10-31 20:15:00,303,316.46
XGBoost,3804,2006-10-31 20:30:00,282,289.2
XGBoost,3804,2006-10-31 20:45:00,302,264.6
XGBoost,3804,2006-10-31 21:00:00,282,291.17
XGBoost,3804,2006-10-31 21:15:00,251,270.7
XGBoost,3804,2006-10-31 21:30:00,223,249.61
XGBoost,3804,2006-10-31 21:45:00,242,220.07
XGBoost,3804,2006-10-31 22:00:00,278,226.08
XGBoost,3804,2006-10-31 22:15:00,226,228.65
XGBoost,3804,2006-10-31 22:30:00,210,203.64
XGBoost,3804,2006-10-31 22:45:00,135,186.05
XGBoost,3804,2006-10-31 23:00:00,123,126.47
XGBoost,3804,2006-10-31 23:15:00,121,102.96
XGBoost,3804,2006-10-31 23:30:00,96,110.7
XGBoost,3804,2006-10-31 23:45:00,57,80.78
XGBoost,3812,2006-10-27 12:00:00,468,509.23
XGBoost,3812,2006-10-27 12:15:00,437,515.17
XGBoost,3812,2006-10-27 12:30:00,641,502.95
XGBoost,3812,2006-10-27 12:45:00,831,583.47
XGBoost,3812,2006-10-27 13:00:00,622,694.61
XGBoost,3812,2006-10-27 13:15:00,597,532.29
XGBoost,3812,2006-10-27 13:30:00,574,565.41
XGBoost,3812,2006-10-27 13:45:00,438,631.11
XGBoost,3812,2006-10-27 14:00:00,580,562.94
XGBoost,3812,2006-10-27 14:15:00,469,533.55
XGBoost,3812,2006-10-27 14:30:00,466,568.87
XGBoost,3812,2006-10-27 14:45:00,528,499.77
XGBoost,3812,2006-10-27 15:00:00,521,549.6
XGBoost,3812,2006-10-27 15:15:00,605,568.05
XGBoost,3812,2006-10-27 15:30:00,653,655.75
XGBoost,3812,2006-10-27 15:45:00,996,631.99
XGBoost,3812,2006-10-27 16:00:00,836,722.27
XGBoost,3812,2006-10-27 16:15:00,634,739.56
XGBoost,3812,2006-10-27 16:30:00,1037,734.89
XGBoost,3812,2006-10-27 16:45:00,986,817.9
XGBoost,3812,2006-10-27 17:00:00,699,909.65
XGBoost,3812,2006-10-27 17:15:00,924,753.51
XGBoost,3812,2006-10-27 17:30:00,720,939.06
XGBoost,3812,2006-10-27 17:45:00,565,796.19
XGBoost,3812,2006-10-27 18:00:00,896,662.86
XGBoost,3812,2006-10-27 18:15:00,1074,859.29
XGBoost,3812,2006-10-27 18:30:00,1070,887.29
XGBoost,3812,2006-10-27 18:45:00,635,745.32
XGBoost,3812,2006-10-27 19:00:00,516,599.26
XGBoost,3812,2006-10-27 19:15:00,478,542.22
XGBoost,3812,2006-10-27 19:30:00,691,530.52
XGBoost,3812,2006-10-27 19:45:00,294,518.15
XGBoost,3812,2006-10-27 20:00:00,371,366.71
XGBoost,3812,2006-10-27 20:15:00,252,304.84
XGBoost,3812,2006-10-27 20:30:00,270,318.71
XGBoost,3812,2006-10-27 20:45:00,192,238.01
XGBoost,3812,2006-10-27 21:00:00,221,250.55
XGBoost,3812,2006-10-27 21:15:00,232,256.96
XGBoost,3812,2006-10-27 21:30:00,227,226.09
XGBoost,3812,2006-10-27 21:45:00,197,253.9
XGBoost,3812,2006-10-27 22:00:00,337,267.81
XGBoost,3812,2006-10-27 22:15:00,194,259.52
XGBoost,3812,2006-10-27 22:30:00,153,204.3
XGBoost,3812,2006-10-27 22:45:00,182,174.73
XGBoost,3812,2006-10-27 23:00:00,324,188.62
XGBoost,3812,2006-10-27 23:15:00,146,219.49
XGBoost,3812,2006-10-27 23:30:00,148,167.36
XGBoost,3812,2006-10-27 23:45:00,108,129.52
XGBoost,3812,2006-10-28 00:00:00,135,110.75
XGBoost,3812,2006-10-28 00:15:00,99,120.07
XGBoost,3812,2006-10-28 00:30:00,100,93.69
XGBoost,3812,2006-10-28 00:45:00,150,86.35
XGBoost,3812,2006-10-28 01:00:00,118,116.9
XGBoost,3812,2006-10-28 01:15:00,52,104.95
XGBoost,3812,2006-10-28 01:30:00,83,57.13
XGBoost,3812,2006-10-28 01:45:00,49,62.36
XGBoost,3812,2006-10-28 02:00:00,51,53.37
XGBoost,3812,2006-10-28 02:15:00,34,42.06
XGBoost,3812,2006-10-28 02:30:00,44,33.0
XGBoost,3812,2006-10-28 02:45:00,68,36.74
XGBoost,3812,2006-10-28 03:00:00,64,53.22
XGBoost,3812,2006-10-28 03:15:00,29,57.14
XGBoost,3812,2006-10-28 03:30:00,27,39.72
XGBoost,3812,2006-10-28 03:45:00,35,25.81
XGBoost,3812,2006-10-28 04:00:00,43,34.7
XGBoost,3812,2006-10-28 04:15:00,37,37.47
XGBoost,3812,2006-10-28 04:30:00,21,35.64
XGBoost,3812,2006-10-28 04:45:00,18,28.58
XGBoost,3812,2006-10-28 05:00:00,25,28.09
XGBoost,3812,2006-10-28 05:15:00,38,30.1
XGBoost,3812,2006-10-28 05:30:00,39,51.6
XGBoost,3812,2006-10-28 05:45:00,59,53.47
XGBoost,3812,2006-10-28 06:00:00,67,74.08
XGBoost,3812,2006-10-28 06:15:00,96,83.47
XGBoost,3812,2006-10-28 06:30:00,109,123.38
XGBoost,3812,2006-10-28 06:45:00,103,143.08
XGBoost,3812,2006-10-28 07:00:00,149,125.04
XGBoost,3812,2006-10-28 07:15:00,159,175.32
XGBoost,3812,2006-10-28 07:30:00,178,192.87
XGBoost,3812,2006-10-28 07:45:00,200,204.68
XGBoost,3812,2006-10-28 08:00:00,318,240.12
XGBoost,3812,2006-10-28 08:15:00,436,333.58
XGBoost,3812,2006-10-28 08:30:00,323,465.39
XGBoost,3812,2006-10-28 08:45:00,429,412.75
XGBoost,3812,2006-10-28 09:00:00,721,474.97
XGBoost,3812,2006-10-28 09:15:00,666,534.38
XGBoost,3812,2006-10-28 09:30:00,415,638.26
XGBoost,3812,2006-10-28 09:45:00,471,478.89
XGBoost,3812,2006-10-28 10:00:00,484,652.43
XGBoost,3812,2006-10-28 10:15:00,508,574.09
XGBoost,3812,2006-10-28 10:30:00,504,484.87
XGBoost,3812,2006-10-28 10:45:00,523,545.18
XGBoost,3812,2006-10-28 11:00:00,677,557.77
XGBoost,3812,2006-10-28 11:15:00,756,607.77
XGBoost,3812,2006-10-28 11:30:00,582,654.47
XGBoost,3812,2006-10-28 11:45:00,616,614.42
XGBoost,3812,2006-10-28 12:00:00,528,606.35
XGBoost,3812,2006-10-28 12:15:00,718,564.24
XGBoost,3812,2006-10-28 12:30:00,771,653.22
XGBoost,3812,2006-10-28 12:45:00,554,749.0
XGBoost,3812,2006-10-28 13:00:00,743,658.53
XGBoost,3812,2006-10-28 13:15:00,527,643.03
XGBoost,3812,2006-10-28 13:30:00,523,608.89
XGBoost,3812,2006-10-28 13:45:00,509,536.16
XGBoost,3812,2006-10-28 14:00:00,615,561.09
XGBoost,3812,2006-10-28 14:15:00,473,565.25
XGBoost,3812,2006-10-28 14:30:00,496,535.03
XGBoost,3812,2006-10-28 14:45:00,740,512.13
XGBoost,3812,2006-10-28 15:00:00,890,618.27
XGBoost,3812,2006-10-28 15:15:00,478,692.31
XGBoost,3812,2006-10-28 15:30:00,464,597.62
XGBoost,3812,2006-10-28 15:45:00,750,620.87
XGBoost,3812,2006-10-28 16:00:00,928,725.24
XGBoost,3812,2006-10-28 16:15:00,451,685.75
XGBoost,3812,2006-10-28 16:30:00,652,789.8
XGBoost,3812,2006-10-28 16:45:00,499,646.91
XGBoost,3812,2006-10-28 17:00:00,465,672.76
XGBoost,3812,2006-10-28 17:15:00,485,575.97
XGBoost,3812,2006-10-28 17:30:00,611,572.85
XGBoost,3812,2006-10-28 17:45:00,624,536.48
XGBoost,3812,2006-10-28 18:00:00,583,552.19
XGBoost,3812,2006-10-28 18:15:00,819,574.07
XGBoost,3812,2006-10-28 18:30:00,715,711.41
XGBoost,3812,2006-10-28 18:45:00,411,620.03
XGBoost,3812,2006-10-28 19:00:00,501,413.72
XGBoost,3812,2006-10-28 19:15:00,333,494.32
XGBoost,3812,2006-10-28 19:30:00,326,422.37
XGBoost,3812,2006-10-28 19:45:00,264,274.7
XGBoost,3812,2006-10-28 20:00:00,201,279.33
XGBoost,3812,2006-10-28 20:15:00,276,221.6
XGBoost,3812,2006-10-28 20:30:00,205,252.26
XGBoost,3812,2006-10-28 20:45:00,231,202.56
XGBoost,3812,2006-10-28 21:00:00,226,217.68
XGBoost,3812,2006-10-28 21:15:00,200,214.81
XGBoost,3812,2006-10-28 21:30:00,214,204.12
XGBoost,3812,2006-10-28 21:45:00,174,202.58
XGBoost,3812,2006-10-28 22:00:00,235,213.85
XGBoost,3812,2006-10-28 22:15:00,286,205.1
XGBoost,3812,2006-10-28 22:30:00,198,238.16
XGBoost,3812,2006-10-28 22:45:00,191,211.24
XGBoost,3812,2006-10-28 23:00:00,223,216.98
XGBoost,3812,2006-10-28 23:15:00,163,198.55
XGBoost,3812,2006-10-28 23:30:00,182,163.04
XGBoost,3812,2006-10-28 23:45:00,141,156.85
XGBoost,3812,2006-10-29 00:00:00,305,141.25
XGBoost,3812,2006-10-29 00:15:00,138,183.99
XGBoost,3812,2006-10-29 00:30:00,187,170.46
XGBoost,3812,2006-10-29 00:45:00,227,163.25
XGBoost,3812,2006-10-29 01:00:00,202,180.07
XGBoost,3812,2006-10-29 01:15:00,80,177.33
XGBoost,3812,2006-10-29 01:30:00,104,105.3
XGBoost,3812,2006-10-29 01:45:00,0,88.39
XGBoost,3812,2006-10-29 02:00:00,0,51.28
XGBoost,3812,2006-10-29 02:15:00,0,22.16
XGBoost,3812,2006-10-29 02:30:00,0,22.42
XGBoost,3812,2006-10-29 02:45:00,71,18.36
XGBoost,3812,2006-10-29 03:00:00,113,53.63
XGBoost,3812,2006-10-29 03:15:00,58,100.56
XGBoost,3812,2006-10-29 03:30:00,80,60.35
XGBoost,3812,2006-10-29 03:45:00,54,80.46
XGBoost,3812,2006-10-29 04:00:00,122,72.99
XGBoost,3812,2006-10-29 04:15:00,31,118.45
XGBoost,3812,2006-10-29 04:30:00,41,59.8
XGBoost,3812,2006-10-29 04:45:00,40,35.83
XGBoost,3812,2006-10-29 05:00:00,43,47.9
XGBoost,3812,2006-10-29 05:15:00,25,45.28
XGBoost,3812,2006-10-29 05:30:00,32,37.97
XGBoost,3812,2006-10-29 05:45:00,57,43.58
XGBoost,3812,2006-10-29 06:00:00,47,60.79
XGBoost,3812,2006-10-29 06:15:00,62,62.26
XGBoost,3812,2006-10-29 06:30:00,61,74.08
XGBoost,3812,2006-10-29 06:45:00,99,78.16
XGBoost,3812,2006-10-29 07:00:00,107,97.92
XGBoost,3812,2006-10-29 07:15:00,63,110.97
XGBoost,3812,2006-10-29 07:30:00,164,86.66
XGBoost,3812,2006-10-29 07:45:00,120,149.14
XGBoost,3812,2006-10-29 08:00:00,137,147.93
XGBoost,3812,2006-10-29 08:15:00,157,168.91
XGBoost,3812,2006-10-29 08:30:00,151,181.42
XGBoost,3812,2006-10-29 08:45:00,232,182.77
XGBoost,3812,2006-10-29 09:00:00,288,243.31
XGBoost,3812,2006-10-29 09:15:00,201,311.42
XGBoost,3812,2006-10-29 09:30:00,382,247.47
XGBoost,3812,2006-10-29 09:45:00,419,357.85
XGBoost,3812,2006-10-29 10:00:00,366,420.58
XGBoost,3812,2006-10-29 10:15:00,593,388.77
XGBoost,3812,2006-10-29 10:30:00,630,493.76
XGBoost,3812,2006-10-29 10:45:00,358,583.28
XGBoost,3812,2006-10-29 11:00:00,361,474.71
XGBoost,3812,2006-10-29 11:15:00,621,449.94
XGBoost,3812,2006-10-29 11:30:00,482,553.04
XGBoost,3812,2006-10-29 11:45:00,435,535.44
XGBoost,3812,2006-10-29 12:00:00,563,470.79
XGBoost,3812,2006-10-29 12:15:00,479,579.15
XGBoost,3812,2006-10-29 12:30:00,631,539.37
XGBoost,3812,2006-10-29 12:45:00,496,544.18
XGBoost,3812,2006-10-29 13:00:00,391,556.43
XGBoost,3812,2006-10-29 13:15:00,464,431.6
XGBoost,3812,2006-10-29 13:30:00,554,498.82
XGBoost,3812,2006-10-29 13:45:00,436,506.51
XGBoost,3812,2006-10-29 14:00:00,575,488.14
XGBoost,3812,2006-10-29 14:15:00,748,510.06
XGBoost,3812,2006-10-29 14:30:00,734,594.57
XGBoost,3812,2006-10-29 14:45:00,681,616.23
XGBoost,3812,2006-10-29 15:00:00,416,671.07
XGBoost,3812,2006-10-29 15:15:00,393,520.43
XGBoost,3812,2006-10-29 15:30:00,426,532.1
XGBoost,3812,2006-10-29 15:45:00,454,604.47
XGBoost,3812,2006-10-29 16:00:00,844,523.55
XGBoost,3812,2006-10-29 16:15:00,685,514.7
XGBoost,3812,2006-10-29 16:30:00,391,590.65
XGBoost,3812,2006-10-29 16:45:00,600,481.13
XGBoost,3812,2006-10-29 17:00:00,533,516.38
XGBoost,3812,2006-10-29 17:15:00,428,537.13
XGBoost,3812,2006-10-29 17:30:00,535,469.4
XGBoost,3812,2006-10-29 17:45:00,467,531.58
XGBoost,3812,2006-10-29 18:00:00,505,461.0
XGBoost,3812,2006-10-29 18:15:00,345,491.9
XGBoost,3812,2006-10-29 18:30:00,313,426.51
XGBoost,3812,2006-10-29 18:45:00,285,305.94
XGBoost,3812,2006-10-29 19:00:00,371,291.55
XGBoost,3812,2006-10-29 19:15:00,326,286.17
XGBoost,3812,2006-10-29 19:30:00,300,297.42
XGBoost,3812,2006-10-29 19:45:00,195,254.43
XGBoost,3812,2006-10-29 20:00:00,176,217.81
XGBoost,3812,2006-10-29 20:15:00,279,181.48
XGBoost,3812,2006-10-29 20:30:00,373,217.46
XGBoost,3812,2006-10-29 20:45:00,182,270.7
XGBoost,3812,2006-10-29 21:00:00,182,200.0
XGBoost,3812,2006-10-29 21:15:00,154,172.04
XGBoost,3812,2006-10-29 21:30:00,152,172.03
XGBoost,3812,2006-10-29 21:45:00,139,148.3
XGBoost,3812,2006-10-29 22:00:00,138,132.64
XGBoost,3812,2006-10-29 22:15:00,161,127.18
XGBoost,3812,2006-10-29 22:30:00,122,140.42
XGBoost,3812,2006-10-29 22:45:00,133,123.69
XGBoost,3812,2006-10-29 23:00:00,181,112.1
XGBoost,3812,2006-10-29 23:15:00,80,140.33
XGBoost,3812,2006-10-29 23:30:00,100,95.8
XGBoost,3812,2006-10-29 23:45:00,66,84.5
XGBoost,3812,2006-10-30 00:00:00,73,66.26
XGBoost,3812,2006-10-30 00:15:00,34,55.09
XGBoost,3812,2006-10-30 00:30:00,78,38.89
XGBoost,3812,2006-10-30 00:45:00,39,53.15
XGBoost,3812,2006-10-30 01:00:00,28,41.08
XGBoost,3812,2006-10-30 01:15:00,19,27.37
XGBoost,3812,2006-10-30 01:30:00,23,21.31
XGBoost,3812,2006-10-30 01:45:00,17,16.89
XGBoost,3812,2006-10-30 02:00:00,11,15.79
XGBoost,3812,2006-10-30 02:15:00,10,12.17
XGBoost,3812,2006-10-30 02:30:00,11,10.4
XGBoost,3812,2006-10-30 02:45:00,5,12.74
XGBoost,3812,2006-10-30 03:00:00,15,15.02
XGBoost,3812,2006-10-30 03:15:00,7,13.05
XGBoost,3812,2006-10-30 03:30:00,22,13.61
XGBoost,3812,2006-10-30 03:45:00,7,16.06
XGBoost,3812,2006-10-30 04:00:00,25,27.09
XGBoost,3812,2006-10-30 04:15:00,23,24.16
XGBoost,3812,2006-10-30 04:30:00,21,29.96
XGBoost,3812,2006-10-30 04:45:00,42,26.61
XGBoost,3812,2006-10-30 05:00:00,60,49.49
XGBoost,3812,2006-10-30 05:15:00,37,65.13
XGBoost,3812,2006-10-30 05:30:00,42,55.22
XGBoost,3812,2006-10-30 05:45:00,71,63.93
XGBoost,3812,2006-10-30 06:00:00,169,85.9
XGBoost,3812,2006-10-30 06:15:00,137,160.53
XGBoost,3812,2006-10-30 06:30:00,277,195.97
XGBoost,3812,2006-10-30 06:45:00,430,334.69
XGBoost,3812,2006-10-30 07:00:00,479,499.89
XGBoost,3812,2006-10-30 07:15:00,474,592.26
XGBoost,3812,2006-10-30 07:30:00,622,630.42
XGBoost,3812,2006-10-30 07:45:00,746,694.34
XGBoost,3812,2006-10-30 08:00:00,786,723.87
XGBoost,3812,2006-10-30 08:15:00,807,810.57
XGBoost,3812,2006-10-30 08:30:00,794,792.23
XGBoost,3812,2006-10-30 08:45:00,803,783.3
XGBoost,3812,2006-10-30 09:00:00,643,690.2
XGBoost,3812,2006-10-30 09:15:00,539,575.39
XGBoost,3812,2006-10-30 09:30:00,710,522.47
XGBoost,3812,2006-10-30 09:45:00,439,593.59
XGBoost,3812,2006-10-30 10:00:00,649,491.7
XGBoost,3812,2006-10-30 10:15:00,366,541.16
XGBoost,3812,2006-10-30 10:30:00,395,525.34
XGBoost,3812,2006-10-30 10:45:00,522,373.5
XGBoost,3812,2006-10-30 11:00:00,513,506.71
XGBoost,3812,2006-10-30 11:15:00,371,536.06
XGBoost,3812,2006-10-30 11:30:00,395,463.63
XGBoost,3812,2006-10-30 11:45:00,437,409.19
XGBoost,3812,2006-10-30 12:00:00,595,490.35
XGBoost,3812,2006-10-30 12:15:00,574,500.81
XGBoost,3812,2006-10-30 12:30:00,399,563.53
XGBoost,3812,2006-10-30 12:45:00,505,473.1
XGBoost,3812,2006-10-30 13:00:00,546,481.7
XGBoost,3812,2006-10-30 13:15:00,578,508.56
XGBoost,3812,2006-10-30 13:30:00,413,531.91
XGBoost,3812,2006-10-30 13:45:00,392,444.2
XGBoost,3812,2006-10-30 14:00:00,517,469.32
XGBoost,3812,2006-10-30 14:15:00,442,558.77
XGBoost,3812,2006-10-30 14:30:00,434,525.38
XGBoost,3812,2006-10-30 14:45:00,435,519.58
XGBoost,3812,2006-10-30 15:00:00,505,467.86
XGBoost,3812,2006-10-30 15:15:00,710,506.8
XGBoost,3812,2006-10-30 15:30:00,574,614.83
XGBoost,3812,2006-10-30 15:45:00,800,590.43
XGBoost,3812,2006-10-30 16:00:00,722,742.36
XGBoost,3812,2006-10-30 16:15:00,599,738.4
XGBoost,3812,2006-10-30 16:30:00,808,637.6
XGBoost,3812,2006-10-30 16:45:00,676,792.79
XGBoost,3812,2006-10-30 17:00:00,880,733.14
XGBoost,3812,2006-10-30 17:15:00,719,758.98
XGBoost,3812,2006-10-30 17:30:00,704,791.55
XGBoost,3812,2006-10-30 17:45:00,716,741.57
XGBoost,3812,2006-10-30 18:00:00,659,667.6
XGBoost,3812,2006-10-30 18:15:00,656,615.56
XGBoost,3812,2006-10-30 18:30:00,584,591.34
XGBoost,3812,2006-10-30 18:45:00,516,546.11
XGBoost,3812,2006-10-30 19:00:00,679,460.69
XGBoost,3812,2006-10-30 19:15:00,712,555.06
XGBoost,3812,2006-10-30 19:30:00,645,597.46
XGBoost,3812,2006-10-30 19:45:00,465,555.19
XGBoost,3812,2006-10-30 20:00:00,320,427.07
XGBoost,3812,2006-10-30 20:15:00,446,356.72
XGBoost,3812,2006-10-30 20:30:00,424,410.38
XGBoost,3812,2006-10-30 20:45:00,211,376.26
XGBoost,3812,2006-10-30 21:00:00,211,240.59
XGBoost,3812,2006-10-30 21:15:00,166,231.85
XGBoost,3812,2006-10-30 21:30:00,156,230.45
XGBoost,3812,2006-10-30 21:45:00,177,148.76
XGBoost,3812,2006-10-30 22:00:00,247,149.42
XGBoost,3812,2006-10-30 22:15:00,228,201.98
XGBoost,3812,2006-10-30 22:30:00,278,196.07
XGBoost,3812,2006-10-30 22:45:00,112,224.46
XGBoost,3812,2006-10-30 23:00:00,69,142.91
XGBoost,3812,2006-10-30 23:15:00,71,69.9
XGBoost,3812,2006-10-30 23:30:00,74,69.41
XGBoost,3812,2006-10-30 23:45:00,57,59.42
XGBoost,3812,2006-10-31 00:00:00,93,50.88
XGBoost,3812,2006-10-31 00:15:00,72,63.19
XGBoost,3812,2006-10-31 00:30:00,25,59.2
XGBoost,3812,2006-10-31 00:45:00,18,31.44
XGBoost,3812,2006-10-31 01:00:00,18,21.07
XGBoost,3812,2006-10-31 01:15:00,25,17.12
XGBoost,3812,2006-10-31 01:30:00,19,19.36
XGBoost,3812,2006-10-31 01:45:00,11,16.49
XGBoost,3812,2006-10-31 02:00:00,17,13.68
XGBoost,3812,2006-10-31 02:15:00,31,14.2
XGBoost,3812,2006-10-31 02:30:00,7,20.57
XGBoost,3812,2006-10-31 02:45:00,10,15.59
XGBoost,3812,2006-10-31 03:00:00,9,12.73
XGBoost,3812,2006-10-31 03:15:00,19,11.47
XGBoost,3812,2006-10-31 03:30:00,16,14.9
XGBoost,3812,2006-10-31 03:45:00,14,12.65
XGBoost,3812,2006-10-31 04:00:00,12,19.82
XGBoost,3812,2006-10-31 04:15:00,14,18.76
XGBoost,3812,2006-10-31 04:30:00,15,17.42
XGBoost,3812,2006-10-31 04:45:00,38,21.64
XGBoost,3812,2006-10-31 05:00:00,56,53.34
XGBoost,3812,2006-10-31 05:15:00,30,63.33
XGBoost,3812,2006-10-31 05:30:00,82,49.98
XGBoost,3812,2006-10-31 05:45:00,116,94.61
XGBoost,3812,2006-10-31 06:00:00,133,170.35
XGBoost,3812,2006-10-31 06:15:00,241,174.24
XGBoost,3812,2006-10-31 06:30:00,266,315.85
XGBoost,3812,2006-10-31 06:45:00,305,402.07
XGBoost,3812,2006-10-31 07:00:00,475,442.9
XGBoost,3812,2006-10-31 07:15:00,644,499.89
XGBoost,3812,2006-10-31 07:30:00,712,677.79
XGBoost,3812,2006-10-31 07:45:00,744,794.52
XGBoost,3812,2006-10-31 08:00:00,992,780.56
XGBoost,3812,2006-10-31 08:15:00,813,868.62
XGBoost,3812,2006-10-31 08:30:00,748,871.61
XGBoost,3812,2006-10-31 08:45:00,830,794.21
XGBoost,3812,2006-10-31 09:00:00,855,691.67
XGBoost,3812,2006-10-31 09:15:00,542,721.12
XGBoost,3812,2006-10-31 09:30:00,671,595.56
XGBoost,3812,2006-10-31 09:45:00,636,560.93
XGBoost,3812,2006-10-31 10:00:00,512,655.52
XGBoost,3812,2006-10-31 10:15:00,398,492.75
XGBoost,3812,2006-10-31 10:30:00,542,442.12
XGBoost,3812,2006-10-31 10:45:00,439,501.95
XGBoost,3812,2006-10-31 11:00:00,429,511.55
XGBoost,3812,2006-10-31 11:15:00,406,427.55
XGBoost,3812,2006-10-31 11:30:00,509,420.59
XGBoost,3812,2006-10-31 11:45:00,416,467.61
XGBoost,3812,2006-10-31 12:00:00,586,499.69
XGBoost,3812,2006-10-31 12:15:00,398,521.8
XGBoost,3812,2006-10-31 12:30:00,563,449.04
XGBoost,3812,2006-10-31 12:45:00,431,490.42
XGBoost,3812,2006-10-31 13:00:00,718,515.8
XGBoost,3812,2006-10-31 13:15:00,412,481.99
XGBoost,3812,2006-10-31 13:30:00,418,466.97
XGBoost,3812,2006-10-31 13:45:00,635,400.16
XGBoost,3812,2006-10-31 14:00:00,679,565.22
XGBoost,3812,2006-10-31 14:15:00,444,551.54
XGBoost,3812,2006-10-31 14:30:00,445,489.77
XGBoost,3812,2006-10-31 14:45:00,490,483.78
XGBoost,3812,2006-10-31 15:00:00,500,576.88
XGBoost,3812,2006-10-31 15:15:00,567,564.57
XGBoost,3812,2006-10-31 15:30:00,572,569.57
XGBoost,3812,2006-10-31 15:45:00,600,652.34
XGBoost,3812,2006-10-31 16:00:00,702,650.53
XGBoost,3812,2006-10-31 16:15:00,586,651.1
XGBoost,3812,2006-10-31 16:30:00,802,689.5
XGBoost,3812,2006-10-31 16:45:00,604,735.34
XGBoost,3812,2006-10-31 17:00:00,933,767.83
XGBoost,3812,2006-10-31 17:15:00,1096,812.89
XGBoost,3812,2006-10-31 17:30:00,657,1019.97
XGBoost,3812,2006-10-31 17:45:00,720,712.36
XGBoost,3812,2006-10-31 18:00:00,711,710.12
XGBoost,3812,2006-10-31 18:15:00,797,714.27
XGBoost,3812,2006-10-31 18:30:00,588,675.35
XGBoost,3812,2006-10-31 18:45:00,702,568.9
XGBoost,3812,2006-10-31 19:00:00,452,646.48
XGBoost,3812,2006-10-31 19:15:00,434,569.27
XGBoost,3812,2006-10-31 19:30:00,449,493.55
XGBoost,3812,2006-10-31 19:45:00,529,440.9
XGBoost,3812,2006-10-31 20:00:00,369,432.63
XGBoost,3812,2006-10-31 20:15:00,264,398.22
XGBoost,3812,2006-10-31 20:30:00,474,343.27
XGBoost,3812,2006-10-31 20:45:00,218,371.49
XGBoost,3812,2006-10-31 21:00:00,415,266.12
XGBoost,3812,2006-10-31 21:15:00,206,274.43
XGBoost,3812,2006-10-31 21:30:00,259,240.89
XGBoost,3812,2006-10-31 21:45:00,256,228.16
XGBoost,3812,2006-10-31 22:00:00,169,248.77
XGBoost,3812,2006-10-31 22:15:00,174,191.99
XGBoost,3812,2006-10-31 22:30:00,166,201.59
XGBoost,3812,2006-10-31 22:45:00,132,147.94
XGBoost,3812,2006-10-31 23:00:00,140,117.6
XGBoost,3812,2006-10-31 23:15:00,103,109.58
XGBoost,3812,2006-10-31 23:30:00,79,91.65
XGBoost,3812,2006-10-31 23:45:00,59,71.01
XGBoost,4030,2006-10-27 12:00:00,356,371.5
XGBoost,4030,2006-10-27 12:15:00,353,343.94
XGBoost,4030,2006-10-27 12:30:00,448,366.43
XGBoost,4030,2006-10-27 12:45:00,373,411.9
XGBoost,4030,2006-10-27 13:00:00,433,398.99
XGBoost,4030,2006-10-27 13:15:00,332,401.63
XGBoost,4030,2006-10-27 13:30:00,379,371.71
XGBoost,4030,2006-10-27 13:45:00,391,370.5
XGBoost,4030,2006-10-27 14:00:00,371,389.8
XGBoost,4030,2006-10-27 14:15:00,358,385.37
XGBoost,4030,2006-10-27 14:30:00,399,379.64
XGBoost,4030,2006-10-27 14:45:00,367,388.2
XGBoost,4030,2006-10-27 15:00:00,465,410.19
XGBoost,4030,2006-10-27 15:15:00,453,464.08
XGBoost,4030,2006-10-27 15:30:00,438,505.91
XGBoost,4030,2006-10-27 15:45:00,405,483.05
XGBoost,4030,2006-10-27 16:00:00,532,446.21
XGBoost,4030,2006-10-27 16:15:00,495,486.29
XGBoost,4030,2006-10-27 16:30:00,541,498.08
XGBoost,4030,2006-10-27 16:45:00,520,501.91
XGBoost,4030,2006-10-27 17:00:00,521,544.63
XGBoost,4030,2006-10-27 17:15:00,541,537.12
XGBoost,4030,2006-10-27 17:30:00,570,538.9
XGBoost,4030,2006-10-27 17:45:00,484,555.04
XGBoost,4030,2006-10-27 18:00:00,605,495.55
XGBoost,4030,2006-10-27 18:15:00,525,505.49
XGBoost,4030,2006-10-27 18:30:00,483,499.36
XGBoost,4030,2006-10-27 18:45:00,422,448.81
XGBoost,4030,2006-10-27 19:00:00,381,393.01
XGBoost,4030,2006-10-27 19:15:00,343,365.51
XGBoost,4030,2006-10-27 19:30:00,321,330.77
XGBoost,4030,2006-10-27 19:45:00,343,291.74
XGBoost,4030,2006-10-27 20:00:00,272,299.15
XGBoost,4030,2006-10-27 20:15:00,314,269.71
XGBoost,4030,2006-10-27 20:30:00,252,275.89
XGBoost,4030,2006-10-27 20:45:00,243,269.28
XGBoost,4030,2006-10-27 21:00:00,235,240.09
XGBoost,4030,2006-10-27 21:15:00,294,238.22
XGBoost,4030,2006-10-27 21:30:00,255,261.52
XGBoost,4030,2006-10-27 21:45:00,267,243.81
XGBoost,4030,2006-10-27 22:00:00,244,256.76
XGBoost,4030,2006-10-27 22:15:00,239,239.9
XGBoost,4030,2006-10-27 22:30:00,179,222.96
XGBoost,4030,2006-10-27 22:45:00,241,193.72
XGBoost,4030,2006-10-27 23:00:00,235,203.41
XGBoost,4030,2006-10-27 23:15:00,222,203.96
XGBoost,4030,2006-10-27 23:30:00,162,197.56
XGBoost,4030,2006-10-27 23:45:00,122,156.09
XGBoost,4030,2006-10-28 00:00:00,164,117.05
XGBoost,4030,2006-10-28 00:15:00,158,139.08
XGBoost,4030,2006-10-28 00:30:00,107,137.2
XGBoost,4030,2006-10-28 00:45:00,112,104.0
XGBoost,4030,2006-10-28 01:00:00,79,96.33
XGBoost,4030,2006-10-28 01:15:00,74,76.27
XGBoost,4030,2006-10-28 01:30:00,82,65.16
XGBoost,4030,2006-10-28 01:45:00,70,68.38
XGBoost,4030,2006-10-28 02:00:00,64,66.6
XGBoost,4030,2006-10-28 02:15:00,54,58.45
XGBoost,4030,2006-10-28 02:30:00,72,52.29
XGBoost,4030,2006-10-28 02:45:00,39,57.54
XGBoost,4030,2006-10-28 03:00:00,41,44.75
XGBoost,4030,2006-10-28 03:15:00,46,38.01
XGBoost,4030,2006-10-28 03:30:00,52,39.09
XGBoost,4030,2006-10-28 03:45:00,27,41.06
XGBoost,4030,2006-10-28 04:00:00,37,32.86
XGBoost,4030,2006-10-28 04:15:00,35,32.39
XGBoost,4030,2006-10-28 04:30:00,28,34.14
XGBoost,4030,2006-10-28 04:45:00,41,31.65
XGBoost,4030,2006-10-28 05:00:00,30,47.34
XGBoost,4030,2006-10-28 05:15:00,57,38.7
XGBoost,4030,2006-10-28 05:30:00,71,65.28
XGBoost,4030,2006-10-28 05:45:00,81,84.63
XGBoost,4030,2006-10-28 06:00:00,60,95.86
XGBoost,4030,2006-10-28 06:15:00,75,85.19
XGBoost,4030,2006-10-28 06:30:00,115,96.45
XGBoost,4030,2006-10-28 06:45:00,118,136.16
XGBoost,4030,2006-10-28 07:00:00,92,136.81
XGBoost,4030,2006-10-28 07:15:00,138,108.62
XGBoost,4030,2006-10-28 07:30:00,150,160.6
XGBoost,4030,2006-10-28 07:45:00,176,177.01
XGBoost,4030,2006-10-28 08:00:00,146,193.6
XGBoost,4030,2006-10-28 08:15:00,250,192.71
XGBoost,4030,2006-10-28 08:30:00,291,248.78
XGBoost,4030,2006-10-28 08:45:00,251,312.06
XGBoost,4030,2006-10-28 09:00:00,278,274.57
XGBoost,4030,2006-10-28 09:15:00,287,298.57
XGBoost,4030,2006-10-28 09:30:00,301,313.73
XGBoost,4030,2006-10-28 09:45:00,359,305.2
XGBoost,4030,2006-10-28 10:00:00,354,348.86
XGBoost,4030,2006-10-28 10:15:00,323,346.52
XGBoost,4030,2006-10-28 10:30:00,411,320.41
XGBoost,4030,2006-10-28 10:45:00,403,365.84
XGBoost,4030,2006-10-28 11:00:00,424,401.4
XGBoost,4030,2006-10-28 11:15:00,414,413.16
XGBoost,4030,2006-10-28 11:30:00,400,418.33
XGBoost,4030,2006-10-28 11:45:00,451,410.11
XGBoost,4030,2006-10-28 12:00:00,473,433.34
XGBoost,4030,2006-10-28 12:15:00,470,456.56
XGBoost,4030,2006-10-28 12:30:00,482,475.29
XGBoost,4030,2006-10-28 12:45:00,495,475.15
XGBoost,4030,2006-10-28 13:00:00,475,475.4
XGBoost,4030,2006-10-28 13:15:00,424,466.14
XGBoost,4030,2006-10-28 13:30:00,444,429.19
XGBoost,4030,2006-10-28 13:45:00,450,431.99
XGBoost,4030,2006-10-28 14:00:00,430,434.47
XGBoost,4030,2006-10-28 14:15:00,503,419.1
XGBoost,4030,2006-10-28 14:30:00,381,464.91
XGBoost,4030,2006-10-28 14:45:00,394,434.57
XGBoost,4030,2006-10-28 15:00:00,478,396.57
XGBoost,4030,2006-10-28 15:15:00,438,457.69
XGBoost,4030,2006-10-28 15:30:00,434,439.25
XGBoost,4030,2006-10-28 15:45:00,476,417.33
XGBoost,4030,2006-10-28 16:00:00,476,473.59
XGBoost,4030,2006-10-28 16:15:00,444,470.21
XGBoost,4030,2006-10-28 16:30:00,435,464.64
XGBoost,4030,2006-10-28 16:45:00,427,450.24
XGBoost,4030,2006-10-28 17:00:00,447,452.62
XGBoost,4030,2006-10-28 17:15:00,473,468.26
XGBoost,4030,2006-10-28 17:30:00,433,479.47
XGBoost,4030,2006-10-28 17:45:00,382,444.97
XGBoost,4030,2006-10-28 18:00:00,430,398.89
XGBoost,4030,2006-10-28 18:15:00,349,401.79
XGBoost,4030,2006-10-28 18:30:00,358,349.03
XGBoost,4030,2006-10-28 18:45:00,309,341.02
XGBoost,4030,2006-10-28 19:00:00,301,303.36
XGBoost,4030,2006-10-28 19:15:00,268,276.31
XGBoost,4030,2006-10-28 19:30:00,276,253.69
XGBoost,4030,2006-10-28 19:45:00,236,255.06
XGBoost,4030,2006-10-28 20:00:00,251,233.06
XGBoost,4030,2006-10-28 20:15:00,206,236.73
XGBoost,4030,2006-10-28 20:30:00,178,210.33
XGBoost,4030,2006-10-28 20:45:00,192,183.55
XGBoost,4030,2006-10-28 21:00:00,173,190.06
XGBoost,4030,2006-10-28 21:15:00,190,191.41
XGBoost,4030,2006-10-28 21:30:00,182,192.12
XGBoost,4030,2006-10-28 21:45:00,192,185.75
XGBoost,4030,2006-10-28 22:00:00,259,196.19
XGBoost,4030,2006-10-28 22:15:00,197,227.43
XGBoost,4030,2006-10-28 22:30:00,246,204.39
XGBoost,4030,2006-10-28 22:45:00,197,228.76
XGBoost,4030,2006-10-28 23:00:00,275,213.28
XGBoost,4030,2006-10-28 23:15:00,230,240.72
XGBoost,4030,2006-10-28 23:30:00,202,216.28
XGBoost,4030,2006-10-28 23:45:00,197,190.1
XGBoost,4030,2006-10-29 00:00:00,199,182.5
XGBoost,4030,2006-10-29 00:15:00,236,181.06
XGBoost,4030,2006-10-29 00:30:00,167,177.47
XGBoost,4030,2006-10-29 00:45:00,174,163.47
XGBoost,4030,2006-10-29 01:00:00,129,147.53
XGBoost,4030,2006-10-29 01:15:00,115,121.04
XGBoost,4030,2006-10-29 01:30:00,90,103.68
XGBoost,4030,2006-10-29 01:45:00,59,84.73
XGBoost,4030,2006-10-29 02:00:00,52,65.04
XGBoost,4030,2006-10-29 02:15:00,52,51.58
XGBoost,4030,2006-10-29 02:30:00,48,49.36
XGBoost,4030,2006-10-29 02:45:00,101,44.22
XGBoost,4030,2006-10-29 03:00:00,67,80.65
XGBoost,4030,2006-10-29 03:15:00,62,67.95
XGBoost,4030,2006-10-29 03:30:00,60,59.28
XGBoost,4030,2006-10-29 03:45:00,59,50.55
XGBoost,4030,2006-10-29 04:00:00,53,53.28
XGBoost,4030,2006-10-29 04:15:00,57,51.37
XGBoost,4030,2006-10-29 04:30:00,38,51.74
XGBoost,4030,2006-10-29 04:45:00,33,46.23
XGBoost,4030,2006-10-29 05:00:00,46,42.31
XGBoost,4030,2006-10-29 05:15:00,44,54.05
XGBoost,4030,2006-10-29 05:30:00,44,54.12
XGBoost,4030,2006-10-29 05:45:00,49,55.27
XGBoost,4030,2006-10-29 06:00:00,30,57.98
XGBoost,4030,2006-10-29 06:15:00,52,44.94
XGBoost,4030,2006-10-29 06:30:00,57,64.61
XGBoost,4030,2006-10-29 06:45:00,61,72.35
XGBoost,4030,2006-10-29 07:00:00,106,68.25
XGBoost,4030,2006-10-29 07:15:00,86,97.57
XGBoost,4030,2006-10-29 07:30:00,79,100.11
XGBoost,4030,2006-10-29 07:45:00,90,93.54
XGBoost,4030,2006-10-29 08:00:00,100,101.84
XGBoost,4030,2006-10-29 08:15:00,112,112.68
XGBoost,4030,2006-10-29 08:30:00,155,128.04
XGBoost,4030,2006-10-29 08:45:00,183,165.46
XGBoost,4030,2006-10-29 09:00:00,165,190.55
XGBoost,4030,2006-10-29 09:15:00,160,192.24
XGBoost,4030,2006-10-29 09:30:00,224,184.53
XGBoost,4030,2006-10-29 09:45:00,224,229.56
XGBoost,4030,2006-10-29 10:00:00,231,248.52
XGBoost,4030,2006-10-29 10:15:00,239,247.06
XGBoost,4030,2006-10-29 10:30:00,255,260.27
XGBoost,4030,2006-10-29 10:45:00,264,269.08
XGBoost,4030,2006-10-29 11:00:00,247,284.2
XGBoost,4030,2006-10-29 11:15:00,354,270.4
XGBoost,4030,2006-10-29 11:30:00,281,338.1
XGBoost,4030,2006-10-29 11:45:00,304,320.7
XGBoost,4030,2006-10-29 12:00:00,354,328.6
XGBoost,4030,2006-10-29 12:15:00,357,355.32
XGBoost,4030,2006-10-29 12:30:00,354,364.66
XGBoost,4030,2006-10-29 12:45:00,392,365.08
XGBoost,4030,2006-10-29 13:00:00,392,375.94
XGBoost,4030,2006-10-29 13:15:00,374,377.12
XGBoost,4030,2006-10-29 13:30:00,387,373.91
XGBoost,4030,2006-10-29 13:45:00,323,377.53
XGBoost,4030,2006-10-29 14:00:00,334,345.94
XGBoost,4030,2006-10-29 14:15:00,374,343.77
XGBoost,4030,2006-10-29 14:30:00,370,357.64
XGBoost,4030,2006-10-29 14:45:00,416,363.39
XGBoost,4030,2006-10-29 15:00:00,391,408.23
XGBoost,4030,2006-10-29 15:15:00,363,393.42
XGBoost,4030,2006-10-29 15:30:00,433,371.93
XGBoost,4030,2006-10-29 15:45:00,413,418.79
XGBoost,4030,2006-10-29 16:00:00,384,423.16
XGBoost,4030,2006-10-29 16:15:00,421,389.01
XGBoost,4030,2006-10-29 16:30:00,432,397.61
XGBoost,4030,2006-10-29 16:45:00,388,412.61
XGBoost,4030,2006-10-29 17:00:00,432,402.51
XGBoost,4030,2006-10-29 17:15:00,459,421.96
XGBoost,4030,2006-10-29 17:30:00,437,432.01
XGBoost,4030,2006-10-29 17:45:00,435,414.31
XGBoost,4030,2006-10-29 18:00:00,375,384.13
XGBoost,4030,2006-10-29 18:15:00,409,350.69
XGBoost,4030,2006-10-29 18:30:00,303,358.63
XGBoost,4030,2006-10-29 18:45:00,316,296.48
XGBoost,4030,2006-10-29 19:00:00,295,271.51
XGBoost,4030,2006-10-29 19:15:00,275,254.66
XGBoost,4030,2006-10-29 19:30:00,218,249.35
XGBoost,4030,2006-10-29 19:45:00,221,199.37
XGBoost,4030,2006-10-29 20:00:00,217,205.04
XGBoost,4030,2006-10-29 20:15:00,191,201.97
XGBoost,4030,2006-10-29 20:30:00,187,180.55
XGBoost,4030,2006-10-29 20:45:00,184,177.2
XGBoost,4030,2006-10-29 21:00:00,192,173.21
XGBoost,4030,2006-10-29 21:15:00,189,179.33
XGBoost,4030,2006-10-29 21:30:00,173,177.4
XGBoost,4030,2006-10-29 21:45:00,165,171.44
XGBoost,4030,2006-10-29 22:00:00,162,156.37
XGBoost,4030,2006-10-29 22:15:00,141,148.76
XGBoost,4030,2006-10-29 22:30:00,126,132.79
XGBoost,4030,2006-10-29 22:45:00,134,119.93
XGBoost,4030,2006-10-29 23:00:00,124,113.61
XGBoost,4030,2006-10-29 23:15:00,94,108.32
XGBoost,4030,2006-10-29 23:30:00,90,85.86
XGBoost,4030,2006-10-29 23:45:00,73,76.98
XGBoost,4030,2006-10-30 00:00:00,134,63.28
XGBoost,4030,2006-10-30 00:15:00,53,102.49
XGBoost,4030,2006-10-30 00:30:00,60,70.27
XGBoost,4030,2006-10-30 00:45:00,41,48.88
XGBoost,4030,2006-10-30 01:00:00,26,38.92
XGBoost,4030,2006-10-30 01:15:00,35,27.39
XGBoost,4030,2006-10-30 01:30:00,37,28.42
XGBoost,4030,2006-10-30 01:45:00,22,29.08
XGBoost,4030,2006-10-30 02:00:00,24,23.09
XGBoost,4030,2006-10-30 02:15:00,18,22.08
XGBoost,4030,2006-10-30 02:30:00,16,19.72
XGBoost,4030,2006-10-30 02:45:00,20,17.44
XGBoost,4030,2006-10-30 03:00:00,8,19.55
XGBoost,4030,2006-10-30 03:15:00,12,15.38
XGBoost,4030,2006-10-30 03:30:00,13,14.03
XGBoost,4030,2006-10-30 03:45:00,8,13.67
XGBoost,4030,2006-10-30 04:00:00,12,21.38
XGBoost,4030,2006-10-30 04:15:00,24,22.45
XGBoost,4030,2006-10-30 04:30:00,32,25.48
XGBoost,4030,2006-10-30 04:45:00,26,35.02
XGBoost,4030,2006-10-30 05:00:00,39,39.16
XGBoost,4030,2006-10-30 05:15:00,31,49.86
XGBoost,4030,2006-10-30 05:30:00,57,46.95
XGBoost,4030,2006-10-30 05:45:00,40,66.2
XGBoost,4030,2006-10-30 06:00:00,106,60.05
XGBoost,4030,2006-10-30 06:15:00,113,120.38
XGBoost,4030,2006-10-30 06:30:00,204,169.18
XGBoost,4030,2006-10-30 06:45:00,215,256.35
XGBoost,4030,2006-10-30 07:00:00,286,303.16
XGBoost,4030,2006-10-30 07:15:00,285,358.47
XGBoost,4030,2006-10-30 07:30:00,261,375.35
XGBoost,4030,2006-10-30 07:45:00,371,368.63
XGBoost,4030,2006-10-30 08:00:00,369,333.42
XGBoost,4030,2006-10-30 08:15:00,409,352.18
XGBoost,4030,2006-10-30 08:30:00,373,371.0
XGBoost,4030,2006-10-30 08:45:00,386,357.77
XGBoost,4030,2006-10-30 09:00:00,347,335.81
XGBoost,4030,2006-10-30 09:15:00,326,320.84
XGBoost,4030,2006-10-30 09:30:00,315,302.47
XGBoost,4030,2006-10-30 09:45:00,294,296.38
XGBoost,4030,2006-10-30 10:00:00,337,285.33
XGBoost,4030,2006-10-30 10:15:00,338,310.69
XGBoost,4030,2006-10-30 10:30:00,410,312.08
XGBoost,4030,2006-10-30 10:45:00,361,354.79
XGBoost,4030,2006-10-30 11:00:00,384,352.45
XGBoost,4030,2006-10-30 11:15:00,341,379.17
XGBoost,4030,2006-10-30 11:30:00,339,335.94
XGBoost,4030,2006-10-30 11:45:00,347,335.04
XGBoost,4030,2006-10-30 12:00:00,307,353.71
XGBoost,4030,2006-10-30 12:15:00,368,335.47
XGBoost,4030,2006-10-30 12:30:00,431,355.07
XGBoost,4030,2006-10-30 12:45:00,306,403.62
XGBoost,4030,2006-10-30 13:00:00,357,360.19
XGBoost,4030,2006-10-30 13:15:00,317,349.89
XGBoost,4030,2006-10-30 13:30:00,414,344.99
XGBoost,4030,2006-10-30 13:45:00,442,371.36
XGBoost,4030,2006-10-30 14:00:00,461,436.27
XGBoost,4030,2006-10-30 14:15:00,427,457.91
XGBoost,4030,2006-10-30 14:30:00,354,441.81
XGBoost,4030,2006-10-30 14:45:00,456,403.8
XGBoost,4030,2006-10-30 15:00:00,396,456.39
XGBoost,4030,2006-10-30 15:15:00,429,437.16
XGBoost,4030,2006-10-30 15:30:00,490,454.88
XGBoost,4030,2006-10-30 15:45:00,456,494.65
XGBoost,4030,2006-10-30 16:00:00,449,472.22
XGBoost,4030,2006-10-30 16:15:00,509,468.52
XGBoost,4030,2006-10-30 16:30:00,496,493.54
XGBoost,4030,2006-10-30 16:45:00,500,497.17
XGBoost,4030,2006-10-30 17:00:00,551,509.05
XGBoost,4030,2006-10-30 17:15:00,603,554.83
XGBoost,4030,2006-10-30 17:30:00,525,602.59
XGBoost,4030,2006-10-30 17:45:00,559,562.64
XGBoost,4030,2006-10-30 18:00:00,576,495.3
XGBoost,4030,2006-10-30 18:15:00,533,529.51
XGBoost,4030,2006-10-30 18:30:00,508,500.01
XGBoost,4030,2006-10-30 18:45:00,437,470.98
XGBoost,4030,2006-10-30 19:00:00,408,396.85
XGBoost,4030,2006-10-30 19:15:00,336,363.99
XGBoost,4030,2006-10-30 19:30:00,285,296.19
XGBoost,4030,2006-10-30 19:45:00,281,255.95
XGBoost,4030,2006-10-30 20:00:00,251,256.83
XGBoost,4030,2006-10-30 20:15:00,256,234.11
XGBoost,4030,2006-10-30 20:30:00,227,228.36
XGBoost,4030,2006-10-30 20:45:00,276,212.4
XGBoost,4030,2006-10-30 21:00:00,220,242.88
XGBoost,4030,2006-10-30 21:15:00,212,215.76
XGBoost,4030,2006-10-30 21:30:00,175,199.19
XGBoost,4030,2006-10-30 21:45:00,230,176.89
XGBoost,4030,2006-10-30 22:00:00,229,189.02
XGBoost,4030,2006-10-30 22:15:00,192,194.82
XGBoost,4030,2006-10-30 22:30:00,161,170.16
XGBoost,4030,2006-10-30 22:45:00,142,147.22
XGBoost,4030,2006-10-30 23:00:00,123,121.15
XGBoost,4030,2006-10-30 23:15:00,118,102.34
XGBoost,4030,2006-10-30 23:30:00,86,94.39
XGBoost,4030,2006-10-30 23:45:00,71,72.56
XGBoost,4030,2006-10-31 00:00:00,75,63.59
XGBoost,4030,2006-10-31 00:15:00,85,54.94
XGBoost,4030,2006-10-31 00:30:00,51,64.08
XGBoost,4030,2006-10-31 00:45:00,74,46.75
XGBoost,4030,2006-10-31 01:00:00,37,48.61
XGBoost,4030,2006-10-31 01:15:00,15,37.13
XGBoost,4030,2006-10-31 01:30:00,22,21.5
XGBoost,4030,2006-10-31 01:45:00,12,18.26
XGBoost,4030,2006-10-31 02:00:00,19,18.11
XGBoost,4030,2006-10-31 02:15:00,19,15.22
XGBoost,4030,2006-10-31 02:30:00,19,16.34
XGBoost,4030,2006-10-31 02:45:00,15,16.34
XGBoost,4030,2006-10-31 03:00:00,25,14.75
XGBoost,4030,2006-10-31 03:15:00,28,18.76
XGBoost,4030,2006-10-31 03:30:00,22,23.22
XGBoost,4030,2006-10-31 03:45:00,11,21.22
XGBoost,4030,2006-10-31 04:00:00,19,20.04
XGBoost,4030,2006-10-31 04:15:00,40,23.22
XGBoost,4030,2006-10-31 04:30:00,24,40.16
XGBoost,4030,2006-10-31 04:45:00,24,31.55
XGBoost,4030,2006-10-31 05:00:00,30,35.54
XGBoost,4030,2006-10-31 05:15:00,27,37.79
XGBoost,4030,2006-10-31 05:30:00,61,41.52
XGBoost,4030,2006-10-31 05:45:00,105,66.48
XGBoost,4030,2006-10-31 06:00:00,101,134.84
XGBoost,4030,2006-10-31 06:15:00,149,147.89
XGBoost,4030,2006-10-31 06:30:00,186,211.77
XGBoost,4030,2006-10-31 06:45:00,216,265.0
XGBoost,4030,2006-10-31 07:00:00,312,289.61
XGBoost,4030,2006-10-31 07:15:00,313,356.76
XGBoost,4030,2006-10-31 07:30:00,361,368.47
XGBoost,4030,2006-10-31 07:45:00,338,378.44
XGBoost,4030,2006-10-31 08:00:00,356,364.16
XGBoost,4030,2006-10-31 08:15:00,391,370.16
XGBoost,4030,2006-10-31 08:30:00,401,381.04
XGBoost,4030,2006-10-31 08:45:00,369,392.88
XGBoost,4030,2006-10-31 09:00:00,341,362.38
XGBoost,4030,2006-10-31 09:15:00,331,338.29
XGBoost,4030,2006-10-31 09:30:00,304,319.34
XGBoost,4030,2006-10-31 09:45:00,339,307.91
XGBoost,4030,2006-10-31 10:00:00,376,334.45
XGBoost,4030,2006-10-31 10:15:00,326,355.47
XGBoost,4030,2006-10-31 10:30:00,317,351.79
XGBoost,4030,2006-10-31 10:45:00,362,333.53
XGBoost,4030,2006-10-31 11:00:00,326,359.87
XGBoost,4030,2006-10-31 11:15:00,365,342.26
XGBoost,4030,2006-10-31 11:30:00,398,353.95
XGBoost,4030,2006-10-31 11:45:00,383,369.7
XGBoost,4030,2006-10-31 12:00:00,317,364.85
XGBoost,4030,2006-10-31 12:15:00,349,350.19
XGBoost,4030,2006-10-31 12:30:00,407,366.68
XGBoost,4030,2006-10-31 12:45:00,344,361.63
XGBoost,4030,2006-10-31 13:00:00,379,366.38
XGBoost,4030,2006-10-31 13:15:00,396,351.68
XGBoost,4030,2006-10-31 13:30:00,395,388.43
XGBoost,4030,2006-10-31 13:45:00,396,416.81
XGBoost,4030,2006-10-31 14:00:00,310,429.71
XGBoost,4030,2006-10-31 14:15:00,371,373.28
XGBoost,4030,2006-10-31 14:30:00,407,371.18
XGBoost,4030,2006-10-31 14:45:00,445,440.47
XGBoost,4030,2006-10-31 15:00:00,397,441.05
XGBoost,4030,2006-10-31 15:15:00,424,441.12
XGBoost,4030,2006-10-31 15:30:00,490,477.12
XGBoost,4030,2006-10-31 15:45:00,495,494.96
XGBoost,4030,2006-10-31 16:00:00,510,488.03
XGBoost,4030,2006-10-31 16:15:00,482,513.2
XGBoost,4030,2006-10-31 16:30:00,511,501.87
XGBoost,4030,2006-10-31 16:45:00,520,513.55
XGBoost,4030,2006-10-31 17:00:00,574,539.97
XGBoost,4030,2006-10-31 17:15:00,557,585.12
XGBoost,4030,2006-10-31 17:30:00,524,568.15
XGBoost,4030,2006-10-31 17:45:00,544,572.48
XGBoost,4030,2006-10-31 18:00:00,542,545.36
XGBoost,4030,2006-10-31 18:15:00,590,521.46
XGBoost,4030,2006-10-31 18:30:00,488,526.34
XGBoost,4030,2006-10-31 18:45:00,460,485.86
XGBoost,4030,2006-10-31 19:00:00,367,414.26
XGBoost,4030,2006-10-31 19:15:00,400,357.47
XGBoost,4030,2006-10-31 19:30:00,299,348.54
XGBoost,4030,2006-10-31 19:45:00,328,296.24
XGBoost,4030,2006-10-31 20:00:00,264,293.5
XGBoost,4030,2006-10-31 20:15:00,302,272.41
XGBoost,4030,2006-10-31 20:30:00,295,268.22
XGBoost,4030,2006-10-31 20:45:00,281,281.81
XGBoost,4030,2006-10-31 21:00:00,263,261.34
XGBoost,4030,2006-10-31 21:15:00,261,247.7
XGBoost,4030,2006-10-31 21:30:00,235,232.53
XGBoost,4030,2006-10-31 21:45:00,268,234.07
XGBoost,4030,2006-10-31 22:00:00,226,239.56
XGBoost,4030,2006-10-31 22:15:00,155,214.16
XGBoost,4030,2006-10-31 22:30:00,198,164.85
XGBoost,4030,2006-10-31 22:45:00,164,169.99
XGBoost,4030,2006-10-31 23:00:00,135,144.08
XGBoost,4030,2006-10-31 23:15:00,125,122.03
XGBoost,4030,2006-10-31 23:30:00,107,102.75
XGBoost,4030,2006-10-31 23:45:00,95,86.86
XGBoost,4032,2006-10-27 12:00:00,641,604.17
XGBoost,4032,2006-10-27 12:15:00,618,613.82
XGBoost,4032,2006-10-27 12:30:00,621,621.45
XGBoost,4032,2006-10-27 12:45:00,561,623.81
XGBoost,4032,2006-10-27 13:00:00,702,604.17
XGBoost,4032,2006-10-27 13:15:00,649,654.0
XGBoost,4032,2006-10-27 13:30:00,609,645.22
XGBoost,4032,2006-10-27 13:45:00,568,613.1
XGBoost,4032,2006-10-27 14:00:00,584,626.64
XGBoost,4032,2006-10-27 14:15:00,589,609.29
XGBoost,4032,2006-10-27 14:30:00,648,604.28
XGBoost,4032,2006-10-27 14:45:00,687,661.21
XGBoost,4032,2006-10-27 15:00:00,765,717.37
XGBoost,4032,2006-10-27 15:15:00,756,755.98
XGBoost,4032,2006-10-27 15:30:00,807,758.71
XGBoost,4032,2006-10-27 15:45:00,815,804.29
XGBoost,4032,2006-10-27 16:00:00,721,806.2
XGBoost,4032,2006-10-27 16:15:00,754,758.32
XGBoost,4032,2006-10-27 16:30:00,799,745.87
XGBoost,4032,2006-10-27 16:45:00,833,778.61
XGBoost,4032,2006-10-27 17:00:00,766,826.97
XGBoost,4032,2006-10-27 17:15:00,814,823.59
XGBoost,4032,2006-10-27 17:30:00,809,852.21
XGBoost,4032,2006-10-27 17:45:00,872,839.56
XGBoost,4032,2006-10-27 18:00:00,810,807.01
XGBoost,4032,2006-10-27 18:15:00,774,810.11
XGBoost,4032,2006-10-27 18:30:00,740,762.75
XGBoost,4032,2006-10-27 18:45:00,676,678.52
XGBoost,4032,2006-10-27 19:00:00,643,628.43
XGBoost,4032,2006-10-27 19:15:00,557,592.88
XGBoost,4032,2006-10-27 19:30:00,557,546.04
XGBoost,4032,2006-10-27 19:45:00,489,486.55
XGBoost,4032,2006-10-27 20:00:00,407,458.73
XGBoost,4032,2006-10-27 20:15:00,366,395.75
XGBoost,4032,2006-10-27 20:30:00,364,372.37
XGBoost,4032,2006-10-27 20:45:00,363,358.51
XGBoost,4032,2006-10-27 21:00:00,372,358.43
XGBoost,4032,2006-10-27 21:15:00,349,371.54
XGBoost,4032,2006-10-27 21:30:00,322,355.98
XGBoost,4032,2006-10-27 21:45:00,296,331.16
XGBoost,4032,2006-10-27 22:00:00,318,309.7
XGBoost,4032,2006-10-27 22:15:00,287,304.29
XGBoost,4032,2006-10-27 22:30:00,263,290.49
XGBoost,4032,2006-10-27 22:45:00,291,249.85
XGBoost,4032,2006-10-27 23:00:00,277,255.87
XGBoost,4032,2006-10-27 23:15:00,261,250.82
XGBoost,4032,2006-10-27 23:30:00,229,229.33
XGBoost,4032,2006-10-27 23:45:00,199,208.22
XGBoost,4032,2006-10-28 00:00:00,192,181.18
XGBoost,4032,2006-10-28 00:15:00,176,167.64
XGBoost,4032,2006-10-28 00:30:00,146,153.93
XGBoost,4032,2006-10-28 00:45:00,130,131.41
XGBoost,4032,2006-10-28 01:00:00,100,114.04
XGBoost,4032,2006-10-28 01:15:00,91,92.77
XGBoost,4032,2006-10-28 01:30:00,94,80.79
XGBoost,4032,2006-10-28 01:45:00,62,80.57
XGBoost,4032,2006-10-28 02:00:00,68,63.43
XGBoost,4032,2006-10-28 02:15:00,55,58.42
XGBoost,4032,2006-10-28 02:30:00,66,54.41
XGBoost,4032,2006-10-28 02:45:00,46,55.24
XGBoost,4032,2006-10-28 03:00:00,48,46.74
XGBoost,4032,2006-10-28 03:15:00,47,41.94
XGBoost,4032,2006-10-28 03:30:00,47,42.63
XGBoost,4032,2006-10-28 03:45:00,41,40.74
XGBoost,4032,2006-10-28 04:00:00,45,40.01
XGBoost,4032,2006-10-28 04:15:00,36,40.75
XGBoost,4032,2006-10-28 04:30:00,64,40.49
XGBoost,4032,2006-10-28 04:45:00,66,59.12
XGBoost,4032,2006-10-28 05:00:00,57,71.96
XGBoost,4032,2006-10-28 05:15:00,67,74.45
XGBoost,4032,2006-10-28 05:30:00,61,84.08
XGBoost,4032,2006-10-28 05:45:00,108,86.12
XGBoost,4032,2006-10-28 06:00:00,100,121.99
XGBoost,4032,2006-10-28 06:15:00,158,133.02
XGBoost,4032,2006-10-28 06:30:00,200,181.93
XGBoost,4032,2006-10-28 06:45:00,229,242.1
XGBoost,4032,2006-10-28 07:00:00,210,252.02
XGBoost,4032,2006-10-28 07:15:00,238,259.26
XGBoost,4032,2006-10-28 07:30:00,274,285.53
XGBoost,4032,2006-10-28 07:45:00,370,328.48
XGBoost,4032,2006-10-28 08:00:00,338,402.67
XGBoost,4032,2006-10-28 08:15:00,410,400.94
XGBoost,4032,2006-10-28 08:30:00,516,453.45
XGBoost,4032,2006-10-28 08:45:00,622,553.82
XGBoost,4032,2006-10-28 09:00:00,555,603.82
XGBoost,4032,2006-10-28 09:15:00,617,606.16
XGBoost,4032,2006-10-28 09:30:00,655,629.51
XGBoost,4032,2006-10-28 09:45:00,731,638.78
XGBoost,4032,2006-10-28 10:00:00,729,682.32
XGBoost,4032,2006-10-28 10:15:00,666,693.72
XGBoost,4032,2006-10-28 10:30:00,713,684.66
XGBoost,4032,2006-10-28 10:45:00,725,710.03
XGBoost,4032,2006-10-28 11:00:00,758,708.26
XGBoost,4032,2006-10-28 11:15:00,700,732.21
XGBoost,4032,2006-10-28 11:30:00,741,720.62
XGBoost,4032,2006-10-28 11:45:00,705,721.67
XGBoost,4032,2006-10-28 12:00:00,829,717.33
XGBoost,4032,2006-10-28 12:15:00,800,756.17
XGBoost,4032,2006-10-28 12:30:00,797,778.61
XGBoost,4032,2006-10-28 12:45:00,811,771.4
XGBoost,4032,2006-10-28 13:00:00,750,793.6
XGBoost,4032,2006-10-28 13:15:00,648,755.78
XGBoost,4032,2006-10-28 13:30:00,711,679.35
XGBoost,4032,2006-10-28 13:45:00,653,687.18
XGBoost,4032,2006-10-28 14:00:00,748,647.41
XGBoost,4032,2006-10-28 14:15:00,731,690.12
XGBoost,4032,2006-10-28 14:30:00,637,713.55
XGBoost,4032,2006-10-28 14:45:00,687,664.46
XGBoost,4032,2006-10-28 15:00:00,644,685.4
XGBoost,4032,2006-10-28 15:15:00,656,662.81
XGBoost,4032,2006-10-28 15:30:00,667,661.34
XGBoost,4032,2006-10-28 15:45:00,692,668.34
XGBoost,4032,2006-10-28 16:00:00,695,685.66
XGBoost,4032,2006-10-28 16:15:00,660,691.49
XGBoost,4032,2006-10-28 16:30:00,670,667.52
XGBoost,4032,2006-10-28 16:45:00,655,671.23
XGBoost,4032,2006-10-28 17:00:00,644,666.56
XGBoost,4032,2006-10-28 17:15:00,726,646.57
XGBoost,4032,2006-10-28 17:30:00,695,705.87
XGBoost,4032,2006-10-28 17:45:00,647,702.35
XGBoost,4032,2006-10-28 18:00:00,686,637.86
XGBoost,4032,2006-10-28 18:15:00,673,661.54
XGBoost,4032,2006-10-28 18:30:00,609,653.72
XGBoost,4032,2006-10-28 18:45:00,582,601.63
XGBoost,4032,2006-10-28 19:00:00,526,549.04
XGBoost,4032,2006-10-28 19:15:00,560,493.95
XGBoost,4032,2006-10-28 19:30:00,445,487.38
XGBoost,4032,2006-10-28 19:45:00,356,415.48
XGBoost,4032,2006-10-28 20:00:00,413,356.44
XGBoost,4032,2006-10-28 20:15:00,376,377.1
XGBoost,4032,2006-10-28 20:30:00,315,360.82
XGBoost,4032,2006-10-28 20:45:00,302,320.77
XGBoost,4032,2006-10-28 21:00:00,295,312.23
XGBoost,4032,2006-10-28 21:15:00,290,301.77
XGBoost,4032,2006-10-28 21:30:00,300,292.62
XGBoost,4032,2006-10-28 21:45:00,307,293.14
XGBoost,4032,2006-10-28 22:00:00,326,304.87
XGBoost,4032,2006-10-28 22:15:00,291,303.7
XGBoost,4032,2006-10-28 22:30:00,288,283.68
XGBoost,4032,2006-10-28 22:45:00,336,288.94
XGBoost,4032,2006-10-28 23:00:00,338,307.55
XGBoost,4032,2006-10-28 23:15:00,318,306.08
XGBoost,4032,2006-10-28 23:30:00,271,290.58
XGBoost,4032,2006-10-28 23:45:00,268,259.22
XGBoost,4032,2006-10-29 00:00:00,256,237.11
XGBoost,4032,2006-10-29 00:15:00,246,225.51
XGBoost,4032,2006-10-29 00:30:00,194,211.68
XGBoost,4032,2006-10-29 00:45:00,185,178.66
XGBoost,4032,2006-10-29 01:00:00,140,161.33
XGBoost,4032,2006-10-29 01:15:00,121,133.25
XGBoost,4032,2006-10-29 01:30:00,105,112.14
XGBoost,4032,2006-10-29 01:45:00,61,93.57
XGBoost,4032,2006-10-29 02:00:00,57,70.58
XGBoost,4032,2006-10-29 02:15:00,44,61.87
XGBoost,4032,2006-10-29 02:30:00,40,49.59
XGBoost,4032,2006-10-29 02:45:00,78,42.23
XGBoost,4032,2006-10-29 03:00:00,84,61.71
XGBoost,4032,2006-10-29 03:15:00,65,71.76
XGBoost,4032,2006-10-29 03:30:00,92,64.43
XGBoost,4032,2006-10-29 03:45:00,65,82.7
XGBoost,4032,2006-10-29 04:00:00,69,75.02
XGBoost,4032,2006-10-29 04:15:00,66,65.67
XGBoost,4032,2006-10-29 04:30:00,59,66.73
XGBoost,4032,2006-10-29 04:45:00,40,60.02
XGBoost,4032,2006-10-29 05:00:00,66,55.77
XGBoost,4032,2006-10-29 05:15:00,53,66.42
XGBoost,4032,2006-10-29 05:30:00,50,65.1
XGBoost,4032,2006-10-29 05:45:00,69,64.72
XGBoost,4032,2006-10-29 06:00:00,76,75.47
XGBoost,4032,2006-10-29 06:15:00,94,80.55
XGBoost,4032,2006-10-29 06:30:00,131,103.59
XGBoost,4032,2006-10-29 06:45:00,129,150.25
XGBoost,4032,2006-10-29 07:00:00,136,141.08
XGBoost,4032,2006-10-29 07:15:00,149,154.68
XGBoost,4032,2006-10-29 07:30:00,150,168.73
XGBoost,4032,2006-10-29 07:45:00,167,178.64
XGBoost,4032,2006-10-29 08:00:00,173,184.01
XGBoost,4032,2006-10-29 08:15:00,212,199.01
XGBoost,4032,2006-10-29 08:30:00,270,247.91
XGBoost,4032,2006-10-29 08:45:00,308,309.29
XGBoost,4032,2006-10-29 09:00:00,345,345.35
XGBoost,4032,2006-10-29 09:15:00,354,387.19
XGBoost,4032,2006-10-29 09:30:00,426,402.73
XGBoost,4032,2006-10-29 09:45:00,437,475.76
XGBoost,4032,2006-10-29 10:00:00,444,489.25
XGBoost,4032,2006-10-29 10:15:00,472,482.63
XGBoost,4032,2006-10-29 10:30:00,487,512.69
XGBoost,4032,2006-10-29 10:45:00,486,520.8
XGBoost,4032,2006-10-29 11:00:00,497,522.86
XGBoost,4032,2006-10-29 11:15:00,565,515.79
XGBoost,4032,2006-10-29 11:30:00,523,568.7
XGBoost,4032,2006-10-29 11:45:00,623,554.98
XGBoost,4032,2006-10-29 12:00:00,592,616.65
XGBoost,4032,2006-10-29 12:15:00,609,622.87
XGBoost,4032,2006-10-29 12:30:00,601,627.57
XGBoost,4032,2006-10-29 12:45:00,650,632.24
XGBoost,4032,2006-10-29 13:00:00,643,631.96
XGBoost,4032,2006-10-29 13:15:00,611,621.13
XGBoost,4032,2006-10-29 13:30:00,578,612.75
XGBoost,4032,2006-10-29 13:45:00,599,602.73
XGBoost,4032,2006-10-29 14:00:00,611,601.29
XGBoost,4032,2006-10-29 14:15:00,571,605.08
XGBoost,4032,2006-10-29 14:30:00,567,585.79
XGBoost,4032,2006-10-29 14:45:00,571,576.9
XGBoost,4032,2006-10-29 15:00:00,562,581.16
XGBoost,4032,2006-10-29 15:15:00,610,571.56
XGBoost,4032,2006-10-29 15:30:00,584,585.66
XGBoost,4032,2006-10-29 15:45:00,641,598.15
XGBoost,4032,2006-10-29 16:00:00,609,603.22
XGBoost,4032,2006-10-29 16:15:00,641,611.09
XGBoost,4032,2006-10-29 16:30:00,674,618.68
XGBoost,4032,2006-10-29 16:45:00,637,660.68
XGBoost,4032,2006-10-29 17:00:00,641,621.74
XGBoost,4032,2006-10-29 17:15:00,683,629.2
XGBoost,4032,2006-10-29 17:30:00,642,667.47
XGBoost,4032,2006-10-29 17:45:00,610,635.25
XGBoost,4032,2006-10-29 18:00:00,554,578.82
XGBoost,4032,2006-10-29 18:15:00,607,545.7
XGBoost,4032,2006-10-29 18:30:00,563,547.5
XGBoost,4032,2006-10-29 18:45:00,495,522.92
XGBoost,4032,2006-10-29 19:00:00,436,443.58
XGBoost,4032,2006-10-29 19:15:00,398,397.45
XGBoost,4032,2006-10-29 19:30:00,395,359.32
XGBoost,4032,2006-10-29 19:45:00,341,342.25
XGBoost,4032,2006-10-29 20:00:00,304,339.2
XGBoost,4032,2006-10-29 20:15:00,305,312.28
XGBoost,4032,2006-10-29 20:30:00,372,288.95
XGBoost,4032,2006-10-29 20:45:00,293,318.01
XGBoost,4032,2006-10-29 21:00:00,344,298.65
XGBoost,4032,2006-10-29 21:15:00,312,304.53
XGBoost,4032,2006-10-29 21:30:00,268,297.43
XGBoost,4032,2006-10-29 21:45:00,299,266.1
XGBoost,4032,2006-10-29 22:00:00,250,267.94
XGBoost,4032,2006-10-29 22:15:00,245,238.61
XGBoost,4032,2006-10-29 22:30:00,216,222.78
XGBoost,4032,2006-10-29 22:45:00,223,208.58
XGBoost,4032,2006-10-29 23:00:00,186,197.09
XGBoost,4032,2006-10-29 23:15:00,141,176.01
XGBoost,4032,2006-10-29 23:30:00,122,133.34
XGBoost,4032,2006-10-29 23:45:00,85,110.85
XGBoost,4032,2006-10-30 00:00:00,97,82.08
XGBoost,4032,2006-10-30 00:15:00,73,79.7
XGBoost,4032,2006-10-30 00:30:00,71,63.97
XGBoost,4032,2006-10-30 00:45:00,51,56.21
XGBoost,4032,2006-10-30 01:00:00,42,44.85
XGBoost,4032,2006-10-30 01:15:00,42,36.37
XGBoost,4032,2006-10-30 01:30:00,48,35.25
XGBoost,4032,2006-10-30 01:45:00,22,37.49
XGBoost,4032,2006-10-30 02:00:00,29,26.11
XGBoost,4032,2006-10-30 02:15:00,29,25.55
XGBoost,4032,2006-10-30 02:30:00,18,26.57
XGBoost,4032,2006-10-30 02:45:00,24,21.04
XGBoost,4032,2006-10-30 03:00:00,19,23.09
XGBoost,4032,2006-10-30 03:15:00,19,20.32
XGBoost,4032,2006-10-30 03:30:00,17,19.42
XGBoost,4032,2006-10-30 03:45:00,19,18.19
XGBoost,4032,2006-10-30 04:00:00,22,27.86
XGBoost,4032,2006-10-30 04:15:00,31,28.91
XGBoost,4032,2006-10-30 04:30:00,43,37.74
XGBoost,4032,2006-10-30 04:45:00,51,45.27
XGBoost,4032,2006-10-30 05:00:00,65,67.71
XGBoost,4032,2006-10-30 05:15:00,69,80.0
XGBoost,4032,2006-10-30 05:30:00,108,89.96
XGBoost,4032,2006-10-30 05:45:00,124,132.85
XGBoost,4032,2006-10-30 06:00:00,203,179.93
XGBoost,4032,2006-10-30 06:15:00,326,271.22
XGBoost,4032,2006-10-30 06:30:00,436,414.36
XGBoost,4032,2006-10-30 06:45:00,538,560.24
XGBoost,4032,2006-10-30 07:00:00,624,662.92
XGBoost,4032,2006-10-30 07:15:00,774,730.62
XGBoost,4032,2006-10-30 07:30:00,785,856.91
XGBoost,4032,2006-10-30 07:45:00,911,848.64
XGBoost,4032,2006-10-30 08:00:00,896,879.53
XGBoost,4032,2006-10-30 08:15:00,958,906.66
XGBoost,4032,2006-10-30 08:30:00,877,915.82
XGBoost,4032,2006-10-30 08:45:00,826,832.01
XGBoost,4032,2006-10-30 09:00:00,785,712.26
XGBoost,4032,2006-10-30 09:15:00,650,695.22
XGBoost,4032,2006-10-30 09:30:00,566,617.04
XGBoost,4032,2006-10-30 09:45:00,535,557.04
XGBoost,4032,2006-10-30 10:00:00,604,542.68
XGBoost,4032,2006-10-30 10:15:00,595,557.01
XGBoost,4032,2006-10-30 10:30:00,594,559.56
XGBoost,4032,2006-10-30 10:45:00,598,557.44
XGBoost,4032,2006-10-30 11:00:00,555,574.36
XGBoost,4032,2006-10-30 11:15:00,556,577.94
XGBoost,4032,2006-10-30 11:30:00,548,557.77
XGBoost,4032,2006-10-30 11:45:00,580,577.59
XGBoost,4032,2006-10-30 12:00:00,520,571.94
XGBoost,4032,2006-10-30 12:15:00,592,561.84
XGBoost,4032,2006-10-30 12:30:00,558,570.46
XGBoost,4032,2006-10-30 12:45:00,502,590.21
XGBoost,4032,2006-10-30 13:00:00,572,544.84
XGBoost,4032,2006-10-30 13:15:00,593,563.09
XGBoost,4032,2006-10-30 13:30:00,620,571.43
XGBoost,4032,2006-10-30 13:45:00,615,583.17
XGBoost,4032,2006-10-30 14:00:00,547,630.05
XGBoost,4032,2006-10-30 14:15:00,586,596.8
XGBoost,4032,2006-10-30 14:30:00,592,598.21
XGBoost,4032,2006-10-30 14:45:00,634,603.72
XGBoost,4032,2006-10-30 15:00:00,675,649.85
XGBoost,4032,2006-10-30 15:15:00,740,692.95
XGBoost,4032,2006-10-30 15:30:00,775,739.24
XGBoost,4032,2006-10-30 15:45:00,714,773.85
XGBoost,4032,2006-10-30 16:00:00,726,746.27
XGBoost,4032,2006-10-30 16:15:00,746,741.54
XGBoost,4032,2006-10-30 16:30:00,784,760.3
XGBoost,4032,2006-10-30 16:45:00,745,786.53
XGBoost,4032,2006-10-30 17:00:00,839,784.31
XGBoost,4032,2006-10-30 17:15:00,888,825.47
XGBoost,4032,2006-10-30 17:30:00,849,883.34
XGBoost,4032,2006-10-30 17:45:00,914,840.18
XGBoost,4032,2006-10-30 18:00:00,860,817.39
XGBoost,4032,2006-10-30 18:15:00,785,804.15
XGBoost,4032,2006-10-30 18:30:00,714,754.46
XGBoost,4032,2006-10-30 18:45:00,651,669.65
XGBoost,4032,2006-10-30 19:00:00,545,582.83
XGBoost,4032,2006-10-30 19:15:00,510,500.68
XGBoost,4032,2006-10-30 19:30:00,435,453.08
XGBoost,4032,2006-10-30 19:45:00,428,398.19
XGBoost,4032,2006-10-30 20:00:00,376,390.15
XGBoost,4032,2006-10-30 20:15:00,367,358.58
XGBoost,4032,2006-10-30 20:30:00,314,364.23
XGBoost,4032,2006-10-30 20:45:00,387,315.83
XGBoost,4032,2006-10-30 21:00:00,309,355.09
XGBoost,4032,2006-10-30 21:15:00,304,323.07
XGBoost,4032,2006-10-30 21:30:00,285,289.15
XGBoost,4032,2006-10-30 21:45:00,264,295.23
XGBoost,4032,2006-10-30 22:00:00,268,250.9
XGBoost,4032,2006-10-30 22:15:00,231,247.0
XGBoost,4032,2006-10-30 22:30:00,231,222.81
XGBoost,4032,2006-10-30 22:45:00,169,218.36
XGBoost,4032,2006-10-30 23:00:00,174,168.81
XGBoost,4032,2006-10-30 23:15:00,131,141.37
XGBoost,4032,2006-10-30 23:30:00,96,121.84
XGBoost,4032,2006-10-30 23:45:00,103,83.77
XGBoost,4032,2006-10-31 00:00:00,80,86.79
XGBoost,4032,2006-10-31 00:15:00,73,67.31
XGBoost,4032,2006-10-31 00:30:00,60,57.97
XGBoost,4032,2006-10-31 00:45:00,44,48.38
XGBoost,4032,2006-10-31 01:00:00,48,39.86
XGBoost,4032,2006-10-31 01:15:00,47,38.22
XGBoost,4032,2006-10-31 01:30:00,32,38.39
XGBoost,4032,2006-10-31 01:45:00,18,29.01
XGBoost,4032,2006-10-31 02:00:00,17,22.94
XGBoost,4032,2006-10-31 02:15:00,25,19.44
XGBoost,4032,2006-10-31 02:30:00,23,19.89
XGBoost,4032,2006-10-31 02:45:00,26,22.65
XGBoost,4032,2006-10-31 03:00:00,25,23.38
XGBoost,4032,2006-10-31 03:15:00,27,23.0
XGBoost,4032,2006-10-31 03:30:00,14,23.49
XGBoost,4032,2006-10-31 03:45:00,25,20.0
XGBoost,4032,2006-10-31 04:00:00,26,25.4
XGBoost,4032,2006-10-31 04:15:00,16,30.75
XGBoost,4032,2006-10-31 04:30:00,45,26.53
XGBoost,4032,2006-10-31 04:45:00,43,46.46
XGBoost,4032,2006-10-31 05:00:00,56,62.15
XGBoost,4032,2006-10-31 05:15:00,90,71.16
XGBoost,4032,2006-10-31 05:30:00,108,125.12
XGBoost,4032,2006-10-31 05:45:00,146,154.96
XGBoost,4032,2006-10-31 06:00:00,212,208.38
XGBoost,4032,2006-10-31 06:15:00,335,318.11
XGBoost,4032,2006-10-31 06:30:00,496,463.14
XGBoost,4032,2006-10-31 06:45:00,572,598.97
XGBoost,4032,2006-10-31 07:00:00,672,662.05
XGBoost,4032,2006-10-31 07:15:00,792,804.0
XGBoost,4032,2006-10-31 07:30:00,932,830.94
XGBoost,4032,2006-10-31 07:45:00,875,967.4
XGBoost,4032,2006-10-31 08:00:00,890,936.33
XGBoost,4032,2006-10-31 08:15:00,937,929.45
XGBoost,4032,2006-10-31 08:30:00,807,893.44
XGBoost,4032,2006-10-31 08:45:00,760,820.4
XGBoost,4032,2006-10-31 09:00:00,699,758.35
XGBoost,4032,2006-10-31 09:15:00,646,667.31
XGBoost,4032,2006-10-31 09:30:00,636,603.2
XGBoost,4032,2006-10-31 09:45:00,633,577.36
XGBoost,4032,2006-10-31 10:00:00,653,626.1
XGBoost,4032,2006-10-31 10:15:00,636,616.96
XGBoost,4032,2006-10-31 10:30:00,553,610.68
XGBoost,4032,2006-10-31 10:45:00,579,588.52
XGBoost,4032,2006-10-31 11:00:00,556,581.26
XGBoost,4032,2006-10-31 11:15:00,554,568.26
XGBoost,4032,2006-10-31 11:30:00,590,553.05
XGBoost,4032,2006-10-31 11:45:00,581,585.57
XGBoost,4032,2006-10-31 12:00:00,559,568.71
XGBoost,4032,2006-10-31 12:15:00,539,580.74
XGBoost,4032,2006-10-31 12:30:00,599,562.7
XGBoost,4032,2006-10-31 12:45:00,550,557.78
XGBoost,4032,2006-10-31 13:00:00,584,568.86
XGBoost,4032,2006-10-31 13:15:00,574,582.6
XGBoost,4032,2006-10-31 13:30:00,596,596.31
XGBoost,4032,2006-10-31 13:45:00,518,597.77
XGBoost,4032,2006-10-31 14:00:00,573,579.65
XGBoost,4032,2006-10-31 14:15:00,610,580.54
XGBoost,4032,2006-10-31 14:30:00,615,609.32
XGBoost,4032,2006-10-31 14:45:00,659,628.61
XGBoost,4032,2006-10-31 15:00:00,665,680.08
XGBoost,4032,2006-10-31 15:15:00,717,714.33
XGBoost,4032,2006-10-31 15:30:00,834,768.01
XGBoost,4032,2006-10-31 15:45:00,754,773.09
XGBoost,4032,2006-10-31 16:00:00,747,764.83
XGBoost,4032,2006-10-31 16:15:00,734,761.69
XGBoost,4032,2006-10-31 16:30:00,772,796.32
XGBoost,4032,2006-10-31 16:45:00,780,768.36
XGBoost,4032,2006-10-31 17:00:00,818,819.52
XGBoost,4032,2006-10-31 17:15:00,888,864.18
XGBoost,4032,2006-10-31 17:30:00,873,866.67
XGBoost,4032,2006-10-31 17:45:00,851,906.72
XGBoost,4032,2006-10-31 18:00:00,847,856.61
XGBoost,4032,2006-10-31 18:15:00,760,801.96
XGBoost,4032,2006-10-31 18:30:00,792,740.66
XGBoost,4032,2006-10-31 18:45:00,751,726.55
XGBoost,4032,2006-10-31 19:00:00,664,658.76
XGBoost,4032,2006-10-31 19:15:00,571,586.54
XGBoost,4032,2006-10-31 19:30:00,536,521.64
XGBoost,4032,2006-10-31 19:45:00,449,478.83
XGBoost,4032,2006-10-31 20:00:00,418,421.67
XGBoost,4032,2006-10-31 20:15:00,409,393.2
XGBoost,4032,2006-10-31 20:30:00,407,371.69
XGBoost,4032,2006-10-31 20:45:00,355,391.64
XGBoost,4032,2006-10-31 21:00:00,352,356.94
XGBoost,4032,2006-10-31 21:15:00,360,346.08
XGBoost,4032,2006-10-31 21:30:00,326,339.4
XGBoost,4032,2006-10-31 21:45:00,322,311.25
XGBoost,4032,2006-10-31 22:00:00,302,295.77
XGBoost,4032,2006-10-31 22:15:00,299,277.75
XGBoost,4032,2006-10-31 22:30:00,261,272.56
XGBoost,4032,2006-10-31 22:45:00,256,235.83
XGBoost,4032,2006-10-31 23:00:00,191,218.53
XGBoost,4032,2006-10-31 23:15:00,154,166.46
XGBoost,4032,2006-10-31 23:30:00,132,130.18
XGBoost,4032,2006-10-31 23:45:00,112,113.39
XGBoost,4034,2006-10-27 12:00:00,669,671.63
XGBoost,4034,2006-10-27 12:15:00,711,662.75
XGBoost,4034,2006-10-27 12:30:00,761,687.41
XGBoost,4034,2006-10-27 12:45:00,696,701.3
XGBoost,4034,2006-10-27 13:00:00,693,700.96
XGBoost,4034,2006-10-27 13:15:00,669,688.67
XGBoost,4034,2006-10-27 13:30:00,663,680.66
XGBoost,4034,2006-10-27 13:45:00,642,660.07
XGBoost,4034,2006-10-27 14:00:00,618,657.3
XGBoost,4034,2006-10-27 14:15:00,677,685.17
XGBoost,4034,2006-10-27 14:30:00,712,670.71
XGBoost,4034,2006-10-27 14:45:00,711,696.58
XGBoost,4034,2006-10-27 15:00:00,780,733.96
XGBoost,4034,2006-10-27 15:15:00,826,772.78
XGBoost,4034,2006-10-27 15:30:00,693,810.0
XGBoost,4034,2006-10-27 15:45:00,787,787.05
XGBoost,4034,2006-10-27 16:00:00,772,801.36
XGBoost,4034,2006-10-27 16:15:00,735,790.89
XGBoost,4034,2006-10-27 16:30:00,816,791.27
XGBoost,4034,2006-10-27 16:45:00,767,798.15
XGBoost,4034,2006-10-27 17:00:00,842,822.96
XGBoost,4034,2006-10-27 17:15:00,825,851.21
XGBoost,4034,2006-10-27 17:30:00,828,866.24
XGBoost,4034,2006-10-27 17:45:00,864,865.04
XGBoost,4034,2006-10-27 18:00:00,792,800.27
XGBoost,4034,2006-10-27 18:15:00,817,797.16
XGBoost,4034,2006-10-27 18:30:00,756,777.85
XGBoost,4034,2006-10-27 18:45:00,668,724.67
XGBoost,4034,2006-10-27 19:00:00,670,676.44
XGBoost,4034,2006-10-27 19:15:00,625,628.07
XGBoost,4034,2006-10-27 19:30:00,547,582.5
XGBoost,4034,2006-10-27 19:45:00,512,501.64
XGBoost,4034,2006-10-27 20:00:00,418,475.03
XGBoost,4034,2006-10-27 20:15:00,383,411.48
XGBoost,4034,2006-10-27 20:30:00,393,388.9
XGBoost,4034,2006-10-27 20:45:00,382,393.3
XGBoost,4034,2006-10-27 21:00:00,404,378.89
XGBoost,4034,2006-10-27 21:15:00,373,392.37
XGBoost,4034,2006-10-27 21:30:00,362,387.29
XGBoost,4034,2006-10-27 21:45:00,326,352.84
XGBoost,4034,2006-10-27 22:00:00,321,345.06
XGBoost,4034,2006-10-27 22:15:00,333,326.37
XGBoost,4034,2006-10-27 22:30:00,306,313.41
XGBoost,4034,2006-10-27 22:45:00,305,286.55
XGBoost,4034,2006-10-27 23:00:00,319,279.22
XGBoost,4034,2006-10-27 23:15:00,276,281.76
XGBoost,4034,2006-10-27 23:30:00,253,254.97
XGBoost,4034,2006-10-27 23:45:00,225,224.86
XGBoost,4034,2006-10-28 00:00:00,241,196.1
XGBoost,4034,2006-10-28 00:15:00,188,197.11
XGBoost,4034,2006-10-28 00:30:00,156,177.66
XGBoost,4034,2006-10-28 00:45:00,135,142.29
XGBoost,4034,2006-10-28 01:00:00,110,123.08
XGBoost,4034,2006-10-28 01:15:00,116,100.6
XGBoost,4034,2006-10-28 01:30:00,111,97.78
XGBoost,4034,2006-10-28 01:45:00,76,95.42
XGBoost,4034,2006-10-28 02:00:00,90,74.7
XGBoost,4034,2006-10-28 02:15:00,75,78.64
XGBoost,4034,2006-10-28 02:30:00,77,70.91
XGBoost,4034,2006-10-28 02:45:00,60,68.99
XGBoost,4034,2006-10-28 03:00:00,59,58.72
XGBoost,4034,2006-10-28 03:15:00,83,52.71
XGBoost,4034,2006-10-28 03:30:00,65,67.84
XGBoost,4034,2006-10-28 03:45:00,39,65.27
XGBoost,4034,2006-10-28 04:00:00,43,48.67
XGBoost,4034,2006-10-28 04:15:00,59,40.64
XGBoost,4034,2006-10-28 04:30:00,42,51.5
XGBoost,4034,2006-10-28 04:45:00,47,50.06
XGBoost,4034,2006-10-28 05:00:00,60,61.54
XGBoost,4034,2006-10-28 05:15:00,59,72.15
XGBoost,4034,2006-10-28 05:30:00,62,73.11
XGBoost,4034,2006-10-28 05:45:00,109,85.5
XGBoost,4034,2006-10-28 06:00:00,93,122.8
XGBoost,4034,2006-10-28 06:15:00,142,126.56
XGBoost,4034,2006-10-28 06:30:00,213,168.03
XGBoost,4034,2006-10-28 06:45:00,216,258.24
XGBoost,4034,2006-10-28 07:00:00,233,244.31
XGBoost,4034,2006-10-28 07:15:00,245,270.43
XGBoost,4034,2006-10-28 07:30:00,300,289.54
XGBoost,4034,2006-10-28 07:45:00,369,345.06
XGBoost,4034,2006-10-28 08:00:00,369,406.72
XGBoost,4034,2006-10-28 08:15:00,464,420.83
XGBoost,4034,2006-10-28 08:30:00,516,520.46
XGBoost,4034,2006-10-28 08:45:00,601,579.81
XGBoost,4034,2006-10-28 09:00:00,548,604.76
XGBoost,4034,2006-10-28 09:15:00,619,611.07
XGBoost,4034,2006-10-28 09:30:00,657,643.19
XGBoost,4034,2006-10-28 09:45:00,736,684.54
XGBoost,4034,2006-10-28 10:00:00,692,695.01
XGBoost,4034,2006-10-28 10:15:00,737,708.51
XGBoost,4034,2006-10-28 10:30:00,703,723.91
XGBoost,4034,2006-10-28 10:45:00,704,739.42
XGBoost,4034,2006-10-28 11:00:00,748,722.54
XGBoost,4034,2006-10-28 11:15:00,753,737.03
XGBoost,4034,2006-10-28 11:30:00,842,749.0
XGBoost,4034,2006-10-28 11:45:00,807,784.61
XGBoost,4034,2006-10-28 12:00:00,839,802.87
XGBoost,4034,2006-10-28 12:15:00,828,807.79
XGBoost,4034,2006-10-28 12:30:00,812,830.87
XGBoost,4034,2006-10-28 12:45:00,791,808.25
XGBoost,4034,2006-10-28 13:00:00,799,779.67
XGBoost,4034,2006-10-28 13:15:00,760,779.16
XGBoost,4034,2006-10-28 13:30:00,742,761.11
XGBoost,4034,2006-10-28 13:45:00,805,728.16
XGBoost,4034,2006-10-28 14:00:00,697,752.42
XGBoost,4034,2006-10-28 14:15:00,760,715.21
XGBoost,4034,2006-10-28 14:30:00,718,727.86
XGBoost,4034,2006-10-28 14:45:00,689,724.34
XGBoost,4034,2006-10-28 15:00:00,727,695.86
XGBoost,4034,2006-10-28 15:15:00,721,717.17
XGBoost,4034,2006-10-28 15:30:00,698,709.71
XGBoost,4034,2006-10-28 15:45:00,693,696.61
XGBoost,4034,2006-10-28 16:00:00,718,695.36
XGBoost,4034,2006-10-28 16:15:00,691,703.07
XGBoost,4034,2006-10-28 16:30:00,706,701.11
XGBoost,4034,2006-10-28 16:45:00,708,701.96
XGBoost,4034,2006-10-28 17:00:00,703,704.68
XGBoost,4034,2006-10-28 17:15:00,766,700.13
XGBoost,4034,2006-10-28 17:30:00,720,729.35
XGBoost,4034,2006-10-28 17:45:00,679,732.92
XGBoost,4034,2006-10-28 18:00:00,671,662.89
XGBoost,4034,2006-10-28 18:15:00,686,654.52
XGBoost,4034,2006-10-28 18:30:00,615,662.34
XGBoost,4034,2006-10-28 18:45:00,622,615.31
XGBoost,4034,2006-10-28 19:00:00,583,571.11
XGBoost,4034,2006-10-28 19:15:00,581,561.12
XGBoost,4034,2006-10-28 19:30:00,500,500.94
XGBoost,4034,2006-10-28 19:45:00,481,457.69
XGBoost,4034,2006-10-28 20:00:00,421,426.59
XGBoost,4034,2006-10-28 20:15:00,420,387.44
XGBoost,4034,2006-10-28 20:30:00,374,382.9
XGBoost,4034,2006-10-28 20:45:00,380,361.49
XGBoost,4034,2006-10-28 21:00:00,328,374.44
XGBoost,4034,2006-10-28 21:15:00,301,344.44
XGBoost,4034,2006-10-28 21:30:00,307,313.6
XGBoost,4034,2006-10-28 21:45:00,357,305.04
XGBoost,4034,2006-10-28 22:00:00,390,331.04
XGBoost,4034,2006-10-28 22:15:00,321,362.18
XGBoost,4034,2006-10-28 22:30:00,312,330.85
XGBoost,4034,2006-10-28 22:45:00,391,306.58
XGBoost,4034,2006-10-28 23:00:00,420,349.44
XGBoost,4034,2006-10-28 23:15:00,332,367.07
XGBoost,4034,2006-10-28 23:30:00,327,323.31
XGBoost,4034,2006-10-28 23:45:00,297,298.38
XGBoost,4034,2006-10-29 00:00:00,311,287.18
XGBoost,4034,2006-10-29 00:15:00,295,275.29
XGBoost,4034,2006-10-29 00:30:00,236,263.12
XGBoost,4034,2006-10-29 00:45:00,208,216.52
XGBoost,4034,2006-10-29 01:00:00,187,184.24
XGBoost,4034,2006-10-29 01:15:00,146,167.49
XGBoost,4034,2006-10-29 01:30:00,134,137.28
XGBoost,4034,2006-10-29 01:45:00,0,121.78
XGBoost,4034,2006-10-29 02:00:00,0,58.24
XGBoost,4034,2006-10-29 02:15:00,0,31.85
XGBoost,4034,2006-10-29 02:30:00,0,24.01
XGBoost,4034,2006-10-29 02:45:00,100,18.68
XGBoost,4034,2006-10-29 03:00:00,94,78.22
XGBoost,4034,2006-10-29 03:15:00,99,89.55
XGBoost,4034,2006-10-29 03:30:00,97,92.34
XGBoost,4034,2006-10-29 03:45:00,82,125.8
XGBoost,4034,2006-10-29 04:00:00,74,106.16
XGBoost,4034,2006-10-29 04:15:00,74,94.69
XGBoost,4034,2006-10-29 04:30:00,81,84.03
XGBoost,4034,2006-10-29 04:45:00,57,71.35
XGBoost,4034,2006-10-29 05:00:00,78,68.88
XGBoost,4034,2006-10-29 05:15:00,72,76.88
XGBoost,4034,2006-10-29 05:30:00,65,73.55
XGBoost,4034,2006-10-29 05:45:00,94,76.18
XGBoost,4034,2006-10-29 06:00:00,82,93.91
XGBoost,4034,2006-10-29 06:15:00,105,94.51
XGBoost,4034,2006-10-29 06:30:00,133,115.02
XGBoost,4034,2006-10-29 06:45:00,147,150.69
XGBoost,4034,2006-10-29 07:00:00,142,158.56
XGBoost,4034,2006-10-29 07:15:00,153,157.97
XGBoost,4034,2006-10-29 07:30:00,160,173.9
XGBoost,4034,2006-10-29 07:45:00,183,185.18
XGBoost,4034,2006-10-29 08:00:00,199,195.54
XGBoost,4034,2006-10-29 08:15:00,259,234.13
XGBoost,4034,2006-10-29 08:30:00,271,294.35
XGBoost,4034,2006-10-29 08:45:00,304,311.83
XGBoost,4034,2006-10-29 09:00:00,344,344.19
XGBoost,4034,2006-10-29 09:15:00,365,390.97
XGBoost,4034,2006-10-29 09:30:00,433,409.71
XGBoost,4034,2006-10-29 09:45:00,470,474.96
XGBoost,4034,2006-10-29 10:00:00,435,500.79
XGBoost,4034,2006-10-29 10:15:00,516,504.99
XGBoost,4034,2006-10-29 10:30:00,496,524.26
XGBoost,4034,2006-10-29 10:45:00,515,523.76
XGBoost,4034,2006-10-29 11:00:00,553,535.35
XGBoost,4034,2006-10-29 11:15:00,606,567.5
XGBoost,4034,2006-10-29 11:30:00,535,626.78
XGBoost,4034,2006-10-29 11:45:00,657,597.0
XGBoost,4034,2006-10-29 12:00:00,631,636.98
XGBoost,4034,2006-10-29 12:15:00,702,653.43
XGBoost,4034,2006-10-29 12:30:00,655,678.93
XGBoost,4034,2006-10-29 12:45:00,681,682.51
XGBoost,4034,2006-10-29 13:00:00,691,665.9
XGBoost,4034,2006-10-29 13:15:00,671,688.71
XGBoost,4034,2006-10-29 13:30:00,676,662.78
XGBoost,4034,2006-10-29 13:45:00,642,669.67
XGBoost,4034,2006-10-29 14:00:00,662,644.27
XGBoost,4034,2006-10-29 14:15:00,630,657.32
XGBoost,4034,2006-10-29 14:30:00,574,637.19
XGBoost,4034,2006-10-29 14:45:00,638,598.83
XGBoost,4034,2006-10-29 15:00:00,618,625.6
XGBoost,4034,2006-10-29 15:15:00,676,624.91
XGBoost,4034,2006-10-29 15:30:00,633,653.57
XGBoost,4034,2006-10-29 15:45:00,644,638.31
XGBoost,4034,2006-10-29 16:00:00,687,631.09
XGBoost,4034,2006-10-29 16:15:00,657,676.09
XGBoost,4034,2006-10-29 16:30:00,733,655.89
XGBoost,4034,2006-10-29 16:45:00,651,691.75
XGBoost,4034,2006-10-29 17:00:00,693,667.19
XGBoost,4034,2006-10-29 17:15:00,700,680.9
XGBoost,4034,2006-10-29 17:30:00,707,689.31
XGBoost,4034,2006-10-29 17:45:00,693,676.56
XGBoost,4034,2006-10-29 18:00:00,607,636.5
XGBoost,4034,2006-10-29 18:15:00,637,590.8
XGBoost,4034,2006-10-29 18:30:00,600,584.58
XGBoost,4034,2006-10-29 18:45:00,563,564.48
XGBoost,4034,2006-10-29 19:00:00,467,497.29
XGBoost,4034,2006-10-29 19:15:00,413,449.5
XGBoost,4034,2006-10-29 19:30:00,438,380.05
XGBoost,4034,2006-10-29 19:45:00,377,387.05
XGBoost,4034,2006-10-29 20:00:00,313,369.92
XGBoost,4034,2006-10-29 20:15:00,348,322.26
XGBoost,4034,2006-10-29 20:30:00,373,318.43
XGBoost,4034,2006-10-29 20:45:00,362,345.35
XGBoost,4034,2006-10-29 21:00:00,352,339.73
XGBoost,4034,2006-10-29 21:15:00,321,325.17
XGBoost,4034,2006-10-29 21:30:00,303,310.18
XGBoost,4034,2006-10-29 21:45:00,322,299.42
XGBoost,4034,2006-10-29 22:00:00,289,297.48
XGBoost,4034,2006-10-29 22:15:00,266,273.4
XGBoost,4034,2006-10-29 22:30:00,239,254.84
XGBoost,4034,2006-10-29 22:45:00,241,227.55
XGBoost,4034,2006-10-29 23:00:00,203,221.69
XGBoost,4034,2006-10-29 23:15:00,161,191.02
XGBoost,4034,2006-10-29 23:30:00,158,150.86
XGBoost,4034,2006-10-29 23:45:00,98,135.76
XGBoost,4034,2006-10-30 00:00:00,99,98.81
XGBoost,4034,2006-10-30 00:15:00,75,84.03
XGBoost,4034,2006-10-30 00:30:00,79,64.61
XGBoost,4034,2006-10-30 00:45:00,54,63.5
XGBoost,4034,2006-10-30 01:00:00,45,52.89
XGBoost,4034,2006-10-30 01:15:00,42,40.15
XGBoost,4034,2006-10-30 01:30:00,47,35.74
XGBoost,4034,2006-10-30 01:45:00,29,34.6
XGBoost,4034,2006-10-30 02:00:00,33,26.82
XGBoost,4034,2006-10-30 02:15:00,29,25.69
XGBoost,4034,2006-10-30 02:30:00,23,23.5
XGBoost,4034,2006-10-30 02:45:00,36,24.5
XGBoost,4034,2006-10-30 03:00:00,22,30.3
XGBoost,4034,2006-10-30 03:15:00,21,25.19
XGBoost,4034,2006-10-30 03:30:00,22,22.43
XGBoost,4034,2006-10-30 03:45:00,17,21.52
XGBoost,4034,2006-10-30 04:00:00,20,28.88
XGBoost,4034,2006-10-30 04:15:00,34,29.25
XGBoost,4034,2006-10-30 04:30:00,50,40.55
XGBoost,4034,2006-10-30 04:45:00,61,52.26
XGBoost,4034,2006-10-30 05:00:00,63,86.08
XGBoost,4034,2006-10-30 05:15:00,82,88.33
XGBoost,4034,2006-10-30 05:30:00,107,107.14
XGBoost,4034,2006-10-30 05:45:00,128,155.73
XGBoost,4034,2006-10-30 06:00:00,201,181.61
XGBoost,4034,2006-10-30 06:15:00,323,267.61
XGBoost,4034,2006-10-30 06:30:00,438,408.28
XGBoost,4034,2006-10-30 06:45:00,590,554.1
XGBoost,4034,2006-10-30 07:00:00,655,691.33
XGBoost,4034,2006-10-30 07:15:00,758,787.71
XGBoost,4034,2006-10-30 07:30:00,901,857.48
XGBoost,4034,2006-10-30 07:45:00,959,945.7
XGBoost,4034,2006-10-30 08:00:00,923,945.77
XGBoost,4034,2006-10-30 08:15:00,928,920.08
XGBoost,4034,2006-10-30 08:30:00,910,890.08
XGBoost,4034,2006-10-30 08:45:00,862,837.98
XGBoost,4034,2006-10-30 09:00:00,782,754.88
XGBoost,4034,2006-10-30 09:15:00,687,706.97
XGBoost,4034,2006-10-30 09:30:00,667,660.14
XGBoost,4034,2006-10-30 09:45:00,620,619.04
XGBoost,4034,2006-10-30 10:00:00,652,597.68
XGBoost,4034,2006-10-30 10:15:00,684,606.37
XGBoost,4034,2006-10-30 10:30:00,610,636.25
XGBoost,4034,2006-10-30 10:45:00,642,598.25
XGBoost,4034,2006-10-30 11:00:00,587,618.72
XGBoost,4034,2006-10-30 11:15:00,599,628.12
XGBoost,4034,2006-10-30 11:30:00,649,588.8
XGBoost,4034,2006-10-30 11:45:00,601,645.45
XGBoost,4034,2006-10-30 12:00:00,651,617.04
XGBoost,4034,2006-10-30 12:15:00,622,649.36
XGBoost,4034,2006-10-30 12:30:00,620,635.82
XGBoost,4034,2006-10-30 12:45:00,636,634.12
XGBoost,4034,2006-10-30 13:00:00,627,644.16
XGBoost,4034,2006-10-30 13:15:00,609,632.42
XGBoost,4034,2006-10-30 13:30:00,654,625.02
XGBoost,4034,2006-10-30 13:45:00,696,630.47
XGBoost,4034,2006-10-30 14:00:00,590,692.71
XGBoost,4034,2006-10-30 14:15:00,638,644.95
XGBoost,4034,2006-10-30 14:30:00,636,640.58
XGBoost,4034,2006-10-30 14:45:00,671,653.52
XGBoost,4034,2006-10-30 15:00:00,760,695.27
XGBoost,4034,2006-10-30 15:15:00,767,763.36
XGBoost,4034,2006-10-30 15:30:00,748,770.05
XGBoost,4034,2006-10-30 15:45:00,767,766.68
XGBoost,4034,2006-10-30 16:00:00,795,777.44
XGBoost,4034,2006-10-30 16:15:00,765,791.92
XGBoost,4034,2006-10-30 16:30:00,832,795.01
XGBoost,4034,2006-10-30 16:45:00,755,813.98
XGBoost,4034,2006-10-30 17:00:00,849,813.53
XGBoost,4034,2006-10-30 17:15:00,850,831.71
XGBoost,4034,2006-10-30 17:30:00,861,870.8
XGBoost,4034,2006-10-30 17:45:00,855,856.09
XGBoost,4034,2006-10-30 18:00:00,826,796.05
XGBoost,4034,2006-10-30 18:15:00,829,775.44
XGBoost,4034,2006-10-30 18:30:00,764,773.16
XGBoost,4034,2006-10-30 18:45:00,636,725.53
XGBoost,4034,2006-10-30 19:00:00,624,598.86
XGBoost,4034,2006-10-30 19:15:00,551,540.83
XGBoost,4034,2006-10-30 19:30:00,488,506.45
XGBoost,4034,2006-10-30 19:45:00,442,440.94
XGBoost,4034,2006-10-30 20:00:00,355,406.11
XGBoost,4034,2006-10-30 20:15:00,372,361.14
XGBoost,4034,2006-10-30 20:30:00,352,363.96
XGBoost,4034,2006-10-30 20:45:00,374,356.02
XGBoost,4034,2006-10-30 21:00:00,301,365.75
XGBoost,4034,2006-10-30 21:15:00,329,329.86
XGBoost,4034,2006-10-30 21:30:00,331,315.34
XGBoost,4034,2006-10-30 21:45:00,288,321.2
XGBoost,4034,2006-10-30 22:00:00,275,283.35
XGBoost,4034,2006-10-30 22:15:00,294,268.41
XGBoost,4034,2006-10-30 22:30:00,239,260.89
XGBoost,4034,2006-10-30 22:45:00,175,235.84
XGBoost,4034,2006-10-30 23:00:00,191,182.11
XGBoost,4034,2006-10-30 23:15:00,140,162.5
XGBoost,4034,2006-10-30 23:30:00,100,134.26
XGBoost,4034,2006-10-30 23:45:00,106,88.46
XGBoost,4034,2006-10-31 00:00:00,96,88.62
XGBoost,4034,2006-10-31 00:15:00,82,79.1
XGBoost,4034,2006-10-31 00:30:00,74,67.47
XGBoost,4034,2006-10-31 00:45:00,58,58.61
XGBoost,4034,2006-10-31 01:00:00,47,48.33
XGBoost,4034,2006-10-31 01:15:00,41,41.4
XGBoost,4034,2006-10-31 01:30:00,29,34.86
XGBoost,4034,2006-10-31 01:45:00,31,27.63
XGBoost,4034,2006-10-31 02:00:00,24,28.6
XGBoost,4034,2006-10-31 02:15:00,33,25.41
XGBoost,4034,2006-10-31 02:30:00,22,25.92
XGBoost,4034,2006-10-31 02:45:00,35,23.75
XGBoost,4034,2006-10-31 03:00:00,23,27.58
XGBoost,4034,2006-10-31 03:15:00,24,24.71
XGBoost,4034,2006-10-31 03:30:00,17,23.18
XGBoost,4034,2006-10-31 03:45:00,33,19.16
XGBoost,4034,2006-10-31 04:00:00,24,32.21
XGBoost,4034,2006-10-31 04:15:00,19,31.24
XGBoost,4034,2006-10-31 04:30:00,46,28.94
XGBoost,4034,2006-10-31 04:45:00,65,48.39
XGBoost,4034,2006-10-31 05:00:00,68,77.98
XGBoost,4034,2006-10-31 05:15:00,93,97.5
XGBoost,4034,2006-10-31 05:30:00,108,133.43
XGBoost,4034,2006-10-31 05:45:00,154,157.53
XGBoost,4034,2006-10-31 06:00:00,210,218.01
XGBoost,4034,2006-10-31 06:15:00,346,317.18
XGBoost,4034,2006-10-31 06:30:00,479,479.33
XGBoost,4034,2006-10-31 06:45:00,582,587.64
XGBoost,4034,2006-10-31 07:00:00,716,682.67
XGBoost,4034,2006-10-31 07:15:00,833,814.81
XGBoost,4034,2006-10-31 07:30:00,880,899.85
XGBoost,4034,2006-10-31 07:45:00,890,956.76
XGBoost,4034,2006-10-31 08:00:00,943,943.31
XGBoost,4034,2006-10-31 08:15:00,934,924.93
XGBoost,4034,2006-10-31 08:30:00,850,912.51
XGBoost,4034,2006-10-31 08:45:00,774,862.8
XGBoost,4034,2006-10-31 09:00:00,750,766.35
XGBoost,4034,2006-10-31 09:15:00,720,705.63
XGBoost,4034,2006-10-31 09:30:00,699,679.5
XGBoost,4034,2006-10-31 09:45:00,697,635.92
XGBoost,4034,2006-10-31 10:00:00,724,669.91
XGBoost,4034,2006-10-31 10:15:00,600,693.14
XGBoost,4034,2006-10-31 10:30:00,589,626.29
XGBoost,4034,2006-10-31 10:45:00,619,623.47
XGBoost,4034,2006-10-31 11:00:00,636,618.52
XGBoost,4034,2006-10-31 11:15:00,616,619.92
XGBoost,4034,2006-10-31 11:30:00,637,639.17
XGBoost,4034,2006-10-31 11:45:00,630,620.89
XGBoost,4034,2006-10-31 12:00:00,609,646.38
XGBoost,4034,2006-10-31 12:15:00,668,615.77
XGBoost,4034,2006-10-31 12:30:00,640,634.01
XGBoost,4034,2006-10-31 12:45:00,612,636.77
XGBoost,4034,2006-10-31 13:00:00,640,622.78
XGBoost,4034,2006-10-31 13:15:00,607,624.37
XGBoost,4034,2006-10-31 13:30:00,650,633.73
XGBoost,4034,2006-10-31 13:45:00,573,662.87
XGBoost,4034,2006-10-31 14:00:00,621,619.53
XGBoost,4034,2006-10-31 14:15:00,676,631.46
XGBoost,4034,2006-10-31 14:30:00,643,659.31
XGBoost,4034,2006-10-31 14:45:00,697,672.29
XGBoost,4034,2006-10-31 15:00:00,679,751.82
XGBoost,4034,2006-10-31 15:15:00,755,746.35
XGBoost,4034,2006-10-31 15:30:00,779,747.48
XGBoost,4034,2006-10-31 15:45:00,821,796.51
XGBoost,4034,2006-10-31 16:00:00,753,810.99
XGBoost,4034,2006-10-31 16:15:00,800,805.0
XGBoost,4034,2006-10-31 16:30:00,757,819.83
XGBoost,4034,2006-10-31 16:45:00,776,796.97
XGBoost,4034,2006-10-31 17:00:00,827,814.08
XGBoost,4034,2006-10-31 17:15:00,844,856.01
XGBoost,4034,2006-10-31 17:30:00,825,855.58
XGBoost,4034,2006-10-31 17:45:00,824,864.4
XGBoost,4034,2006-10-31 18:00:00,875,812.15
XGBoost,4034,2006-10-31 18:15:00,828,838.18
XGBoost,4034,2006-10-31 18:30:00,808,801.18
XGBoost,4034,2006-10-31 18:45:00,734,738.11
XGBoost,4034,2006-10-31 19:00:00,684,673.9
XGBoost,4034,2006-10-31 19:15:00,600,606.76
XGBoost,4034,2006-10-31 19:30:00,547,541.51
XGBoost,4034,2006-10-31 19:45:00,462,491.75
XGBoost,4034,2006-10-31 20:00:00,446,428.51
XGBoost,4034,2006-10-31 20:15:00,460,412.73
XGBoost,4034,2006-10-31 20:30:00,434,406.6
XGBoost,4034,2006-10-31 20:45:00,386,404.78
XGBoost,4034,2006-10-31 21:00:00,386,383.44
XGBoost,4034,2006-10-31 21:15:00,370,381.34
XGBoost,4034,2006-10-31 21:30:00,384,367.06
XGBoost,4034,2006-10-31 21:45:00,366,357.98
XGBoost,4034,2006-10-31 22:00:00,340,335.13
XGBoost,4034,2006-10-31 22:15:00,336,324.95
XGBoost,4034,2006-10-31 22:30:00,277,306.48
XGBoost,4034,2006-10-31 22:45:00,270,253.32
XGBoost,4034,2006-10-31 23:00:00,201,236.03
XGBoost,4034,2006-10-31 23:15:00,198,184.6
XGBoost,4034,2006-10-31 23:30:00,140,165.36
XGBoost,4034,2006-10-31 23:45:00,104,126.74
XGBoost,4035,2006-10-27 12:00:00,657,611.36
XGBoost,4035,2006-10-27 12:15:00,641,649.83
XGBoost,4035,2006-10-27 12:30:00,695,640.11
XGBoost,4035,2006-10-27 12:45:00,642,663.13
XGBoost,4035,2006-10-27 13:00:00,641,641.68
XGBoost,4035,2006-10-27 13:15:00,680,636.67
XGBoost,4035,2006-10-27 13:30:00,641,660.31
XGBoost,4035,2006-10-27 13:45:00,581,642.57
XGBoost,4035,2006-10-27 14:00:00,584,646.68
XGBoost,4035,2006-10-27 14:15:00,637,634.46
XGBoost,4035,2006-10-27 14:30:00,659,649.83
XGBoost,4035,2006-10-27 14:45:00,730,641.19
XGBoost,4035,2006-10-27 15:00:00,681,729.46
XGBoost,4035,2006-10-27 15:15:00,784,729.47
XGBoost,4035,2006-10-27 15:30:00,737,748.85
XGBoost,4035,2006-10-27 15:45:00,774,758.1
XGBoost,4035,2006-10-27 16:00:00,734,782.71
XGBoost,4035,2006-10-27 16:15:00,714,767.45
XGBoost,4035,2006-10-27 16:30:00,742,775.99
XGBoost,4035,2006-10-27 16:45:00,748,747.05
XGBoost,4035,2006-10-27 17:00:00,787,786.27
XGBoost,4035,2006-10-27 17:15:00,820,794.06
XGBoost,4035,2006-10-27 17:30:00,829,830.36
XGBoost,4035,2006-10-27 17:45:00,772,823.29
XGBoost,4035,2006-10-27 18:00:00,816,780.72
XGBoost,4035,2006-10-27 18:15:00,793,786.82
XGBoost,4035,2006-10-27 18:30:00,702,741.12
XGBoost,4035,2006-10-27 18:45:00,678,707.49
XGBoost,4035,2006-10-27 19:00:00,706,659.38
XGBoost,4035,2006-10-27 19:15:00,589,628.45
XGBoost,4035,2006-10-27 19:30:00,518,575.4
XGBoost,4035,2006-10-27 19:45:00,550,487.87
XGBoost,4035,2006-10-27 20:00:00,412,486.59
XGBoost,4035,2006-10-27 20:15:00,424,433.14
XGBoost,4035,2006-10-27 20:30:00,416,419.57
XGBoost,4035,2006-10-27 20:45:00,373,392.46
XGBoost,4035,2006-10-27 21:00:00,395,378.46
XGBoost,4035,2006-10-27 21:15:00,402,381.26
XGBoost,4035,2006-10-27 21:30:00,386,404.26
XGBoost,4035,2006-10-27 21:45:00,316,370.18
XGBoost,4035,2006-10-27 22:00:00,332,340.15
XGBoost,4035,2006-10-27 22:15:00,331,325.64
XGBoost,4035,2006-10-27 22:30:00,346,310.78
XGBoost,4035,2006-10-27 22:45:00,330,315.44
XGBoost,4035,2006-10-27 23:00:00,311,300.0
XGBoost,4035,2006-10-27 23:15:00,308,288.5
XGBoost,4035,2006-10-27 23:30:00,310,278.37
XGBoost,4035,2006-10-27 23:45:00,240,273.03
XGBoost,4035,2006-10-28 00:00:00,258,227.43
XGBoost,4035,2006-10-28 00:15:00,226,219.71
XGBoost,4035,2006-10-28 00:30:00,160,201.56
XGBoost,4035,2006-10-28 00:45:00,155,156.91
XGBoost,4035,2006-10-28 01:00:00,137,134.86
XGBoost,4035,2006-10-28 01:15:00,134,122.25
XGBoost,4035,2006-10-28 01:30:00,119,118.1
XGBoost,4035,2006-10-28 01:45:00,111,105.28
XGBoost,4035,2006-10-28 02:00:00,92,100.4
XGBoost,4035,2006-10-28 02:15:00,87,87.18
XGBoost,4035,2006-10-28 02:30:00,59,82.22
XGBoost,4035,2006-10-28 02:45:00,66,61.13
XGBoost,4035,2006-10-28 03:00:00,64,58.7
XGBoost,4035,2006-10-28 03:15:00,71,59.41
XGBoost,4035,2006-10-28 03:30:00,66,61.85
XGBoost,4035,2006-10-28 03:45:00,57,58.5
XGBoost,4035,2006-10-28 04:00:00,50,56.72
XGBoost,4035,2006-10-28 04:15:00,54,48.32
XGBoost,4035,2006-10-28 04:30:00,43,48.86
XGBoost,4035,2006-10-28 04:45:00,51,49.37
XGBoost,4035,2006-10-28 05:00:00,54,60.39
XGBoost,4035,2006-10-28 05:15:00,55,68.75
XGBoost,4035,2006-10-28 05:30:00,67,71.83
XGBoost,4035,2006-10-28 05:45:00,95,82.86
XGBoost,4035,2006-10-28 06:00:00,107,115.91
XGBoost,4035,2006-10-28 06:15:00,142,136.22
XGBoost,4035,2006-10-28 06:30:00,219,170.13
XGBoost,4035,2006-10-28 06:45:00,206,252.99
XGBoost,4035,2006-10-28 07:00:00,231,242.44
XGBoost,4035,2006-10-28 07:15:00,280,261.65
XGBoost,4035,2006-10-28 07:30:00,349,323.46
XGBoost,4035,2006-10-28 07:45:00,386,386.77
XGBoost,4035,2006-10-28 08:00:00,408,432.28
XGBoost,4035,2006-10-28 08:15:00,443,473.91
XGBoost,4035,2006-10-28 08:30:00,474,518.91
XGBoost,4035,2006-10-28 08:45:00,560,525.39
XGBoost,4035,2006-10-28 09:00:00,516,576.1
XGBoost,4035,2006-10-28 09:15:00,604,568.04
XGBoost,4035,2006-10-28 09:30:00,708,612.13
XGBoost,4035,2006-10-28 09:45:00,678,687.37
XGBoost,4035,2006-10-28 10:00:00,649,675.78
XGBoost,4035,2006-10-28 10:15:00,643,672.64
XGBoost,4035,2006-10-28 10:30:00,718,666.46
XGBoost,4035,2006-10-28 10:45:00,679,704.56
XGBoost,4035,2006-10-28 11:00:00,645,671.15
XGBoost,4035,2006-10-28 11:15:00,740,678.48
XGBoost,4035,2006-10-28 11:30:00,748,713.91
XGBoost,4035,2006-10-28 11:45:00,713,722.43
XGBoost,4035,2006-10-28 12:00:00,764,722.59
XGBoost,4035,2006-10-28 12:15:00,775,731.99
XGBoost,4035,2006-10-28 12:30:00,725,768.57
XGBoost,4035,2006-10-28 12:45:00,756,736.36
XGBoost,4035,2006-10-28 13:00:00,760,717.63
XGBoost,4035,2006-10-28 13:15:00,693,740.34
XGBoost,4035,2006-10-28 13:30:00,666,713.24
XGBoost,4035,2006-10-28 13:45:00,750,664.13
XGBoost,4035,2006-10-28 14:00:00,746,698.44
XGBoost,4035,2006-10-28 14:15:00,755,721.21
XGBoost,4035,2006-10-28 14:30:00,670,724.43
XGBoost,4035,2006-10-28 14:45:00,656,698.81
XGBoost,4035,2006-10-28 15:00:00,678,674.76
XGBoost,4035,2006-10-28 15:15:00,670,681.14
XGBoost,4035,2006-10-28 15:30:00,688,674.22
XGBoost,4035,2006-10-28 15:45:00,665,685.29
XGBoost,4035,2006-10-28 16:00:00,669,678.13
XGBoost,4035,2006-10-28 16:15:00,686,672.36
XGBoost,4035,2006-10-28 16:30:00,675,684.45
XGBoost,4035,2006-10-28 16:45:00,673,675.79
XGBoost,4035,2006-10-28 17:00:00,641,672.31
XGBoost,4035,2006-10-28 17:15:00,704,652.92
XGBoost,4035,2006-10-28 17:30:00,653,690.48
XGBoost,4035,2006-10-28 17:45:00,666,665.47
XGBoost,4035,2006-10-28 18:00:00,610,643.27
XGBoost,4035,2006-10-28 18:15:00,666,613.21
XGBoost,4035,2006-10-28 18:30:00,588,629.6
XGBoost,4035,2006-10-28 18:45:00,568,591.4
XGBoost,4035,2006-10-28 19:00:00,561,542.37
XGBoost,4035,2006-10-28 19:15:00,569,504.41
XGBoost,4035,2006-10-28 19:30:00,498,488.34
XGBoost,4035,2006-10-28 19:45:00,477,465.33
XGBoost,4035,2006-10-28 20:00:00,440,422.35
XGBoost,4035,2006-10-28 20:15:00,392,404.42
XGBoost,4035,2006-10-28 20:30:00,369,375.9
XGBoost,4035,2006-10-28 20:45:00,342,352.71
XGBoost,4035,2006-10-28 21:00:00,331,355.23
XGBoost,4035,2006-10-28 21:15:00,319,339.18
XGBoost,4035,2006-10-28 21:30:00,328,324.01
XGBoost,4035,2006-10-28 21:45:00,386,310.33
XGBoost,4035,2006-10-28 22:00:00,386,346.31
XGBoost,4035,2006-10-28 22:15:00,352,369.9
XGBoost,4035,2006-10-28 22:30:00,327,357.69
XGBoost,4035,2006-10-28 22:45:00,397,335.74
XGBoost,4035,2006-10-28 23:00:00,402,351.44
XGBoost,4035,2006-10-28 23:15:00,331,378.32
XGBoost,4035,2006-10-28 23:30:00,344,334.59
XGBoost,4035,2006-10-28 23:45:00,306,313.19
XGBoost,4035,2006-10-29 00:00:00,317,299.02
XGBoost,4035,2006-10-29 00:15:00,315,290.32
XGBoost,4035,2006-10-29 00:30:00,234,281.23
XGBoost,4035,2006-10-29 00:45:00,206,217.48
XGBoost,4035,2006-10-29 01:00:00,163,184.63
XGBoost,4035,2006-10-29 01:15:00,157,155.87
XGBoost,4035,2006-10-29 01:30:00,131,142.44
XGBoost,4035,2006-10-29 01:45:00,0,126.56
XGBoost,4035,2006-10-29 02:00:00,0,58.69
XGBoost,4035,2006-10-29 02:15:00,0,31.09
XGBoost,4035,2006-10-29 02:30:00,0,23.61
XGBoost,4035,2006-10-29 02:45:00,110,18.68
XGBoost,4035,2006-10-29 03:00:00,111,83.77
XGBoost,4035,2006-10-29 03:15:00,98,103.18
XGBoost,4035,2006-10-29 03:30:00,101,95.71
XGBoost,4035,2006-10-29 03:45:00,86,131.14
XGBoost,4035,2006-10-29 04:00:00,95,115.41
XGBoost,4035,2006-10-29 04:15:00,74,120.09
XGBoost,4035,2006-10-29 04:30:00,70,95.45
XGBoost,4035,2006-10-29 04:45:00,61,66.51
XGBoost,4035,2006-10-29 05:00:00,57,68.04
XGBoost,4035,2006-10-29 05:15:00,74,64.08
XGBoost,4035,2006-10-29 05:30:00,82,74.14
XGBoost,4035,2006-10-29 05:45:00,92,88.05
XGBoost,4035,2006-10-29 06:00:00,82,91.27
XGBoost,4035,2006-10-29 06:15:00,119,96.08
XGBoost,4035,2006-10-29 06:30:00,124,133.35
XGBoost,4035,2006-10-29 06:45:00,159,139.97
XGBoost,4035,2006-10-29 07:00:00,147,169.88
XGBoost,4035,2006-10-29 07:15:00,152,170.09
XGBoost,4035,2006-10-29 07:30:00,163,174.6
XGBoost,4035,2006-10-29 07:45:00,168,189.21
XGBoost,4035,2006-10-29 08:00:00,198,191.45
XGBoost,4035,2006-10-29 08:15:00,220,225.39
XGBoost,4035,2006-10-29 08:30:00,306,263.74
XGBoost,4035,2006-10-29 08:45:00,354,340.56
XGBoost,4035,2006-10-29 09:00:00,343,373.27
XGBoost,4035,2006-10-29 09:15:00,349,386.44
XGBoost,4035,2006-10-29 09:30:00,449,402.55
XGBoost,4035,2006-10-29 09:45:00,491,470.61
XGBoost,4035,2006-10-29 10:00:00,440,498.56
XGBoost,4035,2006-10-29 10:15:00,513,490.19
XGBoost,4035,2006-10-29 10:30:00,484,530.37
XGBoost,4035,2006-10-29 10:45:00,489,508.43
XGBoost,4035,2006-10-29 11:00:00,537,500.84
XGBoost,4035,2006-10-29 11:15:00,554,551.93
XGBoost,4035,2006-10-29 11:30:00,561,567.72
XGBoost,4035,2006-10-29 11:45:00,614,584.54
XGBoost,4035,2006-10-29 12:00:00,653,611.13
XGBoost,4035,2006-10-29 12:15:00,632,646.31
XGBoost,4035,2006-10-29 12:30:00,625,639.16
XGBoost,4035,2006-10-29 12:45:00,666,642.17
XGBoost,4035,2006-10-29 13:00:00,656,647.19
XGBoost,4035,2006-10-29 13:15:00,638,645.32
XGBoost,4035,2006-10-29 13:30:00,611,626.87
XGBoost,4035,2006-10-29 13:45:00,616,621.07
XGBoost,4035,2006-10-29 14:00:00,545,620.07
XGBoost,4035,2006-10-29 14:15:00,603,586.27
XGBoost,4035,2006-10-29 14:30:00,563,584.38
XGBoost,4035,2006-10-29 14:45:00,644,582.46
XGBoost,4035,2006-10-29 15:00:00,597,599.04
XGBoost,4035,2006-10-29 15:15:00,678,611.46
XGBoost,4035,2006-10-29 15:30:00,628,647.14
XGBoost,4035,2006-10-29 15:45:00,622,629.73
XGBoost,4035,2006-10-29 16:00:00,665,612.54
XGBoost,4035,2006-10-29 16:15:00,671,651.67
XGBoost,4035,2006-10-29 16:30:00,665,652.86
XGBoost,4035,2006-10-29 16:45:00,619,658.87
XGBoost,4035,2006-10-29 17:00:00,619,627.23
XGBoost,4035,2006-10-29 17:15:00,678,624.72
XGBoost,4035,2006-10-29 17:30:00,591,646.7
XGBoost,4035,2006-10-29 17:45:00,646,611.19
XGBoost,4035,2006-10-29 18:00:00,670,579.36
XGBoost,4035,2006-10-29 18:15:00,575,619.5
XGBoost,4035,2006-10-29 18:30:00,555,544.75
XGBoost,4035,2006-10-29 18:45:00,497,510.01
XGBoost,4035,2006-10-29 19:00:00,444,454.5
XGBoost,4035,2006-10-29 19:15:00,398,402.38
XGBoost,4035,2006-10-29 19:30:00,370,362.68
XGBoost,4035,2006-10-29 19:45:00,326,342.85
XGBoost,4035,2006-10-29 20:00:00,332,331.88
XGBoost,4035,2006-10-29 20:15:00,320,313.19
XGBoost,4035,2006-10-29 20:30:00,357,311.89
XGBoost,4035,2006-10-29 20:45:00,324,317.75
XGBoost,4035,2006-10-29 21:00:00,380,319.86
XGBoost,4035,2006-10-29 21:15:00,320,326.58
XGBoost,4035,2006-10-29 21:30:00,310,323.8
XGBoost,4035,2006-10-29 21:45:00,306,301.01
XGBoost,4035,2006-10-29 22:00:00,310,289.56
XGBoost,4035,2006-10-29 22:15:00,271,284.34
XGBoost,4035,2006-10-29 22:30:00,232,259.51
XGBoost,4035,2006-10-29 22:45:00,274,223.76
XGBoost,4035,2006-10-29 23:00:00,192,244.81
XGBoost,4035,2006-10-29 23:15:00,166,184.0
XGBoost,4035,2006-10-29 23:30:00,146,147.92
XGBoost,4035,2006-10-29 23:45:00,97,130.91
XGBoost,4035,2006-10-30 00:00:00,109,98.16
XGBoost,4035,2006-10-30 00:15:00,66,90.08
XGBoost,4035,2006-10-30 00:30:00,76,67.13
XGBoost,4035,2006-10-30 00:45:00,56,55.39
XGBoost,4035,2006-10-30 01:00:00,50,50.11
XGBoost,4035,2006-10-30 01:15:00,41,41.68
XGBoost,4035,2006-10-30 01:30:00,35,35.38
XGBoost,4035,2006-10-30 01:45:00,30,27.29
XGBoost,4035,2006-10-30 02:00:00,41,24.72
XGBoost,4035,2006-10-30 02:15:00,22,28.6
XGBoost,4035,2006-10-30 02:30:00,25,21.86
XGBoost,4035,2006-10-30 02:45:00,24,23.83
XGBoost,4035,2006-10-30 03:00:00,34,26.42
XGBoost,4035,2006-10-30 03:15:00,25,29.38
XGBoost,4035,2006-10-30 03:30:00,26,27.18
XGBoost,4035,2006-10-30 03:45:00,17,25.87
XGBoost,4035,2006-10-30 04:00:00,24,30.65
XGBoost,4035,2006-10-30 04:15:00,37,31.99
XGBoost,4035,2006-10-30 04:30:00,37,42.41
XGBoost,4035,2006-10-30 04:45:00,45,44.79
XGBoost,4035,2006-10-30 05:00:00,58,60.45
XGBoost,4035,2006-10-30 05:15:00,74,81.07
XGBoost,4035,2006-10-30 05:30:00,121,101.17
XGBoost,4035,2006-10-30 05:45:00,131,155.48
XGBoost,4035,2006-10-30 06:00:00,195,188.06
XGBoost,4035,2006-10-30 06:15:00,328,268.07
XGBoost,4035,2006-10-30 06:30:00,450,414.99
XGBoost,4035,2006-10-30 06:45:00,573,581.31
XGBoost,4035,2006-10-30 07:00:00,673,674.07
XGBoost,4035,2006-10-30 07:15:00,722,798.52
XGBoost,4035,2006-10-30 07:30:00,870,815.77
XGBoost,4035,2006-10-30 07:45:00,799,916.42
XGBoost,4035,2006-10-30 08:00:00,808,824.77
XGBoost,4035,2006-10-30 08:15:00,776,794.23
XGBoost,4035,2006-10-30 08:30:00,815,758.39
XGBoost,4035,2006-10-30 08:45:00,825,772.71
XGBoost,4035,2006-10-30 09:00:00,669,721.55
XGBoost,4035,2006-10-30 09:15:00,670,641.08
XGBoost,4035,2006-10-30 09:30:00,639,617.6
XGBoost,4035,2006-10-30 09:45:00,555,584.85
XGBoost,4035,2006-10-30 10:00:00,622,544.93
XGBoost,4035,2006-10-30 10:15:00,574,578.5
XGBoost,4035,2006-10-30 10:30:00,561,552.89
XGBoost,4035,2006-10-30 10:45:00,581,545.8
XGBoost,4035,2006-10-30 11:00:00,517,578.6
XGBoost,4035,2006-10-30 11:15:00,570,562.77
XGBoost,4035,2006-10-30 11:30:00,531,557.06
XGBoost,4035,2006-10-30 11:45:00,553,574.42
XGBoost,4035,2006-10-30 12:00:00,575,564.3
XGBoost,4035,2006-10-30 12:15:00,583,582.42
XGBoost,4035,2006-10-30 12:30:00,578,587.79
XGBoost,4035,2006-10-30 12:45:00,541,599.71
XGBoost,4035,2006-10-30 13:00:00,568,569.62
XGBoost,4035,2006-10-30 13:15:00,536,580.51
XGBoost,4035,2006-10-30 13:30:00,589,565.86
XGBoost,4035,2006-10-30 13:45:00,608,575.19
XGBoost,4035,2006-10-30 14:00:00,568,606.19
XGBoost,4035,2006-10-30 14:15:00,566,613.0
XGBoost,4035,2006-10-30 14:30:00,617,595.46
XGBoost,4035,2006-10-30 14:45:00,652,631.41
XGBoost,4035,2006-10-30 15:00:00,669,664.02
XGBoost,4035,2006-10-30 15:15:00,726,708.59
XGBoost,4035,2006-10-30 15:30:00,643,734.56
XGBoost,4035,2006-10-30 15:45:00,710,694.58
XGBoost,4035,2006-10-30 16:00:00,725,734.08
XGBoost,4035,2006-10-30 16:15:00,728,744.25
XGBoost,4035,2006-10-30 16:30:00,745,743.59
XGBoost,4035,2006-10-30 16:45:00,780,758.29
XGBoost,4035,2006-10-30 17:00:00,755,794.87
XGBoost,4035,2006-10-30 17:15:00,778,790.64
XGBoost,4035,2006-10-30 17:30:00,798,793.74
XGBoost,4035,2006-10-30 17:45:00,781,818.72
XGBoost,4035,2006-10-30 18:00:00,815,757.03
XGBoost,4035,2006-10-30 18:15:00,717,765.59
XGBoost,4035,2006-10-30 18:30:00,689,704.4
XGBoost,4035,2006-10-30 18:45:00,614,650.6
XGBoost,4035,2006-10-30 19:00:00,588,566.78
XGBoost,4035,2006-10-30 19:15:00,518,516.66
XGBoost,4035,2006-10-30 19:30:00,443,469.84
XGBoost,4035,2006-10-30 19:45:00,392,406.06
XGBoost,4035,2006-10-30 20:00:00,422,372.33
XGBoost,4035,2006-10-30 20:15:00,380,383.68
XGBoost,4035,2006-10-30 20:30:00,336,377.37
XGBoost,4035,2006-10-30 20:45:00,374,336.5
XGBoost,4035,2006-10-30 21:00:00,294,370.5
XGBoost,4035,2006-10-30 21:15:00,317,324.5
XGBoost,4035,2006-10-30 21:30:00,316,307.47
XGBoost,4035,2006-10-30 21:45:00,305,307.14
XGBoost,4035,2006-10-30 22:00:00,252,294.3
XGBoost,4035,2006-10-30 22:15:00,232,256.37
XGBoost,4035,2006-10-30 22:30:00,284,222.18
XGBoost,4035,2006-10-30 22:45:00,166,263.96
XGBoost,4035,2006-10-30 23:00:00,167,180.0
XGBoost,4035,2006-10-30 23:15:00,141,149.48
XGBoost,4035,2006-10-30 23:30:00,114,132.21
XGBoost,4035,2006-10-30 23:45:00,113,98.23
XGBoost,4035,2006-10-31 00:00:00,90,102.53
XGBoost,4035,2006-10-31 00:15:00,70,75.81
XGBoost,4035,2006-10-31 00:30:00,70,60.67
XGBoost,4035,2006-10-31 00:45:00,54,53.51
XGBoost,4035,2006-10-31 01:00:00,44,46.21
XGBoost,4035,2006-10-31 01:15:00,40,37.88
XGBoost,4035,2006-10-31 01:30:00,33,33.47
XGBoost,4035,2006-10-31 01:45:00,26,30.09
XGBoost,4035,2006-10-31 02:00:00,19,27.48
XGBoost,4035,2006-10-31 02:15:00,30,20.55
XGBoost,4035,2006-10-31 02:30:00,25,23.43
XGBoost,4035,2006-10-31 02:45:00,30,23.95
XGBoost,4035,2006-10-31 03:00:00,24,27.3
XGBoost,4035,2006-10-31 03:15:00,17,25.11
XGBoost,4035,2006-10-31 03:30:00,27,21.12
XGBoost,4035,2006-10-31 03:45:00,24,21.92
XGBoost,4035,2006-10-31 04:00:00,38,29.5
XGBoost,4035,2006-10-31 04:15:00,16,41.82
XGBoost,4035,2006-10-31 04:30:00,36,29.42
XGBoost,4035,2006-10-31 04:45:00,52,40.58
XGBoost,4035,2006-10-31 05:00:00,59,67.45
XGBoost,4035,2006-10-31 05:15:00,99,81.36
XGBoost,4035,2006-10-31 05:30:00,92,133.83
XGBoost,4035,2006-10-31 05:45:00,155,147.05
XGBoost,4035,2006-10-31 06:00:00,221,208.56
XGBoost,4035,2006-10-31 06:15:00,310,324.31
XGBoost,4035,2006-10-31 06:30:00,468,459.89
XGBoost,4035,2006-10-31 06:45:00,617,579.22
XGBoost,4035,2006-10-31 07:00:00,662,703.3
XGBoost,4035,2006-10-31 07:15:00,783,756.42
XGBoost,4035,2006-10-31 07:30:00,780,881.72
XGBoost,4035,2006-10-31 07:45:00,848,839.35
XGBoost,4035,2006-10-31 08:00:00,833,817.45
XGBoost,4035,2006-10-31 08:15:00,872,812.81
XGBoost,4035,2006-10-31 08:30:00,838,830.04
XGBoost,4035,2006-10-31 08:45:00,713,818.29
XGBoost,4035,2006-10-31 09:00:00,688,702.31
XGBoost,4035,2006-10-31 09:15:00,665,673.75
XGBoost,4035,2006-10-31 09:30:00,691,638.86
XGBoost,4035,2006-10-31 09:45:00,644,616.98
XGBoost,4035,2006-10-31 10:00:00,592,633.28
XGBoost,4035,2006-10-31 10:15:00,550,601.05
XGBoost,4035,2006-10-31 10:30:00,542,573.61
XGBoost,4035,2006-10-31 10:45:00,575,563.01
XGBoost,4035,2006-10-31 11:00:00,572,561.23
XGBoost,4035,2006-10-31 11:15:00,567,573.38
XGBoost,4035,2006-10-31 11:30:00,592,560.18
XGBoost,4035,2006-10-31 11:45:00,594,579.82
XGBoost,4035,2006-10-31 12:00:00,576,592.06
XGBoost,4035,2006-10-31 12:15:00,567,585.14
XGBoost,4035,2006-10-31 12:30:00,588,577.83
XGBoost,4035,2006-10-31 12:45:00,580,574.38
XGBoost,4035,2006-10-31 13:00:00,587,585.28
XGBoost,4035,2006-10-31 13:15:00,593,573.5
XGBoost,4035,2006-10-31 13:30:00,667,590.97
XGBoost,4035,2006-10-31 13:45:00,535,626.91
XGBoost,4035,2006-10-31 14:00:00,605,598.93
XGBoost,4035,2006-10-31 14:15:00,639,589.98
XGBoost,4035,2006-10-31 14:30:00,609,637.78
XGBoost,4035,2006-10-31 14:45:00,647,642.02
XGBoost,4035,2006-10-31 15:00:00,647,678.27
XGBoost,4035,2006-10-31 15:15:00,774,707.66
XGBoost,4035,2006-10-31 15:30:00,692,724.11
XGBoost,4035,2006-10-31 15:45:00,729,736.05
XGBoost,4035,2006-10-31 16:00:00,706,738.14
XGBoost,4035,2006-10-31 16:15:00,731,742.56
XGBoost,4035,2006-10-31 16:30:00,753,750.07
XGBoost,4035,2006-10-31 16:45:00,757,784.88
XGBoost,4035,2006-10-31 17:00:00,761,774.73
XGBoost,4035,2006-10-31 17:15:00,815,792.9
XGBoost,4035,2006-10-31 17:30:00,804,813.27
XGBoost,4035,2006-10-31 17:45:00,790,819.38
XGBoost,4035,2006-10-31 18:00:00,773,791.43
XGBoost,4035,2006-10-31 18:15:00,825,744.02
XGBoost,4035,2006-10-31 18:30:00,783,751.01
XGBoost,4035,2006-10-31 18:45:00,723,718.71
XGBoost,4035,2006-10-31 19:00:00,669,657.07
XGBoost,4035,2006-10-31 19:15:00,614,598.3
XGBoost,4035,2006-10-31 19:30:00,515,542.19
XGBoost,4035,2006-10-31 19:45:00,441,469.73
XGBoost,4035,2006-10-31 20:00:00,429,433.12
XGBoost,4035,2006-10-31 20:15:00,430,406.85
XGBoost,4035,2006-10-31 20:30:00,423,394.96
XGBoost,4035,2006-10-31 20:45:00,367,395.52
XGBoost,4035,2006-10-31 21:00:00,395,366.63
XGBoost,4035,2006-10-31 21:15:00,387,372.92
XGBoost,4035,2006-10-31 21:30:00,348,365.86
XGBoost,4035,2006-10-31 21:45:00,332,341.81
XGBoost,4035,2006-10-31 22:00:00,322,302.65
XGBoost,4035,2006-10-31 22:15:00,305,290.68
XGBoost,4035,2006-10-31 22:30:00,276,293.08
XGBoost,4035,2006-10-31 22:45:00,242,247.99
XGBoost,4035,2006-10-31 23:00:00,229,211.24
XGBoost,4035,2006-10-31 23:15:00,180,195.77
XGBoost,4035,2006-10-31 23:30:00,146,155.23
XGBoost,4035,2006-10-31 23:45:00,116,125.04
XGBoost,4040,2006-10-27 12:00:00,613,607.25
XGBoost,4040,2006-10-27 12:15:00,663,603.71
XGBoost,4040,2006-10-27 12:30:00,574,644.18
XGBoost,4040,2006-10-27 12:45:00,606,602.77
XGBoost,4040,2006-10-27 13:00:00,554,612.3
XGBoost,4040,2006-10-27 13:15:00,581,596.59
XGBoost,4040,2006-10-27 13:30:00,552,584.2
XGBoost,4040,2006-10-27 13:45:00,565,583.8
XGBoost,4040,2006-10-27 14:00:00,645,611.42
XGBoost,4040,2006-10-27 14:15:00,627,654.17
XGBoost,4040,2006-10-27 14:30:00,627,619.12
XGBoost,4040,2006-10-27 14:45:00,658,631.79
XGBoost,4040,2006-10-27 15:00:00,625,658.76
XGBoost,4040,2006-10-27 15:15:00,638,681.16
XGBoost,4040,2006-10-27 15:30:00,576,610.32
XGBoost,4040,2006-10-27 15:45:00,620,632.1
XGBoost,4040,2006-10-27 16:00:00,644,628.32
XGBoost,4040,2006-10-27 16:15:00,675,644.59
XGBoost,4040,2006-10-27 16:30:00,681,682.89
XGBoost,4040,2006-10-27 16:45:00,704,718.97
XGBoost,4040,2006-10-27 17:00:00,710,728.8
XGBoost,4040,2006-10-27 17:15:00,775,759.91
XGBoost,4040,2006-10-27 17:30:00,741,749.06
XGBoost,4040,2006-10-27 17:45:00,749,748.63
XGBoost,4040,2006-10-27 18:00:00,744,754.77
XGBoost,4040,2006-10-27 18:15:00,747,756.48
XGBoost,4040,2006-10-27 18:30:00,704,686.52
XGBoost,4040,2006-10-27 18:45:00,627,659.47
XGBoost,4040,2006-10-27 19:00:00,655,611.37
XGBoost,4040,2006-10-27 19:15:00,595,594.85
XGBoost,4040,2006-10-27 19:30:00,561,571.26
XGBoost,4040,2006-10-27 19:45:00,562,497.23
XGBoost,4040,2006-10-27 20:00:00,490,496.54
XGBoost,4040,2006-10-27 20:15:00,444,464.01
XGBoost,4040,2006-10-27 20:30:00,455,432.01
XGBoost,4040,2006-10-27 20:45:00,426,422.98
XGBoost,4040,2006-10-27 21:00:00,441,434.4
XGBoost,4040,2006-10-27 21:15:00,394,431.11
XGBoost,4040,2006-10-27 21:30:00,396,407.02
XGBoost,4040,2006-10-27 21:45:00,358,385.02
XGBoost,4040,2006-10-27 22:00:00,362,371.55
XGBoost,4040,2006-10-27 22:15:00,388,361.96
XGBoost,4040,2006-10-27 22:30:00,370,361.69
XGBoost,4040,2006-10-27 22:45:00,347,358.32
XGBoost,4040,2006-10-27 23:00:00,374,326.86
XGBoost,4040,2006-10-27 23:15:00,315,333.36
XGBoost,4040,2006-10-27 23:30:00,315,295.9
XGBoost,4040,2006-10-27 23:45:00,256,280.57
XGBoost,4040,2006-10-28 00:00:00,259,240.32
XGBoost,4040,2006-10-28 00:15:00,250,223.16
XGBoost,4040,2006-10-28 00:30:00,220,223.63
XGBoost,4040,2006-10-28 00:45:00,205,197.23
XGBoost,4040,2006-10-28 01:00:00,160,181.52
XGBoost,4040,2006-10-28 01:15:00,190,148.07
XGBoost,4040,2006-10-28 01:30:00,149,156.38
XGBoost,4040,2006-10-28 01:45:00,164,133.95
XGBoost,4040,2006-10-28 02:00:00,112,141.63
XGBoost,4040,2006-10-28 02:15:00,116,111.38
XGBoost,4040,2006-10-28 02:30:00,96,101.77
XGBoost,4040,2006-10-28 02:45:00,93,91.45
XGBoost,4040,2006-10-28 03:00:00,132,85.29
XGBoost,4040,2006-10-28 03:15:00,78,108.93
XGBoost,4040,2006-10-28 03:30:00,87,82.02
XGBoost,4040,2006-10-28 03:45:00,84,78.31
XGBoost,4040,2006-10-28 04:00:00,75,77.45
XGBoost,4040,2006-10-28 04:15:00,78,74.04
XGBoost,4040,2006-10-28 04:30:00,101,73.42
XGBoost,4040,2006-10-28 04:45:00,82,91.73
XGBoost,4040,2006-10-28 05:00:00,88,94.17
XGBoost,4040,2006-10-28 05:15:00,103,100.88
XGBoost,4040,2006-10-28 05:30:00,133,117.16
XGBoost,4040,2006-10-28 05:45:00,144,153.63
XGBoost,4040,2006-10-28 06:00:00,126,180.75
XGBoost,4040,2006-10-28 06:15:00,215,171.8
XGBoost,4040,2006-10-28 06:30:00,202,225.81
XGBoost,4040,2006-10-28 06:45:00,273,250.86
XGBoost,4040,2006-10-28 07:00:00,251,290.12
XGBoost,4040,2006-10-28 07:15:00,332,304.84
XGBoost,4040,2006-10-28 07:30:00,349,366.09
XGBoost,4040,2006-10-28 07:45:00,419,416.15
XGBoost,4040,2006-10-28 08:00:00,434,467.16
XGBoost,4040,2006-10-28 08:15:00,454,506.17
XGBoost,4040,2006-10-28 08:30:00,519,532.79
XGBoost,4040,2006-10-28 08:45:00,551,576.92
XGBoost,4040,2006-10-28 09:00:00,536,579.15
XGBoost,4040,2006-10-28 09:15:00,579,580.64
XGBoost,4040,2006-10-28 09:30:00,581,610.94
XGBoost,4040,2006-10-28 09:45:00,571,622.35
XGBoost,4040,2006-10-28 10:00:00,627,601.18
XGBoost,4040,2006-10-28 10:15:00,676,627.73
XGBoost,4040,2006-10-28 10:30:00,624,667.7
XGBoost,4040,2006-10-28 10:45:00,629,652.63
XGBoost,4040,2006-10-28 11:00:00,574,641.26
XGBoost,4040,2006-10-28 11:15:00,609,666.01
XGBoost,4040,2006-10-28 11:30:00,604,635.41
XGBoost,4040,2006-10-28 11:45:00,678,643.5
XGBoost,4040,2006-10-28 12:00:00,660,660.07
XGBoost,4040,2006-10-28 12:15:00,653,681.8
XGBoost,4040,2006-10-28 12:30:00,644,649.4
XGBoost,4040,2006-10-28 12:45:00,619,666.2
XGBoost,4040,2006-10-28 13:00:00,674,619.07
XGBoost,4040,2006-10-28 13:15:00,618,641.29
XGBoost,4040,2006-10-28 13:30:00,662,621.08
XGBoost,4040,2006-10-28 13:45:00,683,629.36
XGBoost,4040,2006-10-28 14:00:00,686,670.52
XGBoost,4040,2006-10-28 14:15:00,641,673.62
XGBoost,4040,2006-10-28 14:30:00,646,650.86
XGBoost,4040,2006-10-28 14:45:00,648,658.27
XGBoost,4040,2006-10-28 15:00:00,641,653.87
XGBoost,4040,2006-10-28 15:15:00,587,636.37
XGBoost,4040,2006-10-28 15:30:00,591,614.16
XGBoost,4040,2006-10-28 15:45:00,609,608.54
XGBoost,4040,2006-10-28 16:00:00,619,613.93
XGBoost,4040,2006-10-28 16:15:00,617,613.06
XGBoost,4040,2006-10-28 16:30:00,618,618.17
XGBoost,4040,2006-10-28 16:45:00,621,620.62
XGBoost,4040,2006-10-28 17:00:00,643,619.98
XGBoost,4040,2006-10-28 17:15:00,713,629.77
XGBoost,4040,2006-10-28 17:30:00,674,681.01
XGBoost,4040,2006-10-28 17:45:00,633,670.87
XGBoost,4040,2006-10-28 18:00:00,653,621.96
XGBoost,4040,2006-10-28 18:15:00,643,627.81
XGBoost,4040,2006-10-28 18:30:00,631,614.16
XGBoost,4040,2006-10-28 18:45:00,585,594.01
XGBoost,4040,2006-10-28 19:00:00,628,555.97
XGBoost,4040,2006-10-28 19:15:00,555,543.5
XGBoost,4040,2006-10-28 19:30:00,598,505.31
XGBoost,4040,2006-10-28 19:45:00,539,508.42
XGBoost,4040,2006-10-28 20:00:00,536,487.6
XGBoost,4040,2006-10-28 20:15:00,489,458.9
XGBoost,4040,2006-10-28 20:30:00,408,441.8
XGBoost,4040,2006-10-28 20:45:00,394,387.43
XGBoost,4040,2006-10-28 21:00:00,405,395.65
XGBoost,4040,2006-10-28 21:15:00,426,388.56
XGBoost,4040,2006-10-28 21:30:00,376,398.23
XGBoost,4040,2006-10-28 21:45:00,413,373.2
XGBoost,4040,2006-10-28 22:00:00,415,389.11
XGBoost,4040,2006-10-28 22:15:00,402,400.82
XGBoost,4040,2006-10-28 22:30:00,409,392.44
XGBoost,4040,2006-10-28 22:45:00,441,389.31
XGBoost,4040,2006-10-28 23:00:00,424,417.05
XGBoost,4040,2006-10-28 23:15:00,406,402.29
XGBoost,4040,2006-10-28 23:30:00,387,385.87
XGBoost,4040,2006-10-28 23:45:00,369,360.25
XGBoost,4040,2006-10-29 00:00:00,397,342.91
XGBoost,4040,2006-10-29 00:15:00,342,340.13
XGBoost,4040,2006-10-29 00:30:00,275,314.32
XGBoost,4040,2006-10-29 00:45:00,237,269.04
XGBoost,4040,2006-10-29 01:00:00,233,213.14
XGBoost,4040,2006-10-29 01:15:00,237,208.76
XGBoost,4040,2006-10-29 01:30:00,214,196.92
XGBoost,4040,2006-10-29 01:45:00,137,190.52
XGBoost,4040,2006-10-29 02:00:00,120,142.55
XGBoost,4040,2006-10-29 02:15:00,100,120.84
XGBoost,4040,2006-10-29 02:30:00,81,99.38
XGBoost,4040,2006-10-29 02:45:00,184,82.97
XGBoost,4040,2006-10-29 03:00:00,163,139.94
XGBoost,4040,2006-10-29 03:15:00,125,144.38
XGBoost,4040,2006-10-29 03:30:00,148,121.41
XGBoost,4040,2006-10-29 03:45:00,121,129.19
XGBoost,4040,2006-10-29 04:00:00,147,118.39
XGBoost,4040,2006-10-29 04:15:00,113,135.46
XGBoost,4040,2006-10-29 04:30:00,92,131.14
XGBoost,4040,2006-10-29 04:45:00,104,90.7
XGBoost,4040,2006-10-29 05:00:00,84,96.92
XGBoost,4040,2006-10-29 05:15:00,106,91.06
XGBoost,4040,2006-10-29 05:30:00,121,103.47
XGBoost,4040,2006-10-29 05:45:00,132,124.59
XGBoost,4040,2006-10-29 06:00:00,125,127.43
XGBoost,4040,2006-10-29 06:15:00,178,139.78
XGBoost,4040,2006-10-29 06:30:00,166,186.36
XGBoost,4040,2006-10-29 06:45:00,203,190.63
XGBoost,4040,2006-10-29 07:00:00,203,201.76
XGBoost,4040,2006-10-29 07:15:00,206,229.34
XGBoost,4040,2006-10-29 07:30:00,229,241.15
XGBoost,4040,2006-10-29 07:45:00,258,261.05
XGBoost,4040,2006-10-29 08:00:00,253,294.74
XGBoost,4040,2006-10-29 08:15:00,280,287.16
XGBoost,4040,2006-10-29 08:30:00,260,322.97
XGBoost,4040,2006-10-29 08:45:00,377,315.15
XGBoost,4040,2006-10-29 09:00:00,334,383.63
XGBoost,4040,2006-10-29 09:15:00,430,376.44
XGBoost,4040,2006-10-29 09:30:00,447,447.27
XGBoost,4040,2006-10-29 09:45:00,513,488.3
XGBoost,4040,2006-10-29 10:00:00,440,508.08
XGBoost,4040,2006-10-29 10:15:00,547,499.89
XGBoost,4040,2006-10-29 10:30:00,550,535.04
XGBoost,4040,2006-10-29 10:45:00,579,563.18
XGBoost,4040,2006-10-29 11:00:00,574,563.43
XGBoost,4040,2006-10-29 11:15:00,589,581.16
XGBoost,4040,2006-10-29 11:30:00,559,586.07
XGBoost,4040,2006-10-29 11:45:00,543,598.56
XGBoost,4040,2006-10-29 12:00:00,631,563.7
XGBoost,4040,2006-10-29 12:15:00,637,605.11
XGBoost,4040,2006-10-29 12:30:00,625,621.02
XGBoost,4040,2006-10-29 12:45:00,694,627.14
XGBoost,4040,2006-10-29 13:00:00,653,655.32
XGBoost,4040,2006-10-29 13:15:00,649,636.25
XGBoost,4040,2006-10-29 13:30:00,635,636.67
XGBoost,4040,2006-10-29 13:45:00,616,638.02
XGBoost,4040,2006-10-29 14:00:00,615,619.83
XGBoost,4040,2006-10-29 14:15:00,628,614.46
XGBoost,4040,2006-10-29 14:30:00,579,614.34
XGBoost,4040,2006-10-29 14:45:00,604,598.6
XGBoost,4040,2006-10-29 15:00:00,635,604.4
XGBoost,4040,2006-10-29 15:15:00,616,615.17
XGBoost,4040,2006-10-29 15:30:00,593,614.58
XGBoost,4040,2006-10-29 15:45:00,624,602.25
XGBoost,4040,2006-10-29 16:00:00,622,613.68
XGBoost,4040,2006-10-29 16:15:00,623,614.53
XGBoost,4040,2006-10-29 16:30:00,646,613.69
XGBoost,4040,2006-10-29 16:45:00,602,627.39
XGBoost,4040,2006-10-29 17:00:00,638,611.42
XGBoost,4040,2006-10-29 17:15:00,583,621.22
XGBoost,4040,2006-10-29 17:30:00,629,604.12
XGBoost,4040,2006-10-29 17:45:00,658,604.25
XGBoost,4040,2006-10-29 18:00:00,552,594.99
XGBoost,4040,2006-10-29 18:15:00,552,539.94
XGBoost,4040,2006-10-29 18:30:00,515,519.8
XGBoost,4040,2006-10-29 18:45:00,498,499.24
XGBoost,4040,2006-10-29 19:00:00,502,443.87
XGBoost,4040,2006-10-29 19:15:00,378,431.0
XGBoost,4040,2006-10-29 19:30:00,362,383.37
XGBoost,4040,2006-10-29 19:45:00,329,333.65
XGBoost,4040,2006-10-29 20:00:00,334,330.36
XGBoost,4040,2006-10-29 20:15:00,362,314.2
XGBoost,4040,2006-10-29 20:30:00,404,328.48
XGBoost,4040,2006-10-29 20:45:00,335,354.68
XGBoost,4040,2006-10-29 21:00:00,364,343.21
XGBoost,4040,2006-10-29 21:15:00,341,335.36
XGBoost,4040,2006-10-29 21:30:00,308,334.63
XGBoost,4040,2006-10-29 21:45:00,317,312.89
XGBoost,4040,2006-10-29 22:00:00,328,294.08
XGBoost,4040,2006-10-29 22:15:00,273,301.65
XGBoost,4040,2006-10-29 22:30:00,241,269.97
XGBoost,4040,2006-10-29 22:45:00,258,240.33
XGBoost,4040,2006-10-29 23:00:00,200,238.82
XGBoost,4040,2006-10-29 23:15:00,197,192.88
XGBoost,4040,2006-10-29 23:30:00,161,181.12
XGBoost,4040,2006-10-29 23:45:00,131,152.75
XGBoost,4040,2006-10-30 00:00:00,154,121.2
XGBoost,4040,2006-10-30 00:15:00,119,132.89
XGBoost,4040,2006-10-30 00:30:00,98,116.41
XGBoost,4040,2006-10-30 00:45:00,69,90.91
XGBoost,4040,2006-10-30 01:00:00,74,64.26
XGBoost,4040,2006-10-30 01:15:00,67,56.56
XGBoost,4040,2006-10-30 01:30:00,50,55.34
XGBoost,4040,2006-10-30 01:45:00,49,44.79
XGBoost,4040,2006-10-30 02:00:00,34,43.31
XGBoost,4040,2006-10-30 02:15:00,33,33.67
XGBoost,4040,2006-10-30 02:30:00,37,31.48
XGBoost,4040,2006-10-30 02:45:00,41,36.2
XGBoost,4040,2006-10-30 03:00:00,37,37.45
XGBoost,4040,2006-10-30 03:15:00,59,34.9
XGBoost,4040,2006-10-30 03:30:00,44,52.67
XGBoost,4040,2006-10-30 03:45:00,36,47.0
XGBoost,4040,2006-10-30 04:00:00,58,48.65
XGBoost,4040,2006-10-30 04:15:00,44,65.71
XGBoost,4040,2006-10-30 04:30:00,70,57.39
XGBoost,4040,2006-10-30 04:45:00,80,71.8
XGBoost,4040,2006-10-30 05:00:00,77,108.86
XGBoost,4040,2006-10-30 05:15:00,113,108.08
XGBoost,4040,2006-10-30 05:30:00,156,150.75
XGBoost,4040,2006-10-30 05:45:00,209,207.2
XGBoost,4040,2006-10-30 06:00:00,251,271.38
XGBoost,4040,2006-10-30 06:15:00,358,360.9
XGBoost,4040,2006-10-30 06:30:00,425,412.06
XGBoost,4040,2006-10-30 06:45:00,515,550.46
XGBoost,4040,2006-10-30 07:00:00,601,630.33
XGBoost,4040,2006-10-30 07:15:00,721,666.6
XGBoost,4040,2006-10-30 07:30:00,785,791.52
XGBoost,4040,2006-10-30 07:45:00,798,837.32
XGBoost,4040,2006-10-30 08:00:00,773,801.25
XGBoost,4040,2006-10-30 08:15:00,855,768.76
XGBoost,4040,2006-10-30 08:30:00,861,842.91
XGBoost,4040,2006-10-30 08:45:00,756,820.01
XGBoost,4040,2006-10-30 09:00:00,684,693.21
XGBoost,4040,2006-10-30 09:15:00,655,651.14
XGBoost,4040,2006-10-30 09:30:00,601,600.3
XGBoost,4040,2006-10-30 09:45:00,596,569.63
XGBoost,4040,2006-10-30 10:00:00,530,574.25
XGBoost,4040,2006-10-30 10:15:00,611,560.78
XGBoost,4040,2006-10-30 10:30:00,593,558.25
XGBoost,4040,2006-10-30 10:45:00,566,587.24
XGBoost,4040,2006-10-30 11:00:00,586,585.56
XGBoost,4040,2006-10-30 11:15:00,606,596.16
XGBoost,4040,2006-10-30 11:30:00,572,591.92
XGBoost,4040,2006-10-30 11:45:00,635,578.39
XGBoost,4040,2006-10-30 12:00:00,579,602.6
XGBoost,4040,2006-10-30 12:15:00,549,602.46
XGBoost,4040,2006-10-30 12:30:00,575,580.3
XGBoost,4040,2006-10-30 12:45:00,580,597.45
XGBoost,4040,2006-10-30 13:00:00,596,595.37
XGBoost,4040,2006-10-30 13:15:00,600,601.6
XGBoost,4040,2006-10-30 13:30:00,588,600.77
XGBoost,4040,2006-10-30 13:45:00,584,594.94
XGBoost,4040,2006-10-30 14:00:00,543,624.26
XGBoost,4040,2006-10-30 14:15:00,583,598.33
XGBoost,4040,2006-10-30 14:30:00,523,598.52
XGBoost,4040,2006-10-30 14:45:00,585,590.11
XGBoost,4040,2006-10-30 15:00:00,569,628.87
XGBoost,4040,2006-10-30 15:15:00,605,632.9
XGBoost,4040,2006-10-30 15:30:00,593,633.75
XGBoost,4040,2006-10-30 15:45:00,609,646.25
XGBoost,4040,2006-10-30 16:00:00,656,646.67
XGBoost,4040,2006-10-30 16:15:00,637,671.63
XGBoost,4040,2006-10-30 16:30:00,699,672.78
XGBoost,4040,2006-10-30 16:45:00,689,704.18
XGBoost,4040,2006-10-30 17:00:00,764,732.06
XGBoost,4040,2006-10-30 17:15:00,754,766.04
XGBoost,4040,2006-10-30 17:30:00,727,780.37
XGBoost,4040,2006-10-30 17:45:00,810,762.21
XGBoost,4040,2006-10-30 18:00:00,737,733.9
XGBoost,4040,2006-10-30 18:15:00,750,706.31
XGBoost,4040,2006-10-30 18:30:00,643,703.84
XGBoost,4040,2006-10-30 18:45:00,598,628.09
XGBoost,4040,2006-10-30 19:00:00,608,550.66
XGBoost,4040,2006-10-30 19:15:00,544,529.1
XGBoost,4040,2006-10-30 19:30:00,486,483.08
XGBoost,4040,2006-10-30 19:45:00,380,436.03
XGBoost,4040,2006-10-30 20:00:00,392,372.27
XGBoost,4040,2006-10-30 20:15:00,354,376.81
XGBoost,4040,2006-10-30 20:30:00,377,367.11
XGBoost,4040,2006-10-30 20:45:00,392,351.72
XGBoost,4040,2006-10-30 21:00:00,351,387.82
XGBoost,4040,2006-10-30 21:15:00,362,357.37
XGBoost,4040,2006-10-30 21:30:00,387,342.86
XGBoost,4040,2006-10-30 21:45:00,354,360.92
XGBoost,4040,2006-10-30 22:00:00,284,343.68
XGBoost,4040,2006-10-30 22:15:00,284,287.0
XGBoost,4040,2006-10-30 22:30:00,262,256.66
XGBoost,4040,2006-10-30 22:45:00,242,256.47
XGBoost,4040,2006-10-30 23:00:00,214,219.81
XGBoost,4040,2006-10-30 23:15:00,192,200.39
XGBoost,4040,2006-10-30 23:30:00,150,166.92
XGBoost,4040,2006-10-30 23:45:00,148,130.93
XGBoost,4040,2006-10-31 00:00:00,151,138.12
XGBoost,4040,2006-10-31 00:15:00,101,127.56
XGBoost,4040,2006-10-31 00:30:00,88,96.47
XGBoost,4040,2006-10-31 00:45:00,61,73.19
XGBoost,4040,2006-10-31 01:00:00,60,59.38
XGBoost,4040,2006-10-31 01:15:00,58,47.71
XGBoost,4040,2006-10-31 01:30:00,38,45.72
XGBoost,4040,2006-10-31 01:45:00,29,37.03
XGBoost,4040,2006-10-31 02:00:00,34,30.83
XGBoost,4040,2006-10-31 02:15:00,36,30.21
XGBoost,4040,2006-10-31 02:30:00,38,31.73
XGBoost,4040,2006-10-31 02:45:00,36,33.77
XGBoost,4040,2006-10-31 03:00:00,34,33.32
XGBoost,4040,2006-10-31 03:15:00,37,33.5
XGBoost,4040,2006-10-31 03:30:00,27,33.77
XGBoost,4040,2006-10-31 03:45:00,54,29.34
XGBoost,4040,2006-10-31 04:00:00,43,55.9
XGBoost,4040,2006-10-31 04:15:00,38,51.27
XGBoost,4040,2006-10-31 04:30:00,56,48.61
XGBoost,4040,2006-10-31 04:45:00,57,63.01
XGBoost,4040,2006-10-31 05:00:00,82,83.01
XGBoost,4040,2006-10-31 05:15:00,141,112.24
XGBoost,4040,2006-10-31 05:30:00,156,181.47
XGBoost,4040,2006-10-31 05:45:00,221,209.74
XGBoost,4040,2006-10-31 06:00:00,286,295.22
XGBoost,4040,2006-10-31 06:15:00,347,385.01
XGBoost,4040,2006-10-31 06:30:00,489,479.74
XGBoost,4040,2006-10-31 06:45:00,552,579.87
XGBoost,4040,2006-10-31 07:00:00,620,638.65
XGBoost,4040,2006-10-31 07:15:00,729,724.11
XGBoost,4040,2006-10-31 07:30:00,846,817.94
XGBoost,4040,2006-10-31 07:45:00,848,810.19
XGBoost,4040,2006-10-31 08:00:00,830,811.64
XGBoost,4040,2006-10-31 08:15:00,843,854.32
XGBoost,4040,2006-10-31 08:30:00,897,840.95
XGBoost,4040,2006-10-31 08:45:00,818,828.25
XGBoost,4040,2006-10-31 09:00:00,759,734.56
XGBoost,4040,2006-10-31 09:15:00,637,720.22
XGBoost,4040,2006-10-31 09:30:00,632,623.91
XGBoost,4040,2006-10-31 09:45:00,627,600.18
XGBoost,4040,2006-10-31 10:00:00,583,587.01
XGBoost,4040,2006-10-31 10:15:00,632,600.77
XGBoost,4040,2006-10-31 10:30:00,602,599.78
XGBoost,4040,2006-10-31 10:45:00,630,586.59
XGBoost,4040,2006-10-31 11:00:00,655,610.27
XGBoost,4040,2006-10-31 11:15:00,633,629.38
XGBoost,4040,2006-10-31 11:30:00,624,615.91
XGBoost,4040,2006-10-31 11:45:00,652,628.69
XGBoost,4040,2006-10-31 12:00:00,630,620.59
XGBoost,4040,2006-10-31 12:15:00,686,605.25
XGBoost,4040,2006-10-31 12:30:00,594,644.6
XGBoost,4040,2006-10-31 12:45:00,579,615.91
XGBoost,4040,2006-10-31 13:00:00,648,599.96
XGBoost,4040,2006-10-31 13:15:00,602,622.91
XGBoost,4040,2006-10-31 13:30:00,622,608.35
XGBoost,4040,2006-10-31 13:45:00,600,605.53
XGBoost,4040,2006-10-31 14:00:00,614,603.5
XGBoost,4040,2006-10-31 14:15:00,592,624.1
XGBoost,4040,2006-10-31 14:30:00,605,592.73
XGBoost,4040,2006-10-31 14:45:00,651,612.85
XGBoost,4040,2006-10-31 15:00:00,639,635.85
XGBoost,4040,2006-10-31 15:15:00,657,650.79
XGBoost,4040,2006-10-31 15:30:00,616,648.71
XGBoost,4040,2006-10-31 15:45:00,605,650.31
XGBoost,4040,2006-10-31 16:00:00,559,656.37
XGBoost,4040,2006-10-31 16:15:00,582,640.04
XGBoost,4040,2006-10-31 16:30:00,678,638.95
XGBoost,4040,2006-10-31 16:45:00,639,688.35
XGBoost,4040,2006-10-31 17:00:00,760,709.9
XGBoost,4040,2006-10-31 17:15:00,707,753.45
XGBoost,4040,2006-10-31 17:30:00,765,747.21
XGBoost,4040,2006-10-31 17:45:00,776,777.2
XGBoost,4040,2006-10-31 18:00:00,723,740.45
XGBoost,4040,2006-10-31 18:15:00,648,747.18
XGBoost,4040,2006-10-31 18:30:00,760,650.84
XGBoost,4040,2006-10-31 18:45:00,692,673.97
XGBoost,4040,2006-10-31 19:00:00,582,638.72
XGBoost,4040,2006-10-31 19:15:00,587,549.55
XGBoost,4040,2006-10-31 19:30:00,529,520.97
XGBoost,4040,2006-10-31 19:45:00,468,465.75
XGBoost,4040,2006-10-31 20:00:00,443,433.95
XGBoost,4040,2006-10-31 20:15:00,447,412.33
XGBoost,4040,2006-10-31 20:30:00,366,411.12
XGBoost,4040,2006-10-31 20:45:00,353,377.75
XGBoost,4040,2006-10-31 21:00:00,368,370.16
XGBoost,4040,2006-10-31 21:15:00,405,380.18
XGBoost,4040,2006-10-31 21:30:00,366,388.46
XGBoost,4040,2006-10-31 21:45:00,406,373.48
XGBoost,4040,2006-10-31 22:00:00,373,352.86
XGBoost,4040,2006-10-31 22:15:00,364,345.04
XGBoost,4040,2006-10-31 22:30:00,311,327.48
XGBoost,4040,2006-10-31 22:45:00,243,293.44
XGBoost,4040,2006-10-31 23:00:00,236,238.74
XGBoost,4040,2006-10-31 23:15:00,244,211.75
XGBoost,4040,2006-10-31 23:30:00,171,203.63
XGBoost,4040,2006-10-31 23:45:00,158,158.98
XGBoost,4043,2006-10-27 12:00:00,772,771.58
XGBoost,4043,2006-10-27 12:15:00,820,792.56
XGBoost,4043,2006-10-27 12:30:00,771,817.34
XGBoost,4043,2006-10-27 12:45:00,659,770.34
XGBoost,4043,2006-10-27 13:00:00,671,717.17
XGBoost,4043,2006-10-27 13:15:00,767,705.09
XGBoost,4043,2006-10-27 13:30:00,753,756.76
XGBoost,4043,2006-10-27 13:45:00,781,763.85
XGBoost,4043,2006-10-27 14:00:00,802,760.56
XGBoost,4043,2006-10-27 14:15:00,770,812.53
XGBoost,4043,2006-10-27 14:30:00,814,791.33
XGBoost,4043,2006-10-27 14:45:00,856,798.46
XGBoost,4043,2006-10-27 15:00:00,787,835.21
XGBoost,4043,2006-10-27 15:15:00,807,827.72
XGBoost,4043,2006-10-27 15:30:00,855,836.93
XGBoost,4043,2006-10-27 15:45:00,814,839.83
XGBoost,4043,2006-10-27 16:00:00,913,840.3
XGBoost,4043,2006-10-27 16:15:00,887,882.68
XGBoost,4043,2006-10-27 16:30:00,948,921.26
XGBoost,4043,2006-10-27 16:45:00,994,972.72
XGBoost,4043,2006-10-27 17:00:00,1094,1026.55
XGBoost,4043,2006-10-27 17:15:00,1067,1093.63
XGBoost,4043,2006-10-27 17:30:00,1060,1077.62
XGBoost,4043,2006-10-27 17:45:00,964,1062.41
XGBoost,4043,2006-10-27 18:00:00,939,960.63
XGBoost,4043,2006-10-27 18:15:00,935,938.58
XGBoost,4043,2006-10-27 18:30:00,921,890.83
XGBoost,4043,2006-10-27 18:45:00,878,873.33
XGBoost,4043,2006-10-27 19:00:00,818,810.3
XGBoost,4043,2006-10-27 19:15:00,754,741.34
XGBoost,4043,2006-10-27 19:30:00,688,693.25
XGBoost,4043,2006-10-27 19:45:00,569,602.15
XGBoost,4043,2006-10-27 20:00:00,539,545.35
XGBoost,4043,2006-10-27 20:15:00,500,514.56
XGBoost,4043,2006-10-27 20:30:00,485,469.16
XGBoost,4043,2006-10-27 20:45:00,452,453.17
XGBoost,4043,2006-10-27 21:00:00,431,468.72
XGBoost,4043,2006-10-27 21:15:00,457,439.21
XGBoost,4043,2006-10-27 21:30:00,406,434.33
XGBoost,4043,2006-10-27 21:45:00,381,416.47
XGBoost,4043,2006-10-27 22:00:00,424,393.36
XGBoost,4043,2006-10-27 22:15:00,441,400.52
XGBoost,4043,2006-10-27 22:30:00,368,400.74
XGBoost,4043,2006-10-27 22:45:00,395,377.22
XGBoost,4043,2006-10-27 23:00:00,387,359.54
XGBoost,4043,2006-10-27 23:15:00,354,350.37
XGBoost,4043,2006-10-27 23:30:00,323,327.76
XGBoost,4043,2006-10-27 23:45:00,287,299.66
XGBoost,4043,2006-10-28 00:00:00,282,269.04
XGBoost,4043,2006-10-28 00:15:00,289,250.94
XGBoost,4043,2006-10-28 00:30:00,220,248.39
XGBoost,4043,2006-10-28 00:45:00,234,214.85
XGBoost,4043,2006-10-28 01:00:00,164,191.48
XGBoost,4043,2006-10-28 01:15:00,141,159.9
XGBoost,4043,2006-10-28 01:30:00,137,127.41
XGBoost,4043,2006-10-28 01:45:00,152,121.09
XGBoost,4043,2006-10-28 02:00:00,119,130.03
XGBoost,4043,2006-10-28 02:15:00,105,114.35
XGBoost,4043,2006-10-28 02:30:00,94,96.1
XGBoost,4043,2006-10-28 02:45:00,74,87.45
XGBoost,4043,2006-10-28 03:00:00,75,72.37
XGBoost,4043,2006-10-28 03:15:00,75,67.61
XGBoost,4043,2006-10-28 03:30:00,64,67.48
XGBoost,4043,2006-10-28 03:45:00,73,61.14
XGBoost,4043,2006-10-28 04:00:00,60,63.66
XGBoost,4043,2006-10-28 04:15:00,57,57.72
XGBoost,4043,2006-10-28 04:30:00,63,60.07
XGBoost,4043,2006-10-28 04:45:00,70,61.57
XGBoost,4043,2006-10-28 05:00:00,79,80.49
XGBoost,4043,2006-10-28 05:15:00,117,90.26
XGBoost,4043,2006-10-28 05:30:00,153,133.4
XGBoost,4043,2006-10-28 05:45:00,139,175.02
XGBoost,4043,2006-10-28 06:00:00,148,187.04
XGBoost,4043,2006-10-28 06:15:00,234,204.73
XGBoost,4043,2006-10-28 06:30:00,263,265.13
XGBoost,4043,2006-10-28 06:45:00,294,298.3
XGBoost,4043,2006-10-28 07:00:00,283,334.86
XGBoost,4043,2006-10-28 07:15:00,375,345.64
XGBoost,4043,2006-10-28 07:30:00,391,437.83
XGBoost,4043,2006-10-28 07:45:00,426,454.73
XGBoost,4043,2006-10-28 08:00:00,440,498.12
XGBoost,4043,2006-10-28 08:15:00,530,523.02
XGBoost,4043,2006-10-28 08:30:00,592,597.23
XGBoost,4043,2006-10-28 08:45:00,613,640.02
XGBoost,4043,2006-10-28 09:00:00,583,649.74
XGBoost,4043,2006-10-28 09:15:00,636,650.61
XGBoost,4043,2006-10-28 09:30:00,717,672.95
XGBoost,4043,2006-10-28 09:45:00,702,712.62
XGBoost,4043,2006-10-28 10:00:00,699,715.31
XGBoost,4043,2006-10-28 10:15:00,748,722.82
XGBoost,4043,2006-10-28 10:30:00,768,769.9
XGBoost,4043,2006-10-28 10:45:00,808,780.22
XGBoost,4043,2006-10-28 11:00:00,770,812.44
XGBoost,4043,2006-10-28 11:15:00,841,797.27
XGBoost,4043,2006-10-28 11:30:00,893,823.54
XGBoost,4043,2006-10-28 11:45:00,841,873.36
XGBoost,4043,2006-10-28 12:00:00,827,834.21
XGBoost,4043,2006-10-28 12:15:00,835,849.42
XGBoost,4043,2006-10-28 12:30:00,844,834.83
XGBoost,4043,2006-10-28 12:45:00,828,818.13
XGBoost,4043,2006-10-28 13:00:00,779,805.96
XGBoost,4043,2006-10-28 13:15:00,798,800.48
XGBoost,4043,2006-10-28 13:30:00,840,793.75
XGBoost,4043,2006-10-28 13:45:00,757,823.81
XGBoost,4043,2006-10-28 14:00:00,807,780.71
XGBoost,4043,2006-10-28 14:15:00,742,789.85
XGBoost,4043,2006-10-28 14:30:00,810,763.67
XGBoost,4043,2006-10-28 14:45:00,790,801.73
XGBoost,4043,2006-10-28 15:00:00,744,782.89
XGBoost,4043,2006-10-28 15:15:00,696,750.94
XGBoost,4043,2006-10-28 15:30:00,760,720.17
XGBoost,4043,2006-10-28 15:45:00,762,733.89
XGBoost,4043,2006-10-28 16:00:00,757,771.0
XGBoost,4043,2006-10-28 16:15:00,751,756.1
XGBoost,4043,2006-10-28 16:30:00,708,766.22
XGBoost,4043,2006-10-28 16:45:00,760,740.27
XGBoost,4043,2006-10-28 17:00:00,767,746.29
XGBoost,4043,2006-10-28 17:15:00,812,770.65
XGBoost,4043,2006-10-28 17:30:00,860,821.56
XGBoost,4043,2006-10-28 17:45:00,815,858.58
XGBoost,4043,2006-10-28 18:00:00,801,792.46
XGBoost,4043,2006-10-28 18:15:00,736,784.68
XGBoost,4043,2006-10-28 18:30:00,794,731.84
XGBoost,4043,2006-10-28 18:45:00,753,738.62
XGBoost,4043,2006-10-28 19:00:00,734,703.91
XGBoost,4043,2006-10-28 19:15:00,673,665.0
XGBoost,4043,2006-10-28 19:30:00,604,614.67
XGBoost,4043,2006-10-28 19:45:00,447,530.55
XGBoost,4043,2006-10-28 20:00:00,401,464.3
XGBoost,4043,2006-10-28 20:15:00,463,393.36
XGBoost,4043,2006-10-28 20:30:00,371,419.02
XGBoost,4043,2006-10-28 20:45:00,405,367.54
XGBoost,4043,2006-10-28 21:00:00,364,384.82
XGBoost,4043,2006-10-28 21:15:00,340,375.77
XGBoost,4043,2006-10-28 21:30:00,412,349.38
XGBoost,4043,2006-10-28 21:45:00,452,377.77
XGBoost,4043,2006-10-28 22:00:00,419,413.0
XGBoost,4043,2006-10-28 22:15:00,391,399.43
XGBoost,4043,2006-10-28 22:30:00,397,390.16
XGBoost,4043,2006-10-28 22:45:00,478,389.39
XGBoost,4043,2006-10-28 23:00:00,410,438.86
XGBoost,4043,2006-10-28 23:15:00,467,393.57
XGBoost,4043,2006-10-28 23:30:00,457,428.92
XGBoost,4043,2006-10-28 23:45:00,371,425.75
XGBoost,4043,2006-10-29 00:00:00,381,365.54
XGBoost,4043,2006-10-29 00:15:00,366,358.08
XGBoost,4043,2006-10-29 00:30:00,306,339.74
XGBoost,4043,2006-10-29 00:45:00,275,295.36
XGBoost,4043,2006-10-29 01:00:00,229,257.87
XGBoost,4043,2006-10-29 01:15:00,188,208.45
XGBoost,4043,2006-10-29 01:30:00,197,169.68
XGBoost,4043,2006-10-29 01:45:00,85,179.47
XGBoost,4043,2006-10-29 02:00:00,82,112.13
XGBoost,4043,2006-10-29 02:15:00,74,84.24
XGBoost,4043,2006-10-29 02:30:00,75,75.58
XGBoost,4043,2006-10-29 02:45:00,169,67.94
XGBoost,4043,2006-10-29 03:00:00,149,129.61
XGBoost,4043,2006-10-29 03:15:00,118,137.26
XGBoost,4043,2006-10-29 03:30:00,135,113.08
XGBoost,4043,2006-10-29 03:45:00,121,144.14
XGBoost,4043,2006-10-29 04:00:00,101,130.39
XGBoost,4043,2006-10-29 04:15:00,101,118.89
XGBoost,4043,2006-10-29 04:30:00,120,117.6
XGBoost,4043,2006-10-29 04:45:00,107,103.58
XGBoost,4043,2006-10-29 05:00:00,84,98.34
XGBoost,4043,2006-10-29 05:15:00,121,94.03
XGBoost,4043,2006-10-29 05:30:00,124,119.27
XGBoost,4043,2006-10-29 05:45:00,116,126.18
XGBoost,4043,2006-10-29 06:00:00,128,121.07
XGBoost,4043,2006-10-29 06:15:00,148,134.48
XGBoost,4043,2006-10-29 06:30:00,196,156.24
XGBoost,4043,2006-10-29 06:45:00,190,209.71
XGBoost,4043,2006-10-29 07:00:00,176,204.47
XGBoost,4043,2006-10-29 07:15:00,209,200.11
XGBoost,4043,2006-10-29 07:30:00,253,233.79
XGBoost,4043,2006-10-29 07:45:00,244,274.24
XGBoost,4043,2006-10-29 08:00:00,275,283.8
XGBoost,4043,2006-10-29 08:15:00,276,320.08
XGBoost,4043,2006-10-29 08:30:00,341,330.9
XGBoost,4043,2006-10-29 08:45:00,361,378.59
XGBoost,4043,2006-10-29 09:00:00,360,395.57
XGBoost,4043,2006-10-29 09:15:00,447,407.19
XGBoost,4043,2006-10-29 09:30:00,550,487.17
XGBoost,4043,2006-10-29 09:45:00,559,549.37
XGBoost,4043,2006-10-29 10:00:00,591,565.13
XGBoost,4043,2006-10-29 10:15:00,572,602.43
XGBoost,4043,2006-10-29 10:30:00,669,611.12
XGBoost,4043,2006-10-29 10:45:00,725,657.58
XGBoost,4043,2006-10-29 11:00:00,700,706.96
XGBoost,4043,2006-10-29 11:15:00,700,706.61
XGBoost,4043,2006-10-29 11:30:00,728,728.17
XGBoost,4043,2006-10-29 11:45:00,733,737.95
XGBoost,4043,2006-10-29 12:00:00,736,741.45
XGBoost,4043,2006-10-29 12:15:00,864,747.57
XGBoost,4043,2006-10-29 12:30:00,807,810.14
XGBoost,4043,2006-10-29 12:45:00,817,822.2
XGBoost,4043,2006-10-29 13:00:00,793,794.52
XGBoost,4043,2006-10-29 13:15:00,742,801.58
XGBoost,4043,2006-10-29 13:30:00,718,751.42
XGBoost,4043,2006-10-29 13:45:00,716,720.91
XGBoost,4043,2006-10-29 14:00:00,712,710.66
XGBoost,4043,2006-10-29 14:15:00,721,693.96
XGBoost,4043,2006-10-29 14:30:00,741,703.97
XGBoost,4043,2006-10-29 14:45:00,688,718.79
XGBoost,4043,2006-10-29 15:00:00,705,700.2
XGBoost,4043,2006-10-29 15:15:00,773,698.77
XGBoost,4043,2006-10-29 15:30:00,683,744.71
XGBoost,4043,2006-10-29 15:45:00,721,715.1
XGBoost,4043,2006-10-29 16:00:00,710,703.73
XGBoost,4043,2006-10-29 16:15:00,792,705.33
XGBoost,4043,2006-10-29 16:30:00,781,742.44
XGBoost,4043,2006-10-29 16:45:00,769,763.18
XGBoost,4043,2006-10-29 17:00:00,751,754.18
XGBoost,4043,2006-10-29 17:15:00,854,755.02
XGBoost,4043,2006-10-29 17:30:00,864,817.93
XGBoost,4043,2006-10-29 17:45:00,816,822.14
XGBoost,4043,2006-10-29 18:00:00,791,759.44
XGBoost,4043,2006-10-29 18:15:00,687,710.86
XGBoost,4043,2006-10-29 18:30:00,660,666.46
XGBoost,4043,2006-10-29 18:45:00,625,629.05
XGBoost,4043,2006-10-29 19:00:00,561,573.84
XGBoost,4043,2006-10-29 19:15:00,475,519.19
XGBoost,4043,2006-10-29 19:30:00,466,453.82
XGBoost,4043,2006-10-29 19:45:00,477,401.19
XGBoost,4043,2006-10-29 20:00:00,411,404.06
XGBoost,4043,2006-10-29 20:15:00,388,389.5
XGBoost,4043,2006-10-29 20:30:00,417,365.97
XGBoost,4043,2006-10-29 20:45:00,395,371.76
XGBoost,4043,2006-10-29 21:00:00,361,376.49
XGBoost,4043,2006-10-29 21:15:00,411,349.31
XGBoost,4043,2006-10-29 21:30:00,345,369.02
XGBoost,4043,2006-10-29 21:45:00,364,354.36
XGBoost,4043,2006-10-29 22:00:00,346,338.75
XGBoost,4043,2006-10-29 22:15:00,329,331.81
XGBoost,4043,2006-10-29 22:30:00,274,316.86
XGBoost,4043,2006-10-29 22:45:00,285,270.14
XGBoost,4043,2006-10-29 23:00:00,221,253.0
XGBoost,4043,2006-10-29 23:15:00,210,218.18
XGBoost,4043,2006-10-29 23:30:00,167,199.47
XGBoost,4043,2006-10-29 23:45:00,150,157.44
XGBoost,4043,2006-10-30 00:00:00,123,133.31
XGBoost,4043,2006-10-30 00:15:00,100,114.82
XGBoost,4043,2006-10-30 00:30:00,102,92.58
XGBoost,4043,2006-10-30 00:45:00,115,89.0
XGBoost,4043,2006-10-30 01:00:00,64,98.12
XGBoost,4043,2006-10-30 01:15:00,62,68.26
XGBoost,4043,2006-10-30 01:30:00,52,53.7
XGBoost,4043,2006-10-30 01:45:00,44,43.65
XGBoost,4043,2006-10-30 02:00:00,27,40.22
XGBoost,4043,2006-10-30 02:15:00,41,29.1
XGBoost,4043,2006-10-30 02:30:00,27,34.13
XGBoost,4043,2006-10-30 02:45:00,30,29.15
XGBoost,4043,2006-10-30 03:00:00,31,30.16
XGBoost,4043,2006-10-30 03:15:00,37,31.68
XGBoost,4043,2006-10-30 03:30:00,31,34.37
XGBoost,4043,2006-10-30 03:45:00,40,32.03
XGBoost,4043,2006-10-30 04:00:00,46,50.57
XGBoost,4043,2006-10-30 04:15:00,54,51.35
XGBoost,4043,2006-10-30 04:30:00,46,64.56
XGBoost,4043,2006-10-30 04:45:00,76,61.71
XGBoost,4043,2006-10-30 05:00:00,68,100.11
XGBoost,4043,2006-10-30 05:15:00,120,105.8
XGBoost,4043,2006-10-30 05:30:00,209,154.8
XGBoost,4043,2006-10-30 05:45:00,271,271.83
XGBoost,4043,2006-10-30 06:00:00,316,371.43
XGBoost,4043,2006-10-30 06:15:00,477,423.99
XGBoost,4043,2006-10-30 06:30:00,652,603.88
XGBoost,4043,2006-10-30 06:45:00,722,769.91
XGBoost,4043,2006-10-30 07:00:00,925,843.63
XGBoost,4043,2006-10-30 07:15:00,948,934.26
XGBoost,4043,2006-10-30 07:30:00,1056,981.28
XGBoost,4043,2006-10-30 07:45:00,1066,1038.77
XGBoost,4043,2006-10-30 08:00:00,1042,1007.22
XGBoost,4043,2006-10-30 08:15:00,1019,1028.52
XGBoost,4043,2006-10-30 08:30:00,1010,986.05
XGBoost,4043,2006-10-30 08:45:00,1011,984.78
XGBoost,4043,2006-10-30 09:00:00,894,920.73
XGBoost,4043,2006-10-30 09:15:00,903,842.38
XGBoost,4043,2006-10-30 09:30:00,809,806.16
XGBoost,4043,2006-10-30 09:45:00,762,764.81
XGBoost,4043,2006-10-30 10:00:00,719,740.76
XGBoost,4043,2006-10-30 10:15:00,683,695.45
XGBoost,4043,2006-10-30 10:30:00,666,676.5
XGBoost,4043,2006-10-30 10:45:00,704,684.05
XGBoost,4043,2006-10-30 11:00:00,662,707.66
XGBoost,4043,2006-10-30 11:15:00,692,690.28
XGBoost,4043,2006-10-30 11:30:00,658,694.84
XGBoost,4043,2006-10-30 11:45:00,699,697.65
XGBoost,4043,2006-10-30 12:00:00,688,681.85
XGBoost,4043,2006-10-30 12:15:00,736,718.26
XGBoost,4043,2006-10-30 12:30:00,711,727.97
XGBoost,4043,2006-10-30 12:45:00,741,733.62
XGBoost,4043,2006-10-30 13:00:00,775,726.92
XGBoost,4043,2006-10-30 13:15:00,702,737.16
XGBoost,4043,2006-10-30 13:30:00,753,708.61
XGBoost,4043,2006-10-30 13:45:00,661,718.72
XGBoost,4043,2006-10-30 14:00:00,710,716.68
XGBoost,4043,2006-10-30 14:15:00,650,722.99
XGBoost,4043,2006-10-30 14:30:00,703,712.57
XGBoost,4043,2006-10-30 14:45:00,754,712.04
XGBoost,4043,2006-10-30 15:00:00,767,781.77
XGBoost,4043,2006-10-30 15:15:00,801,803.96
XGBoost,4043,2006-10-30 15:30:00,802,807.78
XGBoost,4043,2006-10-30 15:45:00,810,819.07
XGBoost,4043,2006-10-30 16:00:00,855,822.58
XGBoost,4043,2006-10-30 16:15:00,888,854.25
XGBoost,4043,2006-10-30 16:30:00,872,887.9
XGBoost,4043,2006-10-30 16:45:00,892,884.8
XGBoost,4043,2006-10-30 17:00:00,937,919.87
XGBoost,4043,2006-10-30 17:15:00,1083,957.52
XGBoost,4043,2006-10-30 17:30:00,994,1044.12
XGBoost,4043,2006-10-30 17:45:00,1008,1067.77
XGBoost,4043,2006-10-30 18:00:00,986,992.18
XGBoost,4043,2006-10-30 18:15:00,950,940.3
XGBoost,4043,2006-10-30 18:30:00,891,898.13
XGBoost,4043,2006-10-30 18:45:00,774,838.9
XGBoost,4043,2006-10-30 19:00:00,684,722.24
XGBoost,4043,2006-10-30 19:15:00,624,621.84
XGBoost,4043,2006-10-30 19:30:00,510,559.91
XGBoost,4043,2006-10-30 19:45:00,521,498.24
XGBoost,4043,2006-10-30 20:00:00,458,461.98
XGBoost,4043,2006-10-30 20:15:00,426,418.07
XGBoost,4043,2006-10-30 20:30:00,421,411.58
XGBoost,4043,2006-10-30 20:45:00,391,402.92
XGBoost,4043,2006-10-30 21:00:00,369,397.8
XGBoost,4043,2006-10-30 21:15:00,346,386.49
XGBoost,4043,2006-10-30 21:30:00,366,356.75
XGBoost,4043,2006-10-30 21:45:00,386,366.33
XGBoost,4043,2006-10-30 22:00:00,321,359.35
XGBoost,4043,2006-10-30 22:15:00,298,327.89
XGBoost,4043,2006-10-30 22:30:00,325,284.99
XGBoost,4043,2006-10-30 22:45:00,235,297.06
XGBoost,4043,2006-10-30 23:00:00,196,230.57
XGBoost,4043,2006-10-30 23:15:00,189,196.01
XGBoost,4043,2006-10-30 23:30:00,146,165.16
XGBoost,4043,2006-10-30 23:45:00,117,136.61
XGBoost,4043,2006-10-31 00:00:00,126,110.45
XGBoost,4043,2006-10-31 00:15:00,88,104.12
XGBoost,4043,2006-10-31 00:30:00,85,81.8
XGBoost,4043,2006-10-31 00:45:00,55,75.65
XGBoost,4043,2006-10-31 01:00:00,83,52.58
XGBoost,4043,2006-10-31 01:15:00,45,57.55
XGBoost,4043,2006-10-31 01:30:00,34,46.19
XGBoost,4043,2006-10-31 01:45:00,33,31.92
XGBoost,4043,2006-10-31 02:00:00,31,31.19
XGBoost,4043,2006-10-31 02:15:00,40,29.92
XGBoost,4043,2006-10-31 02:30:00,35,31.56
XGBoost,4043,2006-10-31 02:45:00,28,31.61
XGBoost,4043,2006-10-31 03:00:00,25,29.44
XGBoost,4043,2006-10-31 03:15:00,30,27.19
XGBoost,4043,2006-10-31 03:30:00,33,27.26
XGBoost,4043,2006-10-31 03:45:00,41,30.91
XGBoost,4043,2006-10-31 04:00:00,38,44.76
XGBoost,4043,2006-10-31 04:15:00,32,45.44
XGBoost,4043,2006-10-31 04:30:00,47,41.33
XGBoost,4043,2006-10-31 04:45:00,69,56.01
XGBoost,4043,2006-10-31 05:00:00,82,82.99
XGBoost,4043,2006-10-31 05:15:00,149,119.32
XGBoost,4043,2006-10-31 05:30:00,187,198.63
XGBoost,4043,2006-10-31 05:45:00,258,262.7
XGBoost,4043,2006-10-31 06:00:00,346,344.72
XGBoost,4043,2006-10-31 06:15:00,528,513.96
XGBoost,4043,2006-10-31 06:30:00,695,653.4
XGBoost,4043,2006-10-31 06:45:00,800,783.58
XGBoost,4043,2006-10-31 07:00:00,895,923.82
XGBoost,4043,2006-10-31 07:15:00,1045,961.51
XGBoost,4043,2006-10-31 07:30:00,1056,1081.25
XGBoost,4043,2006-10-31 07:45:00,1042,1059.68
XGBoost,4043,2006-10-31 08:00:00,1013,1026.11
XGBoost,4043,2006-10-31 08:15:00,1078,1022.67
XGBoost,4043,2006-10-31 08:30:00,1023,1039.32
XGBoost,4043,2006-10-31 08:45:00,1043,1021.89
XGBoost,4043,2006-10-31 09:00:00,875,945.19
XGBoost,4043,2006-10-31 09:15:00,798,906.14
XGBoost,4043,2006-10-31 09:30:00,870,809.18
XGBoost,4043,2006-10-31 09:45:00,809,787.56
XGBoost,4043,2006-10-31 10:00:00,754,783.38
XGBoost,4043,2006-10-31 10:15:00,742,729.43
XGBoost,4043,2006-10-31 10:30:00,751,700.65
XGBoost,4043,2006-10-31 10:45:00,714,727.53
XGBoost,4043,2006-10-31 11:00:00,715,703.71
XGBoost,4043,2006-10-31 11:15:00,745,702.04
XGBoost,4043,2006-10-31 11:30:00,741,704.29
XGBoost,4043,2006-10-31 11:45:00,762,717.32
XGBoost,4043,2006-10-31 12:00:00,720,726.72
XGBoost,4043,2006-10-31 12:15:00,730,732.74
XGBoost,4043,2006-10-31 12:30:00,800,719.09
XGBoost,4043,2006-10-31 12:45:00,760,756.35
XGBoost,4043,2006-10-31 13:00:00,738,781.71
XGBoost,4043,2006-10-31 13:15:00,812,729.5
XGBoost,4043,2006-10-31 13:30:00,766,778.87
XGBoost,4043,2006-10-31 13:45:00,754,746.29
XGBoost,4043,2006-10-31 14:00:00,741,751.4
XGBoost,4043,2006-10-31 14:15:00,727,728.23
XGBoost,4043,2006-10-31 14:30:00,769,730.1
XGBoost,4043,2006-10-31 14:45:00,783,768.26
XGBoost,4043,2006-10-31 15:00:00,794,809.24
XGBoost,4043,2006-10-31 15:15:00,757,818.33
XGBoost,4043,2006-10-31 15:30:00,840,811.89
XGBoost,4043,2006-10-31 15:45:00,846,823.64
XGBoost,4043,2006-10-31 16:00:00,805,866.0
XGBoost,4043,2006-10-31 16:15:00,892,872.89
XGBoost,4043,2006-10-31 16:30:00,969,892.29
XGBoost,4043,2006-10-31 16:45:00,881,952.31
XGBoost,4043,2006-10-31 17:00:00,917,941.62
XGBoost,4043,2006-10-31 17:15:00,1004,967.66
XGBoost,4043,2006-10-31 17:30:00,1028,1039.07
XGBoost,4043,2006-10-31 17:45:00,1041,1047.59
XGBoost,4043,2006-10-31 18:00:00,1037,1010.93
XGBoost,4043,2006-10-31 18:15:00,1001,1002.37
XGBoost,4043,2006-10-31 18:30:00,993,947.57
XGBoost,4043,2006-10-31 18:45:00,834,952.65
XGBoost,4043,2006-10-31 19:00:00,779,772.51
XGBoost,4043,2006-10-31 19:15:00,768,687.76
XGBoost,4043,2006-10-31 19:30:00,640,651.01
XGBoost,4043,2006-10-31 19:45:00,602,576.61
XGBoost,4043,2006-10-31 20:00:00,535,522.91
XGBoost,4043,2006-10-31 20:15:00,524,486.05
XGBoost,4043,2006-10-31 20:30:00,413,472.54
XGBoost,4043,2006-10-31 20:45:00,408,407.06
XGBoost,4043,2006-10-31 21:00:00,432,416.67
XGBoost,4043,2006-10-31 21:15:00,416,426.36
XGBoost,4043,2006-10-31 21:30:00,412,404.9
XGBoost,4043,2006-10-31 21:45:00,464,407.24
XGBoost,4043,2006-10-31 22:00:00,421,405.62
XGBoost,4043,2006-10-31 22:15:00,365,389.22
XGBoost,4043,2006-10-31 22:30:00,346,355.91
XGBoost,4043,2006-10-31 22:45:00,275,314.83
XGBoost,4043,2006-10-31 23:00:00,228,264.71
XGBoost,4043,2006-10-31 23:15:00,222,209.75
XGBoost,4043,2006-10-31 23:30:00,201,185.65
XGBoost,4043,2006-10-31 23:45:00,154,169.05
XGBoost,4051,2006-10-27 12:00:00,254,213.65
XGBoost,4051,2006-10-27 12:15:00,230,242.05
XGBoost,4051,2006-10-27 12:30:00,251,226.65
XGBoost,4051,2006-10-27 12:45:00,221,237.73
XGBoost,4051,2006-10-27 13:00:00,202,223.26
XGBoost,4051,2006-10-27 13:15:00,236,217.8
XGBoost,4051,2006-10-27 13:30:00,250,220.87
XGBoost,4051,2006-10-27 13:45:00,232,251.33
XGBoost,4051,2006-10-27 14:00:00,215,220.31
XGBoost,4051,2006-10-27 14:15:00,201,221.25
XGBoost,4051,2006-10-27 14:30:00,220,218.16
XGBoost,4051,2006-10-27 14:45:00,256,218.04
XGBoost,4051,2006-10-27 15:00:00,293,259.55
XGBoost,4051,2006-10-27 15:15:00,338,292.71
XGBoost,4051,2006-10-27 15:30:00,307,330.53
XGBoost,4051,2006-10-27 15:45:00,300,316.0
XGBoost,4051,2006-10-27 16:00:00,304,300.73
XGBoost,4051,2006-10-27 16:15:00,289,298.36
XGBoost,4051,2006-10-27 16:30:00,282,288.95
XGBoost,4051,2006-10-27 16:45:00,300,294.19
XGBoost,4051,2006-10-27 17:00:00,301,296.69
XGBoost,4051,2006-10-27 17:15:00,302,313.55
XGBoost,4051,2006-10-27 17:30:00,331,320.92
XGBoost,4051,2006-10-27 17:45:00,292,333.26
XGBoost,4051,2006-10-27 18:00:00,327,283.54
XGBoost,4051,2006-10-27 18:15:00,286,294.83
XGBoost,4051,2006-10-27 18:30:00,258,265.15
XGBoost,4051,2006-10-27 18:45:00,251,253.54
XGBoost,4051,2006-10-27 19:00:00,226,217.78
XGBoost,4051,2006-10-27 19:15:00,224,210.95
XGBoost,4051,2006-10-27 19:30:00,208,199.25
XGBoost,4051,2006-10-27 19:45:00,199,184.18
XGBoost,4051,2006-10-27 20:00:00,137,178.31
XGBoost,4051,2006-10-27 20:15:00,124,143.12
XGBoost,4051,2006-10-27 20:30:00,140,123.09
XGBoost,4051,2006-10-27 20:45:00,123,129.74
XGBoost,4051,2006-10-27 21:00:00,128,128.44
XGBoost,4051,2006-10-27 21:15:00,126,126.3
XGBoost,4051,2006-10-27 21:30:00,125,120.0
XGBoost,4051,2006-10-27 21:45:00,104,121.79
XGBoost,4051,2006-10-27 22:00:00,102,103.47
XGBoost,4051,2006-10-27 22:15:00,84,97.63
XGBoost,4051,2006-10-27 22:30:00,70,87.29
XGBoost,4051,2006-10-27 22:45:00,95,72.06
XGBoost,4051,2006-10-27 23:00:00,109,78.56
XGBoost,4051,2006-10-27 23:15:00,112,88.07
XGBoost,4051,2006-10-27 23:30:00,95,95.57
XGBoost,4051,2006-10-27 23:45:00,51,85.7
XGBoost,4051,2006-10-28 00:00:00,68,52.92
XGBoost,4051,2006-10-28 00:15:00,48,51.85
XGBoost,4051,2006-10-28 00:30:00,45,45.34
XGBoost,4051,2006-10-28 00:45:00,49,38.3
XGBoost,4051,2006-10-28 01:00:00,34,38.67
XGBoost,4051,2006-10-28 01:15:00,21,31.4
XGBoost,4051,2006-10-28 01:30:00,23,22.52
XGBoost,4051,2006-10-28 01:45:00,32,19.62
XGBoost,4051,2006-10-28 02:00:00,26,23.97
XGBoost,4051,2006-10-28 02:15:00,20,22.66
XGBoost,4051,2006-10-28 02:30:00,21,18.45
XGBoost,4051,2006-10-28 02:45:00,20,17.24
XGBoost,4051,2006-10-28 03:00:00,18,17.1
XGBoost,4051,2006-10-28 03:15:00,11,16.04
XGBoost,4051,2006-10-28 03:30:00,22,13.72
XGBoost,4051,2006-10-28 03:45:00,17,15.8
XGBoost,4051,2006-10-28 04:00:00,12,17.93
XGBoost,4051,2006-10-28 04:15:00,13,14.39
XGBoost,4051,2006-10-28 04:30:00,18,13.52
XGBoost,4051,2006-10-28 04:45:00,20,15.36
XGBoost,4051,2006-10-28 05:00:00,21,22.68
XGBoost,4051,2006-10-28 05:15:00,15,23.47
XGBoost,4051,2006-10-28 05:30:00,26,24.85
XGBoost,4051,2006-10-28 05:45:00,32,34.67
XGBoost,4051,2006-10-28 06:00:00,26,43.39
XGBoost,4051,2006-10-28 06:15:00,55,37.08
XGBoost,4051,2006-10-28 06:30:00,52,66.12
XGBoost,4051,2006-10-28 06:45:00,72,70.88
XGBoost,4051,2006-10-28 07:00:00,54,80.31
XGBoost,4051,2006-10-28 07:15:00,59,74.79
XGBoost,4051,2006-10-28 07:30:00,81,77.44
XGBoost,4051,2006-10-28 07:45:00,113,92.78
XGBoost,4051,2006-10-28 08:00:00,113,131.79
XGBoost,4051,2006-10-28 08:15:00,129,139.38
XGBoost,4051,2006-10-28 08:30:00,165,153.56
XGBoost,4051,2006-10-28 08:45:00,185,184.84
XGBoost,4051,2006-10-28 09:00:00,226,202.81
XGBoost,4051,2006-10-28 09:15:00,230,238.38
XGBoost,4051,2006-10-28 09:30:00,249,238.54
XGBoost,4051,2006-10-28 09:45:00,226,247.35
XGBoost,4051,2006-10-28 10:00:00,243,228.65
XGBoost,4051,2006-10-28 10:15:00,224,239.78
XGBoost,4051,2006-10-28 10:30:00,243,224.46
XGBoost,4051,2006-10-28 10:45:00,286,230.34
XGBoost,4051,2006-10-28 11:00:00,247,266.68
XGBoost,4051,2006-10-28 11:15:00,288,242.77
XGBoost,4051,2006-10-28 11:30:00,308,262.71
XGBoost,4051,2006-10-28 11:45:00,272,293.67
XGBoost,4051,2006-10-28 12:00:00,274,277.68
XGBoost,4051,2006-10-28 12:15:00,263,267.1
XGBoost,4051,2006-10-28 12:30:00,264,259.81
XGBoost,4051,2006-10-28 12:45:00,308,250.1
XGBoost,4051,2006-10-28 13:00:00,253,283.93
XGBoost,4051,2006-10-28 13:15:00,298,250.64
XGBoost,4051,2006-10-28 13:30:00,263,276.53
XGBoost,4051,2006-10-28 13:45:00,228,256.85
XGBoost,4051,2006-10-28 14:00:00,262,221.24
XGBoost,4051,2006-10-28 14:15:00,247,236.39
XGBoost,4051,2006-10-28 14:30:00,248,235.81
XGBoost,4051,2006-10-28 14:45:00,249,241.5
XGBoost,4051,2006-10-28 15:00:00,217,249.89
XGBoost,4051,2006-10-28 15:15:00,267,245.45
XGBoost,4051,2006-10-28 15:30:00,253,263.99
XGBoost,4051,2006-10-28 15:45:00,247,253.9
XGBoost,4051,2006-10-28 16:00:00,239,246.28
XGBoost,4051,2006-10-28 16:15:00,227,236.96
XGBoost,4051,2006-10-28 16:30:00,213,224.44
XGBoost,4051,2006-10-28 16:45:00,225,227.5
XGBoost,4051,2006-10-28 17:00:00,210,228.03
XGBoost,4051,2006-10-28 17:15:00,240,225.71
XGBoost,4051,2006-10-28 17:30:00,211,244.81
XGBoost,4051,2006-10-28 17:45:00,232,229.38
XGBoost,4051,2006-10-28 18:00:00,198,230.48
XGBoost,4051,2006-10-28 18:15:00,208,212.81
XGBoost,4051,2006-10-28 18:30:00,209,207.12
XGBoost,4051,2006-10-28 18:45:00,215,204.32
XGBoost,4051,2006-10-28 19:00:00,205,195.17
XGBoost,4051,2006-10-28 19:15:00,185,193.32
XGBoost,4051,2006-10-28 19:30:00,174,178.77
XGBoost,4051,2006-10-28 19:45:00,134,166.74
XGBoost,4051,2006-10-28 20:00:00,157,134.36
XGBoost,4051,2006-10-28 20:15:00,131,135.18
XGBoost,4051,2006-10-28 20:30:00,91,133.24
XGBoost,4051,2006-10-28 20:45:00,113,96.63
XGBoost,4051,2006-10-28 21:00:00,106,110.68
XGBoost,4051,2006-10-28 21:15:00,101,105.95
XGBoost,4051,2006-10-28 21:30:00,103,103.16
XGBoost,4051,2006-10-28 21:45:00,96,100.23
XGBoost,4051,2006-10-28 22:00:00,111,96.1
XGBoost,4051,2006-10-28 22:15:00,107,101.32
XGBoost,4051,2006-10-28 22:30:00,93,100.03
XGBoost,4051,2006-10-28 22:45:00,95,95.29
XGBoost,4051,2006-10-28 23:00:00,109,92.46
XGBoost,4051,2006-10-28 23:15:00,81,99.46
XGBoost,4051,2006-10-28 23:30:00,101,86.22
XGBoost,4051,2006-10-28 23:45:00,92,87.46
XGBoost,4051,2006-10-29 00:00:00,91,81.37
XGBoost,4051,2006-10-29 00:15:00,85,78.87
XGBoost,4051,2006-10-29 00:30:00,69,79.57
XGBoost,4051,2006-10-29 00:45:00,60,63.0
XGBoost,4051,2006-10-29 01:00:00,49,52.38
XGBoost,4051,2006-10-29 01:15:00,43,42.92
XGBoost,4051,2006-10-29 01:30:00,38,36.37
XGBoost,4051,2006-10-29 01:45:00,21,36.51
XGBoost,4051,2006-10-29 02:00:00,11,26.86
XGBoost,4051,2006-10-29 02:15:00,14,17.39
XGBoost,4051,2006-10-29 02:30:00,15,14.95
XGBoost,4051,2006-10-29 02:45:00,36,12.46
XGBoost,4051,2006-10-29 03:00:00,34,23.6
XGBoost,4051,2006-10-29 03:15:00,23,25.94
XGBoost,4051,2006-10-29 03:30:00,17,23.84
XGBoost,4051,2006-10-29 03:45:00,24,17.28
XGBoost,4051,2006-10-29 04:00:00,26,20.44
XGBoost,4051,2006-10-29 04:15:00,24,22.17
XGBoost,4051,2006-10-29 04:30:00,19,22.24
XGBoost,4051,2006-10-29 04:45:00,23,19.91
XGBoost,4051,2006-10-29 05:00:00,11,25.38
XGBoost,4051,2006-10-29 05:15:00,20,19.78
XGBoost,4051,2006-10-29 05:30:00,20,24.81
XGBoost,4051,2006-10-29 05:45:00,30,26.14
XGBoost,4051,2006-10-29 06:00:00,18,30.35
XGBoost,4051,2006-10-29 06:15:00,23,29.87
XGBoost,4051,2006-10-29 06:30:00,20,32.8
XGBoost,4051,2006-10-29 06:45:00,30,32.17
XGBoost,4051,2006-10-29 07:00:00,30,34.69
XGBoost,4051,2006-10-29 07:15:00,53,35.18
XGBoost,4051,2006-10-29 07:30:00,30,60.51
XGBoost,4051,2006-10-29 07:45:00,50,40.58
XGBoost,4051,2006-10-29 08:00:00,49,60.95
XGBoost,4051,2006-10-29 08:15:00,63,59.84
XGBoost,4051,2006-10-29 08:30:00,66,69.69
XGBoost,4051,2006-10-29 08:45:00,90,75.11
XGBoost,4051,2006-10-29 09:00:00,95,98.11
XGBoost,4051,2006-10-29 09:15:00,113,108.79
XGBoost,4051,2006-10-29 09:30:00,149,129.33
XGBoost,4051,2006-10-29 09:45:00,189,156.42
XGBoost,4051,2006-10-29 10:00:00,154,191.64
XGBoost,4051,2006-10-29 10:15:00,165,177.83
XGBoost,4051,2006-10-29 10:30:00,183,180.9
XGBoost,4051,2006-10-29 10:45:00,178,195.25
XGBoost,4051,2006-10-29 11:00:00,171,188.67
XGBoost,4051,2006-10-29 11:15:00,160,188.42
XGBoost,4051,2006-10-29 11:30:00,214,173.66
XGBoost,4051,2006-10-29 11:45:00,244,206.68
XGBoost,4051,2006-10-29 12:00:00,261,243.11
XGBoost,4051,2006-10-29 12:15:00,211,255.44
XGBoost,4051,2006-10-29 12:30:00,187,226.62
XGBoost,4051,2006-10-29 12:45:00,216,208.8
XGBoost,4051,2006-10-29 13:00:00,215,206.08
XGBoost,4051,2006-10-29 13:15:00,221,226.33
XGBoost,4051,2006-10-29 13:30:00,210,215.66
XGBoost,4051,2006-10-29 13:45:00,208,203.5
XGBoost,4051,2006-10-29 14:00:00,232,209.64
XGBoost,4051,2006-10-29 14:15:00,182,212.13
XGBoost,4051,2006-10-29 14:30:00,188,193.19
XGBoost,4051,2006-10-29 14:45:00,185,192.08
XGBoost,4051,2006-10-29 15:00:00,209,190.25
XGBoost,4051,2006-10-29 15:15:00,221,211.41
XGBoost,4051,2006-10-29 15:30:00,200,215.97
XGBoost,4051,2006-10-29 15:45:00,214,206.81
XGBoost,4051,2006-10-29 16:00:00,219,204.48
XGBoost,4051,2006-10-29 16:15:00,205,209.96
XGBoost,4051,2006-10-29 16:30:00,224,204.95
XGBoost,4051,2006-10-29 16:45:00,190,209.11
XGBoost,4051,2006-10-29 17:00:00,193,194.36
XGBoost,4051,2006-10-29 17:15:00,221,192.44
XGBoost,4051,2006-10-29 17:30:00,189,199.97
XGBoost,4051,2006-10-29 17:45:00,219,196.02
XGBoost,4051,2006-10-29 18:00:00,181,193.21
XGBoost,4051,2006-10-29 18:15:00,182,180.09
XGBoost,4051,2006-10-29 18:30:00,185,172.41
XGBoost,4051,2006-10-29 18:45:00,160,177.08
XGBoost,4051,2006-10-29 19:00:00,142,152.24
XGBoost,4051,2006-10-29 19:15:00,132,131.67
XGBoost,4051,2006-10-29 19:30:00,123,127.76
XGBoost,4051,2006-10-29 19:45:00,116,116.27
XGBoost,4051,2006-10-29 20:00:00,106,115.16
XGBoost,4051,2006-10-29 20:15:00,100,103.54
XGBoost,4051,2006-10-29 20:30:00,109,91.33
XGBoost,4051,2006-10-29 20:45:00,125,99.83
XGBoost,4051,2006-10-29 21:00:00,105,112.17
XGBoost,4051,2006-10-29 21:15:00,101,98.9
XGBoost,4051,2006-10-29 21:30:00,89,95.5
XGBoost,4051,2006-10-29 21:45:00,66,87.42
XGBoost,4051,2006-10-29 22:00:00,78,67.09
XGBoost,4051,2006-10-29 22:15:00,67,69.63
XGBoost,4051,2006-10-29 22:30:00,47,64.36
XGBoost,4051,2006-10-29 22:45:00,56,52.53
XGBoost,4051,2006-10-29 23:00:00,36,51.26
XGBoost,4051,2006-10-29 23:15:00,35,37.72
XGBoost,4051,2006-10-29 23:30:00,38,37.87
XGBoost,4051,2006-10-29 23:45:00,26,40.32
XGBoost,4051,2006-10-30 00:00:00,20,25.32
XGBoost,4051,2006-10-30 00:15:00,22,19.23
XGBoost,4051,2006-10-30 00:30:00,20,18.64
XGBoost,4051,2006-10-30 00:45:00,11,18.29
XGBoost,4051,2006-10-30 01:00:00,17,14.25
XGBoost,4051,2006-10-30 01:15:00,10,14.29
XGBoost,4051,2006-10-30 01:30:00,11,12.09
XGBoost,4051,2006-10-30 01:45:00,7,9.53
XGBoost,4051,2006-10-30 02:00:00,9,9.93
XGBoost,4051,2006-10-30 02:15:00,2,8.2
XGBoost,4051,2006-10-30 02:30:00,8,8.18
XGBoost,4051,2006-10-30 02:45:00,8,10.37
XGBoost,4051,2006-10-30 03:00:00,5,11.3
XGBoost,4051,2006-10-30 03:15:00,7,10.38
XGBoost,4051,2006-10-30 03:30:00,4,9.42
XGBoost,4051,2006-10-30 03:45:00,8,10.62
XGBoost,4051,2006-10-30 04:00:00,2,15.85
XGBoost,4051,2006-10-30 04:15:00,10,15.65
XGBoost,4051,2006-10-30 04:30:00,8,14.08
XGBoost,4051,2006-10-30 04:45:00,10,15.19
XGBoost,4051,2006-10-30 05:00:00,22,19.47
XGBoost,4051,2006-10-30 05:15:00,16,26.34
XGBoost,4051,2006-10-30 05:30:00,22,25.04
XGBoost,4051,2006-10-30 05:45:00,35,31.31
XGBoost,4051,2006-10-30 06:00:00,51,41.81
XGBoost,4051,2006-10-30 06:15:00,45,58.46
XGBoost,4051,2006-10-30 06:30:00,80,59.4
XGBoost,4051,2006-10-30 06:45:00,118,94.16
XGBoost,4051,2006-10-30 07:00:00,173,142.11
XGBoost,4051,2006-10-30 07:15:00,231,212.97
XGBoost,4051,2006-10-30 07:30:00,250,299.93
XGBoost,4051,2006-10-30 07:45:00,301,337.44
XGBoost,4051,2006-10-30 08:00:00,301,337.44
XGBoost,4051,2006-10-30 08:15:00,323,353.66
XGBoost,4051,2006-10-30 08:30:00,343,336.93
XGBoost,4051,2006-10-30 08:45:00,325,320.16
XGBoost,4051,2006-10-30 09:00:00,240,293.86
XGBoost,4051,2006-10-30 09:15:00,215,226.46
XGBoost,4051,2006-10-30 09:30:00,186,201.23
XGBoost,4051,2006-10-30 09:45:00,224,195.81
XGBoost,4051,2006-10-30 10:00:00,176,194.82
XGBoost,4051,2006-10-30 10:15:00,199,177.45
XGBoost,4051,2006-10-30 10:30:00,213,191.73
XGBoost,4051,2006-10-30 10:45:00,218,199.85
XGBoost,4051,2006-10-30 11:00:00,186,202.05
XGBoost,4051,2006-10-30 11:15:00,198,186.38
XGBoost,4051,2006-10-30 11:30:00,207,205.28
XGBoost,4051,2006-10-30 11:45:00,214,220.85
XGBoost,4051,2006-10-30 12:00:00,219,230.9
XGBoost,4051,2006-10-30 12:15:00,193,218.67
XGBoost,4051,2006-10-30 12:30:00,228,193.92
XGBoost,4051,2006-10-30 12:45:00,221,214.54
XGBoost,4051,2006-10-30 13:00:00,214,221.53
XGBoost,4051,2006-10-30 13:15:00,194,218.77
XGBoost,4051,2006-10-30 13:30:00,219,202.62
XGBoost,4051,2006-10-30 13:45:00,200,207.98
XGBoost,4051,2006-10-30 14:00:00,189,217.75
XGBoost,4051,2006-10-30 14:15:00,218,195.49
XGBoost,4051,2006-10-30 14:30:00,236,209.77
XGBoost,4051,2006-10-30 14:45:00,210,220.93
XGBoost,4051,2006-10-30 15:00:00,244,233.33
XGBoost,4051,2006-10-30 15:15:00,289,255.14
XGBoost,4051,2006-10-30 15:30:00,260,289.17
XGBoost,4051,2006-10-30 15:45:00,283,280.68
XGBoost,4051,2006-10-30 16:00:00,279,286.84
XGBoost,4051,2006-10-30 16:15:00,290,282.2
XGBoost,4051,2006-10-30 16:30:00,268,287.71
XGBoost,4051,2006-10-30 16:45:00,263,269.82
XGBoost,4051,2006-10-30 17:00:00,281,267.77
XGBoost,4051,2006-10-30 17:15:00,328,289.57
XGBoost,4051,2006-10-30 17:30:00,258,310.95
XGBoost,4051,2006-10-30 17:45:00,274,282.23
XGBoost,4051,2006-10-30 18:00:00,317,244.76
XGBoost,4051,2006-10-30 18:15:00,277,271.55
XGBoost,4051,2006-10-30 18:30:00,250,255.67
XGBoost,4051,2006-10-30 18:45:00,242,227.58
XGBoost,4051,2006-10-30 19:00:00,176,204.93
XGBoost,4051,2006-10-30 19:15:00,141,162.83
XGBoost,4051,2006-10-30 19:30:00,146,134.61
XGBoost,4051,2006-10-30 19:45:00,119,128.19
XGBoost,4051,2006-10-30 20:00:00,121,121.21
XGBoost,4051,2006-10-30 20:15:00,105,112.78
XGBoost,4051,2006-10-30 20:30:00,113,106.85
XGBoost,4051,2006-10-30 20:45:00,132,113.61
XGBoost,4051,2006-10-30 21:00:00,109,123.81
XGBoost,4051,2006-10-30 21:15:00,96,107.93
XGBoost,4051,2006-10-30 21:30:00,92,95.08
XGBoost,4051,2006-10-30 21:45:00,76,83.57
XGBoost,4051,2006-10-30 22:00:00,82,67.3
XGBoost,4051,2006-10-30 22:15:00,73,69.27
XGBoost,4051,2006-10-30 22:30:00,84,63.24
XGBoost,4051,2006-10-30 22:45:00,50,67.23
XGBoost,4051,2006-10-30 23:00:00,48,48.43
XGBoost,4051,2006-10-30 23:15:00,35,42.1
XGBoost,4051,2006-10-30 23:30:00,31,37.12
XGBoost,4051,2006-10-30 23:45:00,29,32.8
XGBoost,4051,2006-10-31 00:00:00,32,23.84
XGBoost,4051,2006-10-31 00:15:00,25,25.39
XGBoost,4051,2006-10-31 00:30:00,23,21.41
XGBoost,4051,2006-10-31 00:45:00,14,18.99
XGBoost,4051,2006-10-31 01:00:00,13,15.39
XGBoost,4051,2006-10-31 01:15:00,7,11.53
XGBoost,4051,2006-10-31 01:30:00,5,9.68
XGBoost,4051,2006-10-31 01:45:00,8,8.17
XGBoost,4051,2006-10-31 02:00:00,9,8.81
XGBoost,4051,2006-10-31 02:15:00,1,8.07
XGBoost,4051,2006-10-31 02:30:00,5,8.38
XGBoost,4051,2006-10-31 02:45:00,1,8.26
XGBoost,4051,2006-10-31 03:00:00,3,8.81
XGBoost,4051,2006-10-31 03:15:00,8,8.81
XGBoost,4051,2006-10-31 03:30:00,10,8.81
XGBoost,4051,2006-10-31 03:45:00,2,9.11
XGBoost,4051,2006-10-31 04:00:00,3,12.43
XGBoost,4051,2006-10-31 04:15:00,7,12.74
XGBoost,4051,2006-10-31 04:30:00,11,12.74
XGBoost,4051,2006-10-31 04:45:00,13,12.74
XGBoost,4051,2006-10-31 05:00:00,18,21.98
XGBoost,4051,2006-10-31 05:15:00,17,24.25
XGBoost,4051,2006-10-31 05:30:00,21,26.69
XGBoost,4051,2006-10-31 05:45:00,41,32.03
XGBoost,4051,2006-10-31 06:00:00,48,52.94
XGBoost,4051,2006-10-31 06:15:00,57,63.96
XGBoost,4051,2006-10-31 06:30:00,87,83.81
XGBoost,4051,2006-10-31 06:45:00,127,125.58
XGBoost,4051,2006-10-31 07:00:00,173,166.57
XGBoost,4051,2006-10-31 07:15:00,238,224.96
XGBoost,4051,2006-10-31 07:30:00,294,277.83
XGBoost,4051,2006-10-31 07:45:00,304,345.4
XGBoost,4051,2006-10-31 08:00:00,296,344.51
XGBoost,4051,2006-10-31 08:15:00,333,332.31
XGBoost,4051,2006-10-31 08:30:00,320,340.66
XGBoost,4051,2006-10-31 08:45:00,320,331.37
XGBoost,4051,2006-10-31 09:00:00,286,298.83
XGBoost,4051,2006-10-31 09:15:00,243,270.71
XGBoost,4051,2006-10-31 09:30:00,198,226.69
XGBoost,4051,2006-10-31 09:45:00,204,213.74
XGBoost,4051,2006-10-31 10:00:00,178,192.12
XGBoost,4051,2006-10-31 10:15:00,218,190.42
XGBoost,4051,2006-10-31 10:30:00,199,206.28
XGBoost,4051,2006-10-31 10:45:00,159,211.29
XGBoost,4051,2006-10-31 11:00:00,229,178.48
XGBoost,4051,2006-10-31 11:15:00,238,204.91
XGBoost,4051,2006-10-31 11:30:00,219,223.57
XGBoost,4051,2006-10-31 11:45:00,204,221.37
XGBoost,4051,2006-10-31 12:00:00,219,214.45
XGBoost,4051,2006-10-31 12:15:00,224,207.8
XGBoost,4051,2006-10-31 12:30:00,227,220.56
XGBoost,4051,2006-10-31 12:45:00,209,228.24
XGBoost,4051,2006-10-31 13:00:00,215,216.53
XGBoost,4051,2006-10-31 13:15:00,237,207.94
XGBoost,4051,2006-10-31 13:30:00,212,224.87
XGBoost,4051,2006-10-31 13:45:00,210,212.73
XGBoost,4051,2006-10-31 14:00:00,212,210.02
XGBoost,4051,2006-10-31 14:15:00,217,219.42
XGBoost,4051,2006-10-31 14:30:00,203,220.5
XGBoost,4051,2006-10-31 14:45:00,229,217.33
XGBoost,4051,2006-10-31 15:00:00,275,235.22
XGBoost,4051,2006-10-31 15:15:00,287,295.87
XGBoost,4051,2006-10-31 15:30:00,301,287.57
XGBoost,4051,2006-10-31 15:45:00,292,310.04
XGBoost,4051,2006-10-31 16:00:00,279,301.19
XGBoost,4051,2006-10-31 16:15:00,272,304.08
XGBoost,4051,2006-10-31 16:30:00,288,284.79
XGBoost,4051,2006-10-31 16:45:00,281,286.41
XGBoost,4051,2006-10-31 17:00:00,275,298.09
XGBoost,4051,2006-10-31 17:15:00,330,316.68
XGBoost,4051,2006-10-31 17:30:00,306,305.08
XGBoost,4051,2006-10-31 17:45:00,292,310.8
XGBoost,4051,2006-10-31 18:00:00,286,287.27
XGBoost,4051,2006-10-31 18:15:00,250,271.86
XGBoost,4051,2006-10-31 18:30:00,244,251.44
XGBoost,4051,2006-10-31 18:45:00,220,236.37
XGBoost,4051,2006-10-31 19:00:00,221,199.63
XGBoost,4051,2006-10-31 19:15:00,203,189.01
XGBoost,4051,2006-10-31 19:30:00,155,179.78
XGBoost,4051,2006-10-31 19:45:00,173,145.54
XGBoost,4051,2006-10-31 20:00:00,135,152.04
XGBoost,4051,2006-10-31 20:15:00,118,132.43
XGBoost,4051,2006-10-31 20:30:00,138,117.04
XGBoost,4051,2006-10-31 20:45:00,116,130.94
XGBoost,4051,2006-10-31 21:00:00,111,119.81
XGBoost,4051,2006-10-31 21:15:00,120,110.08
XGBoost,4051,2006-10-31 21:30:00,107,115.31
XGBoost,4051,2006-10-31 21:45:00,110,101.2
XGBoost,4051,2006-10-31 22:00:00,101,98.16
XGBoost,4051,2006-10-31 22:15:00,72,91.27
XGBoost,4051,2006-10-31 22:30:00,68,74.79
XGBoost,4051,2006-10-31 22:45:00,60,60.78
XGBoost,4051,2006-10-31 23:00:00,64,51.06
XGBoost,4051,2006-10-31 23:15:00,41,50.58
XGBoost,4051,2006-10-31 23:30:00,43,41.65
XGBoost,4051,2006-10-31 23:45:00,33,41.03
XGBoost,4057,2006-10-27 12:00:00,477,447.72
XGBoost,4057,2006-10-27 12:15:00,494,464.74
XGBoost,4057,2006-10-27 12:30:00,473,471.38
XGBoost,4057,2006-10-27 12:45:00,413,477.69
XGBoost,4057,2006-10-27 13:00:00,479,424.28
XGBoost,4057,2006-10-27 13:15:00,500,462.37
XGBoost,4057,2006-10-27 13:30:00,449,474.22
XGBoost,4057,2006-10-27 13:45:00,412,451.51
XGBoost,4057,2006-10-27 14:00:00,463,446.57
XGBoost,4057,2006-10-27 14:15:00,451,473.75
XGBoost,4057,2006-10-27 14:30:00,472,505.66
XGBoost,4057,2006-10-27 14:45:00,548,503.14
XGBoost,4057,2006-10-27 15:00:00,603,548.25
XGBoost,4057,2006-10-27 15:15:00,624,601.92
XGBoost,4057,2006-10-27 15:30:00,706,651.76
XGBoost,4057,2006-10-27 15:45:00,736,679.18
XGBoost,4057,2006-10-27 16:00:00,683,686.63
XGBoost,4057,2006-10-27 16:15:00,608,676.96
XGBoost,4057,2006-10-27 16:30:00,672,638.79
XGBoost,4057,2006-10-27 16:45:00,625,693.25
XGBoost,4057,2006-10-27 17:00:00,678,702.81
XGBoost,4057,2006-10-27 17:15:00,690,716.59
XGBoost,4057,2006-10-27 17:30:00,667,719.17
XGBoost,4057,2006-10-27 17:45:00,680,702.78
XGBoost,4057,2006-10-27 18:00:00,740,670.58
XGBoost,4057,2006-10-27 18:15:00,661,667.11
XGBoost,4057,2006-10-27 18:30:00,637,656.32
XGBoost,4057,2006-10-27 18:45:00,554,596.97
XGBoost,4057,2006-10-27 19:00:00,533,575.44
XGBoost,4057,2006-10-27 19:15:00,488,497.66
XGBoost,4057,2006-10-27 19:30:00,469,432.87
XGBoost,4057,2006-10-27 19:45:00,370,411.57
XGBoost,4057,2006-10-27 20:00:00,332,362.98
XGBoost,4057,2006-10-27 20:15:00,298,322.89
XGBoost,4057,2006-10-27 20:30:00,270,298.37
XGBoost,4057,2006-10-27 20:45:00,250,262.13
XGBoost,4057,2006-10-27 21:00:00,259,259.67
XGBoost,4057,2006-10-27 21:15:00,247,251.5
XGBoost,4057,2006-10-27 21:30:00,251,238.87
XGBoost,4057,2006-10-27 21:45:00,209,226.01
XGBoost,4057,2006-10-27 22:00:00,201,221.86
XGBoost,4057,2006-10-27 22:15:00,212,204.49
XGBoost,4057,2006-10-27 22:30:00,219,191.78
XGBoost,4057,2006-10-27 22:45:00,196,193.33
XGBoost,4057,2006-10-27 23:00:00,186,181.34
XGBoost,4057,2006-10-27 23:15:00,152,167.62
XGBoost,4057,2006-10-27 23:30:00,150,140.07
XGBoost,4057,2006-10-27 23:45:00,123,132.24
XGBoost,4057,2006-10-28 00:00:00,87,113.58
XGBoost,4057,2006-10-28 00:15:00,83,84.63
XGBoost,4057,2006-10-28 00:30:00,77,73.35
XGBoost,4057,2006-10-28 00:45:00,57,68.98
XGBoost,4057,2006-10-28 01:00:00,44,54.03
XGBoost,4057,2006-10-28 01:15:00,48,41.39
XGBoost,4057,2006-10-28 01:30:00,44,39.52
XGBoost,4057,2006-10-28 01:45:00,25,37.56
XGBoost,4057,2006-10-28 02:00:00,43,27.11
XGBoost,4057,2006-10-28 02:15:00,17,32.28
XGBoost,4057,2006-10-28 02:30:00,28,22.86
XGBoost,4057,2006-10-28 02:45:00,19,24.89
XGBoost,4057,2006-10-28 03:00:00,14,19.46
XGBoost,4057,2006-10-28 03:15:00,11,14.35
XGBoost,4057,2006-10-28 03:30:00,12,13.14
XGBoost,4057,2006-10-28 03:45:00,23,12.03
XGBoost,4057,2006-10-28 04:00:00,17,18.4
XGBoost,4057,2006-10-28 04:15:00,20,16.73
XGBoost,4057,2006-10-28 04:30:00,20,22.4
XGBoost,4057,2006-10-28 04:45:00,27,19.7
XGBoost,4057,2006-10-28 05:00:00,24,30.97
XGBoost,4057,2006-10-28 05:15:00,36,31.65
XGBoost,4057,2006-10-28 05:30:00,27,39.89
XGBoost,4057,2006-10-28 05:45:00,51,41.24
XGBoost,4057,2006-10-28 06:00:00,33,61.91
XGBoost,4057,2006-10-28 06:15:00,68,54.42
XGBoost,4057,2006-10-28 06:30:00,89,85.06
XGBoost,4057,2006-10-28 06:45:00,110,115.49
XGBoost,4057,2006-10-28 07:00:00,113,133.67
XGBoost,4057,2006-10-28 07:15:00,112,138.18
XGBoost,4057,2006-10-28 07:30:00,183,141.36
XGBoost,4057,2006-10-28 07:45:00,269,210.91
XGBoost,4057,2006-10-28 08:00:00,296,271.46
XGBoost,4057,2006-10-28 08:15:00,272,317.9
XGBoost,4057,2006-10-28 08:30:00,355,320.52
XGBoost,4057,2006-10-28 08:45:00,448,396.13
XGBoost,4057,2006-10-28 09:00:00,377,454.82
XGBoost,4057,2006-10-28 09:15:00,546,440.83
XGBoost,4057,2006-10-28 09:30:00,534,495.35
XGBoost,4057,2006-10-28 09:45:00,600,533.47
XGBoost,4057,2006-10-28 10:00:00,542,566.88
XGBoost,4057,2006-10-28 10:15:00,535,547.61
XGBoost,4057,2006-10-28 10:30:00,590,537.5
XGBoost,4057,2006-10-28 10:45:00,653,580.03
XGBoost,4057,2006-10-28 11:00:00,568,592.85
XGBoost,4057,2006-10-28 11:15:00,620,600.67
XGBoost,4057,2006-10-28 11:30:00,661,603.13
XGBoost,4057,2006-10-28 11:45:00,637,630.87
XGBoost,4057,2006-10-28 12:00:00,705,616.19
XGBoost,4057,2006-10-28 12:15:00,616,662.71
XGBoost,4057,2006-10-28 12:30:00,673,635.54
XGBoost,4057,2006-10-28 12:45:00,627,632.27
XGBoost,4057,2006-10-28 13:00:00,552,614.94
XGBoost,4057,2006-10-28 13:15:00,544,569.26
XGBoost,4057,2006-10-28 13:30:00,635,546.84
XGBoost,4057,2006-10-28 13:45:00,505,572.18
XGBoost,4057,2006-10-28 14:00:00,505,537.93
XGBoost,4057,2006-10-28 14:15:00,581,504.29
XGBoost,4057,2006-10-28 14:30:00,544,552.88
XGBoost,4057,2006-10-28 14:45:00,508,556.48
XGBoost,4057,2006-10-28 15:00:00,520,535.7
XGBoost,4057,2006-10-28 15:15:00,538,541.79
XGBoost,4057,2006-10-28 15:30:00,537,555.87
XGBoost,4057,2006-10-28 15:45:00,608,557.87
XGBoost,4057,2006-10-28 16:00:00,535,577.1
XGBoost,4057,2006-10-28 16:15:00,488,567.84
XGBoost,4057,2006-10-28 16:30:00,550,526.98
XGBoost,4057,2006-10-28 16:45:00,542,545.9
XGBoost,4057,2006-10-28 17:00:00,448,550.58
XGBoost,4057,2006-10-28 17:15:00,551,517.18
XGBoost,4057,2006-10-28 17:30:00,501,534.8
XGBoost,4057,2006-10-28 17:45:00,482,530.93
XGBoost,4057,2006-10-28 18:00:00,535,482.77
XGBoost,4057,2006-10-28 18:15:00,477,516.2
XGBoost,4057,2006-10-28 18:30:00,421,473.69
XGBoost,4057,2006-10-28 18:45:00,406,416.25
XGBoost,4057,2006-10-28 19:00:00,385,374.22
XGBoost,4057,2006-10-28 19:15:00,410,356.9
XGBoost,4057,2006-10-28 19:30:00,310,363.6
XGBoost,4057,2006-10-28 19:45:00,208,309.49
XGBoost,4057,2006-10-28 20:00:00,259,241.52
XGBoost,4057,2006-10-28 20:15:00,228,244.95
XGBoost,4057,2006-10-28 20:30:00,229,224.31
XGBoost,4057,2006-10-28 20:45:00,228,212.34
XGBoost,4057,2006-10-28 21:00:00,204,221.63
XGBoost,4057,2006-10-28 21:15:00,190,208.72
XGBoost,4057,2006-10-28 21:30:00,186,197.15
XGBoost,4057,2006-10-28 21:45:00,181,186.75
XGBoost,4057,2006-10-28 22:00:00,176,184.3
XGBoost,4057,2006-10-28 22:15:00,187,183.03
XGBoost,4057,2006-10-28 22:30:00,158,187.7
XGBoost,4057,2006-10-28 22:45:00,155,171.43
XGBoost,4057,2006-10-28 23:00:00,158,159.84
XGBoost,4057,2006-10-28 23:15:00,159,158.26
XGBoost,4057,2006-10-28 23:30:00,142,158.26
XGBoost,4057,2006-10-28 23:45:00,147,135.73
XGBoost,4057,2006-10-29 00:00:00,124,126.1
XGBoost,4057,2006-10-29 00:15:00,127,112.97
XGBoost,4057,2006-10-29 00:30:00,87,107.89
XGBoost,4057,2006-10-29 00:45:00,95,85.39
XGBoost,4057,2006-10-29 01:00:00,74,83.05
XGBoost,4057,2006-10-29 01:15:00,55,67.59
XGBoost,4057,2006-10-29 01:30:00,46,54.39
XGBoost,4057,2006-10-29 01:45:00,0,42.39
XGBoost,4057,2006-10-29 02:00:00,0,27.08
XGBoost,4057,2006-10-29 02:15:00,0,17.15
XGBoost,4057,2006-10-29 02:30:00,0,15.0
XGBoost,4057,2006-10-29 02:45:00,29,11.29
XGBoost,4057,2006-10-29 03:00:00,29,16.13
XGBoost,4057,2006-10-29 03:15:00,40,20.49
XGBoost,4057,2006-10-29 03:30:00,52,28.77
XGBoost,4057,2006-10-29 03:45:00,41,42.44
XGBoost,4057,2006-10-29 04:00:00,32,39.36
XGBoost,4057,2006-10-29 04:15:00,37,34.11
XGBoost,4057,2006-10-29 04:30:00,18,33.18
XGBoost,4057,2006-10-29 04:45:00,28,25.35
XGBoost,4057,2006-10-29 05:00:00,33,30.18
XGBoost,4057,2006-10-29 05:15:00,21,36.81
XGBoost,4057,2006-10-29 05:30:00,32,27.3
XGBoost,4057,2006-10-29 05:45:00,30,39.67
XGBoost,4057,2006-10-29 06:00:00,14,33.02
XGBoost,4057,2006-10-29 06:15:00,35,28.55
XGBoost,4057,2006-10-29 06:30:00,59,47.02
XGBoost,4057,2006-10-29 06:45:00,45,68.33
XGBoost,4057,2006-10-29 07:00:00,58,53.94
XGBoost,4057,2006-10-29 07:15:00,57,65.4
XGBoost,4057,2006-10-29 07:30:00,69,68.99
XGBoost,4057,2006-10-29 07:45:00,82,81.65
XGBoost,4057,2006-10-29 08:00:00,82,93.44
XGBoost,4057,2006-10-29 08:15:00,124,97.51
XGBoost,4057,2006-10-29 08:30:00,186,134.81
XGBoost,4057,2006-10-29 08:45:00,234,199.3
XGBoost,4057,2006-10-29 09:00:00,203,240.15
XGBoost,4057,2006-10-29 09:15:00,228,239.27
XGBoost,4057,2006-10-29 09:30:00,219,262.59
XGBoost,4057,2006-10-29 09:45:00,306,272.53
XGBoost,4057,2006-10-29 10:00:00,328,331.25
XGBoost,4057,2006-10-29 10:15:00,390,353.98
XGBoost,4057,2006-10-29 10:30:00,387,400.98
XGBoost,4057,2006-10-29 10:45:00,359,423.34
XGBoost,4057,2006-10-29 11:00:00,380,391.83
XGBoost,4057,2006-10-29 11:15:00,385,404.39
XGBoost,4057,2006-10-29 11:30:00,398,425.17
XGBoost,4057,2006-10-29 11:45:00,419,424.93
XGBoost,4057,2006-10-29 12:00:00,412,453.03
XGBoost,4057,2006-10-29 12:15:00,418,445.04
XGBoost,4057,2006-10-29 12:30:00,472,453.71
XGBoost,4057,2006-10-29 12:45:00,477,479.01
XGBoost,4057,2006-10-29 13:00:00,470,482.44
XGBoost,4057,2006-10-29 13:15:00,467,477.4
XGBoost,4057,2006-10-29 13:30:00,397,487.27
XGBoost,4057,2006-10-29 13:45:00,412,411.71
XGBoost,4057,2006-10-29 14:00:00,478,417.21
XGBoost,4057,2006-10-29 14:15:00,440,468.88
XGBoost,4057,2006-10-29 14:30:00,420,463.46
XGBoost,4057,2006-10-29 14:45:00,412,440.58
XGBoost,4057,2006-10-29 15:00:00,458,434.69
XGBoost,4057,2006-10-29 15:15:00,491,462.98
XGBoost,4057,2006-10-29 15:30:00,447,483.98
XGBoost,4057,2006-10-29 15:45:00,469,481.04
XGBoost,4057,2006-10-29 16:00:00,421,474.78
XGBoost,4057,2006-10-29 16:15:00,478,442.23
XGBoost,4057,2006-10-29 16:30:00,450,473.11
XGBoost,4057,2006-10-29 16:45:00,455,469.42
XGBoost,4057,2006-10-29 17:00:00,496,436.18
XGBoost,4057,2006-10-29 17:15:00,456,483.32
XGBoost,4057,2006-10-29 17:30:00,476,461.7
XGBoost,4057,2006-10-29 17:45:00,450,458.65
XGBoost,4057,2006-10-29 18:00:00,442,413.4
XGBoost,4057,2006-10-29 18:15:00,458,398.15
XGBoost,4057,2006-10-29 18:30:00,397,399.41
XGBoost,4057,2006-10-29 18:45:00,337,375.66
XGBoost,4057,2006-10-29 19:00:00,322,313.99
XGBoost,4057,2006-10-29 19:15:00,269,291.44
XGBoost,4057,2006-10-29 19:30:00,251,248.16
XGBoost,4057,2006-10-29 19:45:00,228,214.19
XGBoost,4057,2006-10-29 20:00:00,233,214.96
XGBoost,4057,2006-10-29 20:15:00,235,213.19
XGBoost,4057,2006-10-29 20:30:00,268,211.62
XGBoost,4057,2006-10-29 20:45:00,201,228.3
XGBoost,4057,2006-10-29 21:00:00,224,198.56
XGBoost,4057,2006-10-29 21:15:00,201,197.01
XGBoost,4057,2006-10-29 21:30:00,175,188.89
XGBoost,4057,2006-10-29 21:45:00,150,172.55
XGBoost,4057,2006-10-29 22:00:00,142,146.66
XGBoost,4057,2006-10-29 22:15:00,152,130.97
XGBoost,4057,2006-10-29 22:30:00,118,133.12
XGBoost,4057,2006-10-29 22:45:00,91,117.5
XGBoost,4057,2006-10-29 23:00:00,91,81.86
XGBoost,4057,2006-10-29 23:15:00,83,77.95
XGBoost,4057,2006-10-29 23:30:00,63,73.84
XGBoost,4057,2006-10-29 23:45:00,52,62.0
XGBoost,4057,2006-10-30 00:00:00,48,45.61
XGBoost,4057,2006-10-30 00:15:00,40,39.77
XGBoost,4057,2006-10-30 00:30:00,32,33.98
XGBoost,4057,2006-10-30 00:45:00,31,30.28
XGBoost,4057,2006-10-30 01:00:00,25,27.42
XGBoost,4057,2006-10-30 01:15:00,25,23.08
XGBoost,4057,2006-10-30 01:30:00,10,21.36
XGBoost,4057,2006-10-30 01:45:00,22,13.65
XGBoost,4057,2006-10-30 02:00:00,9,15.02
XGBoost,4057,2006-10-30 02:15:00,13,12.22
XGBoost,4057,2006-10-30 02:30:00,7,9.16
XGBoost,4057,2006-10-30 02:45:00,5,12.17
XGBoost,4057,2006-10-30 03:00:00,6,10.94
XGBoost,4057,2006-10-30 03:15:00,12,12.09
XGBoost,4057,2006-10-30 03:30:00,10,11.87
XGBoost,4057,2006-10-30 03:45:00,12,11.66
XGBoost,4057,2006-10-30 04:00:00,17,17.48
XGBoost,4057,2006-10-30 04:15:00,11,21.33
XGBoost,4057,2006-10-30 04:30:00,18,16.32
XGBoost,4057,2006-10-30 04:45:00,25,20.87
XGBoost,4057,2006-10-30 05:00:00,30,34.01
XGBoost,4057,2006-10-30 05:15:00,32,33.78
XGBoost,4057,2006-10-30 05:30:00,45,43.21
XGBoost,4057,2006-10-30 05:45:00,65,53.13
XGBoost,4057,2006-10-30 06:00:00,81,73.92
XGBoost,4057,2006-10-30 06:15:00,108,104.06
XGBoost,4057,2006-10-30 06:30:00,195,150.26
XGBoost,4057,2006-10-30 06:45:00,217,243.98
XGBoost,4057,2006-10-30 07:00:00,334,298.89
XGBoost,4057,2006-10-30 07:15:00,476,383.69
XGBoost,4057,2006-10-30 07:30:00,574,551.63
XGBoost,4057,2006-10-30 07:45:00,658,669.61
XGBoost,4057,2006-10-30 08:00:00,767,675.04
XGBoost,4057,2006-10-30 08:15:00,737,770.36
XGBoost,4057,2006-10-30 08:30:00,778,739.55
XGBoost,4057,2006-10-30 08:45:00,817,773.17
XGBoost,4057,2006-10-30 09:00:00,658,674.07
XGBoost,4057,2006-10-30 09:15:00,532,567.52
XGBoost,4057,2006-10-30 09:30:00,439,493.85
XGBoost,4057,2006-10-30 09:45:00,426,415.67
XGBoost,4057,2006-10-30 10:00:00,460,446.85
XGBoost,4057,2006-10-30 10:15:00,454,441.51
XGBoost,4057,2006-10-30 10:30:00,467,435.82
XGBoost,4057,2006-10-30 10:45:00,451,427.11
XGBoost,4057,2006-10-30 11:00:00,429,452.07
XGBoost,4057,2006-10-30 11:15:00,459,431.35
XGBoost,4057,2006-10-30 11:30:00,398,441.68
XGBoost,4057,2006-10-30 11:45:00,420,414.21
XGBoost,4057,2006-10-30 12:00:00,428,404.21
XGBoost,4057,2006-10-30 12:15:00,416,419.49
XGBoost,4057,2006-10-30 12:30:00,383,447.93
XGBoost,4057,2006-10-30 12:45:00,413,419.82
XGBoost,4057,2006-10-30 13:00:00,398,437.56
XGBoost,4057,2006-10-30 13:15:00,417,415.6
XGBoost,4057,2006-10-30 13:30:00,377,399.17
XGBoost,4057,2006-10-30 13:45:00,430,391.21
XGBoost,4057,2006-10-30 14:00:00,438,465.66
XGBoost,4057,2006-10-30 14:15:00,381,460.14
XGBoost,4057,2006-10-30 14:30:00,428,429.66
XGBoost,4057,2006-10-30 14:45:00,505,428.23
XGBoost,4057,2006-10-30 15:00:00,519,516.66
XGBoost,4057,2006-10-30 15:15:00,618,540.62
XGBoost,4057,2006-10-30 15:30:00,655,590.33
XGBoost,4057,2006-10-30 15:45:00,715,637.5
XGBoost,4057,2006-10-30 16:00:00,635,662.57
XGBoost,4057,2006-10-30 16:15:00,572,640.03
XGBoost,4057,2006-10-30 16:30:00,611,609.48
XGBoost,4057,2006-10-30 16:45:00,648,622.67
XGBoost,4057,2006-10-30 17:00:00,657,657.37
XGBoost,4057,2006-10-30 17:15:00,688,656.12
XGBoost,4057,2006-10-30 17:30:00,734,700.8
XGBoost,4057,2006-10-30 17:45:00,729,749.0
XGBoost,4057,2006-10-30 18:00:00,650,683.65
XGBoost,4057,2006-10-30 18:15:00,632,622.78
XGBoost,4057,2006-10-30 18:30:00,570,579.88
XGBoost,4057,2006-10-30 18:45:00,505,531.9
XGBoost,4057,2006-10-30 19:00:00,454,453.92
XGBoost,4057,2006-10-30 19:15:00,359,404.68
XGBoost,4057,2006-10-30 19:30:00,338,326.93
XGBoost,4057,2006-10-30 19:45:00,305,294.66
XGBoost,4057,2006-10-30 20:00:00,308,283.86
XGBoost,4057,2006-10-30 20:15:00,236,282.8
XGBoost,4057,2006-10-30 20:30:00,208,265.44
XGBoost,4057,2006-10-30 20:45:00,282,215.21
XGBoost,4057,2006-10-30 21:00:00,253,248.98
XGBoost,4057,2006-10-30 21:15:00,258,236.35
XGBoost,4057,2006-10-30 21:30:00,186,224.0
XGBoost,4057,2006-10-30 21:45:00,181,189.25
XGBoost,4057,2006-10-30 22:00:00,183,155.24
XGBoost,4057,2006-10-30 22:15:00,193,168.59
XGBoost,4057,2006-10-30 22:30:00,141,161.79
XGBoost,4057,2006-10-30 22:45:00,101,127.34
XGBoost,4057,2006-10-30 23:00:00,92,91.46
XGBoost,4057,2006-10-30 23:15:00,72,73.62
XGBoost,4057,2006-10-30 23:30:00,51,62.05
XGBoost,4057,2006-10-30 23:45:00,55,46.97
XGBoost,4057,2006-10-31 00:00:00,42,42.78
XGBoost,4057,2006-10-31 00:15:00,34,37.07
XGBoost,4057,2006-10-31 00:30:00,21,30.34
XGBoost,4057,2006-10-31 00:45:00,31,22.86
XGBoost,4057,2006-10-31 01:00:00,17,23.65
XGBoost,4057,2006-10-31 01:15:00,18,19.79
XGBoost,4057,2006-10-31 01:30:00,22,14.63
XGBoost,4057,2006-10-31 01:45:00,16,17.92
XGBoost,4057,2006-10-31 02:00:00,7,15.61
XGBoost,4057,2006-10-31 02:15:00,10,12.31
XGBoost,4057,2006-10-31 02:30:00,2,10.51
XGBoost,4057,2006-10-31 02:45:00,11,8.58
XGBoost,4057,2006-10-31 03:00:00,9,8.92
XGBoost,4057,2006-10-31 03:15:00,6,9.65
XGBoost,4057,2006-10-31 03:30:00,5,9.23
XGBoost,4057,2006-10-31 03:45:00,13,9.54
XGBoost,4057,2006-10-31 04:00:00,16,13.99
XGBoost,4057,2006-10-31 04:15:00,11,15.21
XGBoost,4057,2006-10-31 04:30:00,19,16.45
XGBoost,4057,2006-10-31 04:45:00,28,21.48
XGBoost,4057,2006-10-31 05:00:00,30,37.12
XGBoost,4057,2006-10-31 05:15:00,35,38.35
XGBoost,4057,2006-10-31 05:30:00,50,48.43
XGBoost,4057,2006-10-31 05:45:00,66,65.25
XGBoost,4057,2006-10-31 06:00:00,84,91.99
XGBoost,4057,2006-10-31 06:15:00,117,119.54
XGBoost,4057,2006-10-31 06:30:00,204,180.38
XGBoost,4057,2006-10-31 06:45:00,288,256.81
XGBoost,4057,2006-10-31 07:00:00,361,350.26
XGBoost,4057,2006-10-31 07:15:00,493,476.92
XGBoost,4057,2006-10-31 07:30:00,650,590.52
XGBoost,4057,2006-10-31 07:45:00,747,705.2
XGBoost,4057,2006-10-31 08:00:00,794,771.19
XGBoost,4057,2006-10-31 08:15:00,826,763.84
XGBoost,4057,2006-10-31 08:30:00,789,802.93
XGBoost,4057,2006-10-31 08:45:00,752,808.69
XGBoost,4057,2006-10-31 09:00:00,617,661.15
XGBoost,4057,2006-10-31 09:15:00,520,560.24
XGBoost,4057,2006-10-31 09:30:00,484,494.24
XGBoost,4057,2006-10-31 09:45:00,494,444.95
XGBoost,4057,2006-10-31 10:00:00,444,491.16
XGBoost,4057,2006-10-31 10:15:00,465,468.8
XGBoost,4057,2006-10-31 10:30:00,413,457.53
XGBoost,4057,2006-10-31 10:45:00,474,447.55
XGBoost,4057,2006-10-31 11:00:00,412,448.98
XGBoost,4057,2006-10-31 11:15:00,424,463.82
XGBoost,4057,2006-10-31 11:30:00,402,415.53
XGBoost,4057,2006-10-31 11:45:00,475,424.2
XGBoost,4057,2006-10-31 12:00:00,423,441.29
XGBoost,4057,2006-10-31 12:15:00,442,431.42
XGBoost,4057,2006-10-31 12:30:00,442,424.81
XGBoost,4057,2006-10-31 12:45:00,433,435.78
XGBoost,4057,2006-10-31 13:00:00,458,421.17
XGBoost,4057,2006-10-31 13:15:00,393,436.31
XGBoost,4057,2006-10-31 13:30:00,391,402.19
XGBoost,4057,2006-10-31 13:45:00,442,407.5
XGBoost,4057,2006-10-31 14:00:00,449,445.88
XGBoost,4057,2006-10-31 14:15:00,484,448.19
XGBoost,4057,2006-10-31 14:30:00,467,470.68
XGBoost,4057,2006-10-31 14:45:00,491,502.45
XGBoost,4057,2006-10-31 15:00:00,575,519.04
XGBoost,4057,2006-10-31 15:15:00,637,581.4
XGBoost,4057,2006-10-31 15:30:00,714,636.45
XGBoost,4057,2006-10-31 15:45:00,715,682.95
XGBoost,4057,2006-10-31 16:00:00,675,658.96
XGBoost,4057,2006-10-31 16:15:00,631,644.07
XGBoost,4057,2006-10-31 16:30:00,647,643.72
XGBoost,4057,2006-10-31 16:45:00,650,677.19
XGBoost,4057,2006-10-31 17:00:00,715,685.78
XGBoost,4057,2006-10-31 17:15:00,717,713.8
XGBoost,4057,2006-10-31 17:30:00,715,737.94
XGBoost,4057,2006-10-31 17:45:00,651,738.14
XGBoost,4057,2006-10-31 18:00:00,759,660.05
XGBoost,4057,2006-10-31 18:15:00,643,671.5
XGBoost,4057,2006-10-31 18:30:00,577,625.34
XGBoost,4057,2006-10-31 18:45:00,560,550.76
XGBoost,4057,2006-10-31 19:00:00,542,505.87
XGBoost,4057,2006-10-31 19:15:00,445,465.81
XGBoost,4057,2006-10-31 19:30:00,374,409.03
XGBoost,4057,2006-10-31 19:45:00,354,344.01
XGBoost,4057,2006-10-31 20:00:00,332,335.6
XGBoost,4057,2006-10-31 20:15:00,282,299.81
XGBoost,4057,2006-10-31 20:30:00,308,267.52
XGBoost,4057,2006-10-31 20:45:00,286,285.91
XGBoost,4057,2006-10-31 21:00:00,256,281.01
XGBoost,4057,2006-10-31 21:15:00,259,262.33
XGBoost,4057,2006-10-31 21:30:00,233,231.68
XGBoost,4057,2006-10-31 21:45:00,214,219.3
XGBoost,4057,2006-10-31 22:00:00,186,201.97
XGBoost,4057,2006-10-31 22:15:00,169,191.72
XGBoost,4057,2006-10-31 22:30:00,145,152.51
XGBoost,4057,2006-10-31 22:45:00,130,127.95
XGBoost,4057,2006-10-31 23:00:00,102,107.3
XGBoost,4057,2006-10-31 23:15:00,84,89.22
XGBoost,4057,2006-10-31 23:30:00,60,70.55
XGBoost,4057,2006-10-31 23:45:00,44,55.48
XGBoost,4063,2006-10-27 12:00:00,559,519.78
XGBoost,4063,2006-10-27 12:15:00,532,543.61
XGBoost,4063,2006-10-27 12:30:00,546,527.16
XGBoost,4063,2006-10-27 12:45:00,561,547.42
XGBoost,4063,2006-10-27 13:00:00,519,536.67
XGBoost,4063,2006-10-27 13:15:00,518,541.1
XGBoost,4063,2006-10-27 13:30:00,494,544.9
XGBoost,4063,2006-10-27 13:45:00,486,525.38
XGBoost,4063,2006-10-27 14:00:00,529,515.5
XGBoost,4063,2006-10-27 14:15:00,534,537.01
XGBoost,4063,2006-10-27 14:30:00,540,549.88
XGBoost,4063,2006-10-27 14:45:00,530,560.31
XGBoost,4063,2006-10-27 15:00:00,597,563.51
XGBoost,4063,2006-10-27 15:15:00,568,594.56
XGBoost,4063,2006-10-27 15:30:00,534,596.22
XGBoost,4063,2006-10-27 15:45:00,612,578.87
XGBoost,4063,2006-10-27 16:00:00,572,604.51
XGBoost,4063,2006-10-27 16:15:00,624,603.42
XGBoost,4063,2006-10-27 16:30:00,573,605.15
XGBoost,4063,2006-10-27 16:45:00,610,617.03
XGBoost,4063,2006-10-27 17:00:00,614,638.35
XGBoost,4063,2006-10-27 17:15:00,709,643.48
XGBoost,4063,2006-10-27 17:30:00,698,683.42
XGBoost,4063,2006-10-27 17:45:00,719,704.12
XGBoost,4063,2006-10-27 18:00:00,678,667.82
XGBoost,4063,2006-10-27 18:15:00,660,665.65
XGBoost,4063,2006-10-27 18:30:00,637,620.85
XGBoost,4063,2006-10-27 18:45:00,529,594.0
XGBoost,4063,2006-10-27 19:00:00,579,537.36
XGBoost,4063,2006-10-27 19:15:00,499,518.12
XGBoost,4063,2006-10-27 19:30:00,473,456.06
XGBoost,4063,2006-10-27 19:45:00,408,424.31
XGBoost,4063,2006-10-27 20:00:00,369,384.28
XGBoost,4063,2006-10-27 20:15:00,313,340.08
XGBoost,4063,2006-10-27 20:30:00,317,318.52
XGBoost,4063,2006-10-27 20:45:00,308,294.55
XGBoost,4063,2006-10-27 21:00:00,321,310.66
XGBoost,4063,2006-10-27 21:15:00,282,308.32
XGBoost,4063,2006-10-27 21:30:00,265,289.58
XGBoost,4063,2006-10-27 21:45:00,252,257.65
XGBoost,4063,2006-10-27 22:00:00,219,246.08
XGBoost,4063,2006-10-27 22:15:00,264,234.14
XGBoost,4063,2006-10-27 22:30:00,221,223.2
XGBoost,4063,2006-10-27 22:45:00,240,204.31
XGBoost,4063,2006-10-27 23:00:00,205,205.71
XGBoost,4063,2006-10-27 23:15:00,208,192.38
XGBoost,4063,2006-10-27 23:30:00,180,185.42
XGBoost,4063,2006-10-27 23:45:00,151,162.04
XGBoost,4063,2006-10-28 00:00:00,134,139.62
XGBoost,4063,2006-10-28 00:15:00,98,122.83
XGBoost,4063,2006-10-28 00:30:00,94,93.18
XGBoost,4063,2006-10-28 00:45:00,83,81.8
XGBoost,4063,2006-10-28 01:00:00,72,73.32
XGBoost,4063,2006-10-28 01:15:00,54,63.65
XGBoost,4063,2006-10-28 01:30:00,56,50.43
XGBoost,4063,2006-10-28 01:45:00,51,49.2
XGBoost,4063,2006-10-28 02:00:00,44,44.26
XGBoost,4063,2006-10-28 02:15:00,34,39.91
XGBoost,4063,2006-10-28 02:30:00,50,32.3
XGBoost,4063,2006-10-28 02:45:00,41,37.78
XGBoost,4063,2006-10-28 03:00:00,34,36.87
XGBoost,4063,2006-10-28 03:15:00,49,30.17
XGBoost,4063,2006-10-28 03:30:00,30,37.38
XGBoost,4063,2006-10-28 03:45:00,29,29.99
XGBoost,4063,2006-10-28 04:00:00,29,29.46
XGBoost,4063,2006-10-28 04:15:00,34,30.8
XGBoost,4063,2006-10-28 04:30:00,25,33.27
XGBoost,4063,2006-10-28 04:45:00,32,29.04
XGBoost,4063,2006-10-28 05:00:00,22,40.32
XGBoost,4063,2006-10-28 05:15:00,34,33.97
XGBoost,4063,2006-10-28 05:30:00,44,42.37
XGBoost,4063,2006-10-28 05:45:00,55,57.93
XGBoost,4063,2006-10-28 06:00:00,55,70.54
XGBoost,4063,2006-10-28 06:15:00,78,75.39
XGBoost,4063,2006-10-28 06:30:00,102,103.73
XGBoost,4063,2006-10-28 06:45:00,133,130.42
XGBoost,4063,2006-10-28 07:00:00,133,148.41
XGBoost,4063,2006-10-28 07:15:00,142,156.78
XGBoost,4063,2006-10-28 07:30:00,220,172.13
XGBoost,4063,2006-10-28 07:45:00,288,235.59
XGBoost,4063,2006-10-28 08:00:00,284,298.95
XGBoost,4063,2006-10-28 08:15:00,328,308.29
XGBoost,4063,2006-10-28 08:30:00,392,365.04
XGBoost,4063,2006-10-28 08:45:00,414,426.04
XGBoost,4063,2006-10-28 09:00:00,458,432.54
XGBoost,4063,2006-10-28 09:15:00,522,486.53
XGBoost,4063,2006-10-28 09:30:00,559,520.53
XGBoost,4063,2006-10-28 09:45:00,569,557.63
XGBoost,4063,2006-10-28 10:00:00,608,565.17
XGBoost,4063,2006-10-28 10:15:00,545,587.79
XGBoost,4063,2006-10-28 10:30:00,554,571.09
XGBoost,4063,2006-10-28 10:45:00,586,564.89
XGBoost,4063,2006-10-28 11:00:00,638,587.66
XGBoost,4063,2006-10-28 11:15:00,679,607.11
XGBoost,4063,2006-10-28 11:30:00,637,642.16
XGBoost,4063,2006-10-28 11:45:00,617,638.39
XGBoost,4063,2006-10-28 12:00:00,610,633.49
XGBoost,4063,2006-10-28 12:15:00,599,612.88
XGBoost,4063,2006-10-28 12:30:00,625,617.05
XGBoost,4063,2006-10-28 12:45:00,588,631.31
XGBoost,4063,2006-10-28 13:00:00,603,591.62
XGBoost,4063,2006-10-28 13:15:00,624,594.75
XGBoost,4063,2006-10-28 13:30:00,586,593.39
XGBoost,4063,2006-10-28 13:45:00,478,583.92
XGBoost,4063,2006-10-28 14:00:00,629,541.62
XGBoost,4063,2006-10-28 14:15:00,612,555.1
XGBoost,4063,2006-10-28 14:30:00,643,591.31
XGBoost,4063,2006-10-28 14:45:00,597,571.55
XGBoost,4063,2006-10-28 15:00:00,582,610.2
XGBoost,4063,2006-10-28 15:15:00,570,593.15
XGBoost,4063,2006-10-28 15:30:00,571,574.65
XGBoost,4063,2006-10-28 15:45:00,588,573.57
XGBoost,4063,2006-10-28 16:00:00,592,575.19
XGBoost,4063,2006-10-28 16:15:00,573,589.5
XGBoost,4063,2006-10-28 16:30:00,583,579.53
XGBoost,4063,2006-10-28 16:45:00,575,581.78
XGBoost,4063,2006-10-28 17:00:00,539,580.11
XGBoost,4063,2006-10-28 17:15:00,578,566.89
XGBoost,4063,2006-10-28 17:30:00,530,576.31
XGBoost,4063,2006-10-28 17:45:00,521,567.54
XGBoost,4063,2006-10-28 18:00:00,541,514.14
XGBoost,4063,2006-10-28 18:15:00,542,524.57
XGBoost,4063,2006-10-28 18:30:00,482,520.86
XGBoost,4063,2006-10-28 18:45:00,514,462.93
XGBoost,4063,2006-10-28 19:00:00,441,468.01
XGBoost,4063,2006-10-28 19:15:00,424,407.77
XGBoost,4063,2006-10-28 19:30:00,371,384.7
XGBoost,4063,2006-10-28 19:45:00,257,344.13
XGBoost,4063,2006-10-28 20:00:00,317,288.48
XGBoost,4063,2006-10-28 20:15:00,319,288.0
XGBoost,4063,2006-10-28 20:30:00,290,293.47
XGBoost,4063,2006-10-28 20:45:00,294,280.38
XGBoost,4063,2006-10-28 21:00:00,245,296.49
XGBoost,4063,2006-10-28 21:15:00,256,254.4
XGBoost,4063,2006-10-28 21:30:00,230,239.58
XGBoost,4063,2006-10-28 21:45:00,221,224.49
XGBoost,4063,2006-10-28 22:00:00,199,217.35
XGBoost,4063,2006-10-28 22:15:00,205,217.17
XGBoost,4063,2006-10-28 22:30:00,208,205.86
XGBoost,4063,2006-10-28 22:45:00,208,209.16
XGBoost,4063,2006-10-28 23:00:00,257,204.96
XGBoost,4063,2006-10-28 23:15:00,217,228.52
XGBoost,4063,2006-10-28 23:30:00,187,214.08
XGBoost,4063,2006-10-28 23:45:00,179,184.47
XGBoost,4063,2006-10-29 00:00:00,140,158.7
XGBoost,4063,2006-10-29 00:15:00,168,132.24
XGBoost,4063,2006-10-29 00:30:00,137,139.21
XGBoost,4063,2006-10-29 00:45:00,129,125.28
XGBoost,4063,2006-10-29 01:00:00,98,112.06
XGBoost,4063,2006-10-29 01:15:00,87,92.77
XGBoost,4063,2006-10-29 01:30:00,70,79.22
XGBoost,4063,2006-10-29 01:45:00,0,66.11
XGBoost,4063,2006-10-29 02:00:00,0,39.7
XGBoost,4063,2006-10-29 02:15:00,0,21.47
XGBoost,4063,2006-10-29 02:30:00,0,19.13
XGBoost,4063,2006-10-29 02:45:00,60,15.55
XGBoost,4063,2006-10-29 03:00:00,70,39.38
XGBoost,4063,2006-10-29 03:15:00,61,58.58
XGBoost,4063,2006-10-29 03:30:00,58,54.35
XGBoost,4063,2006-10-29 03:45:00,64,55.66
XGBoost,4063,2006-10-29 04:00:00,32,61.7
XGBoost,4063,2006-10-29 04:15:00,49,47.02
XGBoost,4063,2006-10-29 04:30:00,40,43.35
XGBoost,4063,2006-10-29 04:45:00,43,40.15
XGBoost,4063,2006-10-29 05:00:00,41,41.96
XGBoost,4063,2006-10-29 05:15:00,35,44.35
XGBoost,4063,2006-10-29 05:30:00,35,44.06
XGBoost,4063,2006-10-29 05:45:00,51,44.98
XGBoost,4063,2006-10-29 06:00:00,42,53.21
XGBoost,4063,2006-10-29 06:15:00,53,53.33
XGBoost,4063,2006-10-29 06:30:00,62,66.84
XGBoost,4063,2006-10-29 06:45:00,72,75.18
XGBoost,4063,2006-10-29 07:00:00,85,76.08
XGBoost,4063,2006-10-29 07:15:00,88,89.96
XGBoost,4063,2006-10-29 07:30:00,90,99.58
XGBoost,4063,2006-10-29 07:45:00,117,108.84
XGBoost,4063,2006-10-29 08:00:00,118,132.82
XGBoost,4063,2006-10-29 08:15:00,161,136.77
XGBoost,4063,2006-10-29 08:30:00,203,181.32
XGBoost,4063,2006-10-29 08:45:00,210,218.29
XGBoost,4063,2006-10-29 09:00:00,223,246.06
XGBoost,4063,2006-10-29 09:15:00,250,264.47
XGBoost,4063,2006-10-29 09:30:00,286,291.5
XGBoost,4063,2006-10-29 09:45:00,336,324.98
XGBoost,4063,2006-10-29 10:00:00,302,370.28
XGBoost,4063,2006-10-29 10:15:00,384,341.72
XGBoost,4063,2006-10-29 10:30:00,378,396.03
XGBoost,4063,2006-10-29 10:45:00,371,406.0
XGBoost,4063,2006-10-29 11:00:00,447,408.42
XGBoost,4063,2006-10-29 11:15:00,418,463.23
XGBoost,4063,2006-10-29 11:30:00,452,466.51
XGBoost,4063,2006-10-29 11:45:00,513,475.32
XGBoost,4063,2006-10-29 12:00:00,500,508.27
XGBoost,4063,2006-10-29 12:15:00,520,510.66
XGBoost,4063,2006-10-29 12:30:00,508,524.01
XGBoost,4063,2006-10-29 12:45:00,537,524.9
XGBoost,4063,2006-10-29 13:00:00,562,528.52
XGBoost,4063,2006-10-29 13:15:00,518,548.06
XGBoost,4063,2006-10-29 13:30:00,521,534.9
XGBoost,4063,2006-10-29 13:45:00,485,508.39
XGBoost,4063,2006-10-29 14:00:00,545,512.06
XGBoost,4063,2006-10-29 14:15:00,508,530.79
XGBoost,4063,2006-10-29 14:30:00,485,524.32
XGBoost,4063,2006-10-29 14:45:00,472,493.66
XGBoost,4063,2006-10-29 15:00:00,456,498.37
XGBoost,4063,2006-10-29 15:15:00,516,486.82
XGBoost,4063,2006-10-29 15:30:00,506,504.84
XGBoost,4063,2006-10-29 15:45:00,489,509.44
XGBoost,4063,2006-10-29 16:00:00,516,491.9
XGBoost,4063,2006-10-29 16:15:00,544,509.86
XGBoost,4063,2006-10-29 16:30:00,526,529.13
XGBoost,4063,2006-10-29 16:45:00,503,531.06
XGBoost,4063,2006-10-29 17:00:00,524,511.4
XGBoost,4063,2006-10-29 17:15:00,553,520.83
XGBoost,4063,2006-10-29 17:30:00,499,524.68
XGBoost,4063,2006-10-29 17:45:00,506,514.2
XGBoost,4063,2006-10-29 18:00:00,468,462.43
XGBoost,4063,2006-10-29 18:15:00,503,437.65
XGBoost,4063,2006-10-29 18:30:00,419,449.7
XGBoost,4063,2006-10-29 18:45:00,416,405.07
XGBoost,4063,2006-10-29 19:00:00,348,357.75
XGBoost,4063,2006-10-29 19:15:00,318,323.23
XGBoost,4063,2006-10-29 19:30:00,295,294.57
XGBoost,4063,2006-10-29 19:45:00,295,255.3
XGBoost,4063,2006-10-29 20:00:00,258,282.09
XGBoost,4063,2006-10-29 20:15:00,269,261.33
XGBoost,4063,2006-10-29 20:30:00,298,246.41
XGBoost,4063,2006-10-29 20:45:00,266,264.37
XGBoost,4063,2006-10-29 21:00:00,237,247.35
XGBoost,4063,2006-10-29 21:15:00,245,225.44
XGBoost,4063,2006-10-29 21:30:00,207,223.9
XGBoost,4063,2006-10-29 21:45:00,189,201.33
XGBoost,4063,2006-10-29 22:00:00,168,174.37
XGBoost,4063,2006-10-29 22:15:00,164,159.36
XGBoost,4063,2006-10-29 22:30:00,142,153.76
XGBoost,4063,2006-10-29 22:45:00,119,133.8
XGBoost,4063,2006-10-29 23:00:00,123,110.64
XGBoost,4063,2006-10-29 23:15:00,102,104.95
XGBoost,4063,2006-10-29 23:30:00,96,94.0
XGBoost,4063,2006-10-29 23:45:00,82,82.89
XGBoost,4063,2006-10-30 00:00:00,50,71.84
XGBoost,4063,2006-10-30 00:15:00,50,52.92
XGBoost,4063,2006-10-30 00:30:00,44,41.04
XGBoost,4063,2006-10-30 00:45:00,32,37.54
XGBoost,4063,2006-10-30 01:00:00,30,30.64
XGBoost,4063,2006-10-30 01:15:00,20,26.04
XGBoost,4063,2006-10-30 01:30:00,26,20.58
XGBoost,4063,2006-10-30 01:45:00,24,17.77
XGBoost,4063,2006-10-30 02:00:00,21,19.42
XGBoost,4063,2006-10-30 02:15:00,22,17.38
XGBoost,4063,2006-10-30 02:30:00,17,16.93
XGBoost,4063,2006-10-30 02:45:00,18,18.68
XGBoost,4063,2006-10-30 03:00:00,12,18.75
XGBoost,4063,2006-10-30 03:15:00,13,16.2
XGBoost,4063,2006-10-30 03:30:00,19,14.44
XGBoost,4063,2006-10-30 03:45:00,15,16.4
XGBoost,4063,2006-10-30 04:00:00,16,20.82
XGBoost,4063,2006-10-30 04:15:00,20,23.32
XGBoost,4063,2006-10-30 04:30:00,30,25.98
XGBoost,4063,2006-10-30 04:45:00,36,31.91
XGBoost,4063,2006-10-30 05:00:00,43,46.05
XGBoost,4063,2006-10-30 05:15:00,56,53.76
XGBoost,4063,2006-10-30 05:30:00,55,65.52
XGBoost,4063,2006-10-30 05:45:00,69,74.87
XGBoost,4063,2006-10-30 06:00:00,98,87.55
XGBoost,4063,2006-10-30 06:15:00,147,132.37
XGBoost,4063,2006-10-30 06:30:00,246,190.87
XGBoost,4063,2006-10-30 06:45:00,301,326.39
XGBoost,4063,2006-10-30 07:00:00,413,383.79
XGBoost,4063,2006-10-30 07:15:00,479,503.01
XGBoost,4063,2006-10-30 07:30:00,578,593.85
XGBoost,4063,2006-10-30 07:45:00,584,676.69
XGBoost,4063,2006-10-30 08:00:00,652,610.15
XGBoost,4063,2006-10-30 08:15:00,670,650.46
XGBoost,4063,2006-10-30 08:30:00,696,634.64
XGBoost,4063,2006-10-30 08:45:00,618,660.69
XGBoost,4063,2006-10-30 09:00:00,553,547.81
XGBoost,4063,2006-10-30 09:15:00,513,490.8
XGBoost,4063,2006-10-30 09:30:00,483,461.05
XGBoost,4063,2006-10-30 09:45:00,497,455.08
XGBoost,4063,2006-10-30 10:00:00,477,468.48
XGBoost,4063,2006-10-30 10:15:00,531,461.18
XGBoost,4063,2006-10-30 10:30:00,508,482.97
XGBoost,4063,2006-10-30 10:45:00,500,477.77
XGBoost,4063,2006-10-30 11:00:00,536,487.38
XGBoost,4063,2006-10-30 11:15:00,453,508.73
XGBoost,4063,2006-10-30 11:30:00,499,482.71
XGBoost,4063,2006-10-30 11:45:00,540,496.4
XGBoost,4063,2006-10-30 12:00:00,492,511.69
XGBoost,4063,2006-10-30 12:15:00,518,500.12
XGBoost,4063,2006-10-30 12:30:00,514,502.79
XGBoost,4063,2006-10-30 12:45:00,515,524.47
XGBoost,4063,2006-10-30 13:00:00,522,519.81
XGBoost,4063,2006-10-30 13:15:00,500,514.94
XGBoost,4063,2006-10-30 13:30:00,508,508.63
XGBoost,4063,2006-10-30 13:45:00,550,497.25
XGBoost,4063,2006-10-30 14:00:00,497,555.61
XGBoost,4063,2006-10-30 14:15:00,541,533.51
XGBoost,4063,2006-10-30 14:30:00,504,532.48
XGBoost,4063,2006-10-30 14:45:00,550,531.81
XGBoost,4063,2006-10-30 15:00:00,571,552.56
XGBoost,4063,2006-10-30 15:15:00,577,598.12
XGBoost,4063,2006-10-30 15:30:00,530,600.78
XGBoost,4063,2006-10-30 15:45:00,547,580.93
XGBoost,4063,2006-10-30 16:00:00,548,573.7
XGBoost,4063,2006-10-30 16:15:00,587,586.16
XGBoost,4063,2006-10-30 16:30:00,554,599.51
XGBoost,4063,2006-10-30 16:45:00,618,585.46
XGBoost,4063,2006-10-30 17:00:00,592,624.53
XGBoost,4063,2006-10-30 17:15:00,640,638.75
XGBoost,4063,2006-10-30 17:30:00,642,640.3
XGBoost,4063,2006-10-30 17:45:00,629,652.5
XGBoost,4063,2006-10-30 18:00:00,628,583.6
XGBoost,4063,2006-10-30 18:15:00,582,578.18
XGBoost,4063,2006-10-30 18:30:00,512,541.87
XGBoost,4063,2006-10-30 18:45:00,466,495.26
XGBoost,4063,2006-10-30 19:00:00,451,413.39
XGBoost,4063,2006-10-30 19:15:00,445,398.73
XGBoost,4063,2006-10-30 19:30:00,331,392.94
XGBoost,4063,2006-10-30 19:45:00,331,317.66
XGBoost,4063,2006-10-30 20:00:00,288,297.3
XGBoost,4063,2006-10-30 20:15:00,259,286.75
XGBoost,4063,2006-10-30 20:30:00,240,279.67
XGBoost,4063,2006-10-30 20:45:00,310,251.64
XGBoost,4063,2006-10-30 21:00:00,259,273.79
XGBoost,4063,2006-10-30 21:15:00,192,259.34
XGBoost,4063,2006-10-30 21:30:00,203,207.75
XGBoost,4063,2006-10-30 21:45:00,222,196.25
XGBoost,4063,2006-10-30 22:00:00,197,190.59
XGBoost,4063,2006-10-30 22:15:00,199,182.28
XGBoost,4063,2006-10-30 22:30:00,161,172.77
XGBoost,4063,2006-10-30 22:45:00,127,149.72
XGBoost,4063,2006-10-30 23:00:00,117,114.52
XGBoost,4063,2006-10-30 23:15:00,99,97.05
XGBoost,4063,2006-10-30 23:30:00,72,84.89
XGBoost,4063,2006-10-30 23:45:00,78,64.69
XGBoost,4063,2006-10-31 00:00:00,64,58.2
XGBoost,4063,2006-10-31 00:15:00,54,51.9
XGBoost,4063,2006-10-31 00:30:00,36,45.58
XGBoost,4063,2006-10-31 00:45:00,42,33.33
XGBoost,4063,2006-10-31 01:00:00,28,32.94
XGBoost,4063,2006-10-31 01:15:00,27,25.94
XGBoost,4063,2006-10-31 01:30:00,20,23.57
XGBoost,4063,2006-10-31 01:45:00,28,20.48
XGBoost,4063,2006-10-31 02:00:00,17,22.35
XGBoost,4063,2006-10-31 02:15:00,17,20.11
XGBoost,4063,2006-10-31 02:30:00,15,16.12
XGBoost,4063,2006-10-31 02:45:00,18,14.9
XGBoost,4063,2006-10-31 03:00:00,15,15.55
XGBoost,4063,2006-10-31 03:15:00,11,13.73
XGBoost,4063,2006-10-31 03:30:00,18,13.77
XGBoost,4063,2006-10-31 03:45:00,21,14.69
XGBoost,4063,2006-10-31 04:00:00,18,20.19
XGBoost,4063,2006-10-31 04:15:00,19,21.2
XGBoost,4063,2006-10-31 04:30:00,27,25.08
XGBoost,4063,2006-10-31 04:45:00,44,30.19
XGBoost,4063,2006-10-31 05:00:00,43,51.9
XGBoost,4063,2006-10-31 05:15:00,50,61.69
XGBoost,4063,2006-10-31 05:30:00,51,66.28
XGBoost,4063,2006-10-31 05:45:00,92,72.64
XGBoost,4063,2006-10-31 06:00:00,98,124.23
XGBoost,4063,2006-10-31 06:15:00,154,157.07
XGBoost,4063,2006-10-31 06:30:00,260,217.8
XGBoost,4063,2006-10-31 06:45:00,318,336.51
XGBoost,4063,2006-10-31 07:00:00,426,393.48
XGBoost,4063,2006-10-31 07:15:00,516,508.88
XGBoost,4063,2006-10-31 07:30:00,598,618.48
XGBoost,4063,2006-10-31 07:45:00,625,639.77
XGBoost,4063,2006-10-31 08:00:00,658,655.05
XGBoost,4063,2006-10-31 08:15:00,626,665.57
XGBoost,4063,2006-10-31 08:30:00,583,657.93
XGBoost,4063,2006-10-31 08:45:00,605,605.07
XGBoost,4063,2006-10-31 09:00:00,546,545.62
XGBoost,4063,2006-10-31 09:15:00,541,515.59
XGBoost,4063,2006-10-31 09:30:00,491,496.5
XGBoost,4063,2006-10-31 09:45:00,512,485.98
XGBoost,4063,2006-10-31 10:00:00,479,498.08
XGBoost,4063,2006-10-31 10:15:00,454,503.46
XGBoost,4063,2006-10-31 10:30:00,498,486.11
XGBoost,4063,2006-10-31 10:45:00,478,483.61
XGBoost,4063,2006-10-31 11:00:00,495,503.23
XGBoost,4063,2006-10-31 11:15:00,487,483.76
XGBoost,4063,2006-10-31 11:30:00,494,491.12
XGBoost,4063,2006-10-31 11:45:00,479,509.03
XGBoost,4063,2006-10-31 12:00:00,495,483.18
XGBoost,4063,2006-10-31 12:15:00,521,497.26
XGBoost,4063,2006-10-31 12:30:00,462,508.32
XGBoost,4063,2006-10-31 12:45:00,508,497.94
XGBoost,4063,2006-10-31 13:00:00,509,505.69
XGBoost,4063,2006-10-31 13:15:00,457,505.65
XGBoost,4063,2006-10-31 13:30:00,499,493.56
XGBoost,4063,2006-10-31 13:45:00,508,510.36
XGBoost,4063,2006-10-31 14:00:00,526,515.78
XGBoost,4063,2006-10-31 14:15:00,516,536.86
XGBoost,4063,2006-10-31 14:30:00,517,525.92
XGBoost,4063,2006-10-31 14:45:00,513,544.63
XGBoost,4063,2006-10-31 15:00:00,599,558.02
XGBoost,4063,2006-10-31 15:15:00,582,589.01
XGBoost,4063,2006-10-31 15:30:00,510,593.6
XGBoost,4063,2006-10-31 15:45:00,546,576.79
XGBoost,4063,2006-10-31 16:00:00,608,560.55
XGBoost,4063,2006-10-31 16:15:00,585,606.88
XGBoost,4063,2006-10-31 16:30:00,603,601.33
XGBoost,4063,2006-10-31 16:45:00,576,623.24
XGBoost,4063,2006-10-31 17:00:00,630,616.44
XGBoost,4063,2006-10-31 17:15:00,655,636.28
XGBoost,4063,2006-10-31 17:30:00,723,657.04
XGBoost,4063,2006-10-31 17:45:00,645,680.05
XGBoost,4063,2006-10-31 18:00:00,661,637.31
XGBoost,4063,2006-10-31 18:15:00,620,610.07
XGBoost,4063,2006-10-31 18:30:00,612,564.52
XGBoost,4063,2006-10-31 18:45:00,549,543.56
XGBoost,4063,2006-10-31 19:00:00,493,489.61
XGBoost,4063,2006-10-31 19:15:00,494,456.55
XGBoost,4063,2006-10-31 19:30:00,402,422.62
XGBoost,4063,2006-10-31 19:45:00,367,369.06
XGBoost,4063,2006-10-31 20:00:00,366,346.54
XGBoost,4063,2006-10-31 20:15:00,320,331.69
XGBoost,4063,2006-10-31 20:30:00,338,304.28
XGBoost,4063,2006-10-31 20:45:00,351,312.92
XGBoost,4063,2006-10-31 21:00:00,310,320.64
XGBoost,4063,2006-10-31 21:15:00,290,294.85
XGBoost,4063,2006-10-31 21:30:00,274,267.18
XGBoost,4063,2006-10-31 21:45:00,282,260.87
XGBoost,4063,2006-10-31 22:00:00,239,248.88
XGBoost,4063,2006-10-31 22:15:00,222,223.58
XGBoost,4063,2006-10-31 22:30:00,178,196.2
XGBoost,4063,2006-10-31 22:45:00,165,164.14
XGBoost,4063,2006-10-31 23:00:00,122,137.09
XGBoost,4063,2006-10-31 23:15:00,114,107.59
XGBoost,4063,2006-10-31 23:30:00,74,93.15
XGBoost,4063,2006-10-31 23:45:00,67,69.16
XGBoost,4262,2006-10-29 00:00:00,141,34.01
XGBoost,4262,2006-10-29 00:15:00,124,106.26
XGBoost,4262,2006-10-29 00:30:00,115,111.95
XGBoost,4262,2006-10-29 00:45:00,127,107.53
XGBoost,4262,2006-10-29 01:00:00,82,144.75
XGBoost,4262,2006-10-29 01:15:00,116,89.16
XGBoost,4262,2006-10-29 01:30:00,94,120.48
XGBoost,4262,2006-10-29 01:45:00,79,115.52
XGBoost,4262,2006-10-29 02:00:00,75,73.94
XGBoost,4262,2006-10-29 02:15:00,73,67.82
XGBoost,4262,2006-10-29 02:30:00,69,62.49
XGBoost,4262,2006-10-29 02:45:00,92,59.52
XGBoost,4262,2006-10-29 03:00:00,77,79.2
XGBoost,4262,2006-10-29 03:15:00,67,71.35
XGBoost,4262,2006-10-29 03:30:00,87,60.93
XGBoost,4262,2006-10-29 03:45:00,63,77.99
XGBoost,4262,2006-10-29 04:00:00,64,70.08
XGBoost,4262,2006-10-29 04:15:00,60,55.9
XGBoost,4262,2006-10-29 04:30:00,45,53.16
XGBoost,4262,2006-10-29 04:45:00,64,44.94
XGBoost,4262,2006-10-29 05:00:00,39,60.4
XGBoost,4262,2006-10-29 05:15:00,46,47.58
XGBoost,4262,2006-10-29 05:30:00,46,48.64
XGBoost,4262,2006-10-29 05:45:00,41,49.61
XGBoost,4262,2006-10-29 06:00:00,32,43.64
XGBoost,4262,2006-10-29 06:15:00,40,46.04
XGBoost,4262,2006-10-29 06:30:00,35,48.47
XGBoost,4262,2006-10-29 06:45:00,37,48.61
XGBoost,4262,2006-10-29 07:00:00,38,43.07
XGBoost,4262,2006-10-29 07:15:00,32,47.98
XGBoost,4262,2006-10-29 07:30:00,39,43.85
XGBoost,4262,2006-10-29 07:45:00,41,48.78
XGBoost,4262,2006-10-29 08:00:00,36,52.53
XGBoost,4262,2006-10-29 08:15:00,46,49.38
XGBoost,4262,2006-10-29 08:30:00,46,56.88
XGBoost,4262,2006-10-29 08:45:00,60,57.68
XGBoost,4262,2006-10-29 09:00:00,49,65.88
XGBoost,4262,2006-10-29 09:15:00,64,58.87
XGBoost,4262,2006-10-29 09:30:00,67,70.72
XGBoost,4262,2006-10-29 09:45:00,92,76.17
XGBoost,4262,2006-10-29 10:00:00,105,93.15
XGBoost,4262,2006-10-29 10:15:00,104,109.32
XGBoost,4262,2006-10-29 10:30:00,101,110.93
XGBoost,4262,2006-10-29 10:45:00,126,112.35
XGBoost,4262,2006-10-29 11:00:00,82,136.09
XGBoost,4262,2006-10-29 11:15:00,106,94.55
XGBoost,4262,2006-10-29 11:30:00,151,111.25
XGBoost,4262,2006-10-29 11:45:00,157,149.41
XGBoost,4262,2006-10-29 12:00:00,164,167.92
XGBoost,4262,2006-10-29 12:15:00,168,172.3
XGBoost,4262,2006-10-29 12:30:00,185,168.62
XGBoost,4262,2006-10-29 12:45:00,186,177.41
XGBoost,4262,2006-10-29 13:00:00,206,184.5
XGBoost,4262,2006-10-29 13:15:00,159,189.23
XGBoost,4262,2006-10-29 13:30:00,181,162.15
XGBoost,4262,2006-10-29 13:45:00,139,167.4
XGBoost,4262,2006-10-29 14:00:00,169,150.56
XGBoost,4262,2006-10-29 14:15:00,180,158.41
XGBoost,4262,2006-10-29 14:30:00,159,166.24
XGBoost,4262,2006-10-29 14:45:00,181,166.17
XGBoost,4262,2006-10-29 15:00:00,204,175.25
XGBoost,4262,2006-10-29 15:15:00,174,195.97
XGBoost,4262,2006-10-29 15:30:00,201,191.14
XGBoost,4262,2006-10-29 15:45:00,200,196.8
XGBoost,4262,2006-10-29 16:00:00,212,208.96
XGBoost,4262,2006-10-29 16:15:00,217,207.95
XGBoost,4262,2006-10-29 16:30:00,198,217.81
XGBoost,4262,2006-10-29 16:45:00,208,211.92
XGBoost,4262,2006-10-29 17:00:00,241,215.01
XGBoost,4262,2006-10-29 17:15:00,227,245.4
XGBoost,4262,2006-10-29 17:30:00,191,238.07
XGBoost,4262,2006-10-29 17:45:00,196,217.71
XGBoost,4262,2006-10-29 18:00:00,201,203.82
XGBoost,4262,2006-10-29 18:15:00,175,199.32
XGBoost,4262,2006-10-29 18:30:00,180,178.12
XGBoost,4262,2006-10-29 18:45:00,160,174.92
XGBoost,4262,2006-10-29 19:00:00,151,152.09
XGBoost,4262,2006-10-29 19:15:00,96,139.08
XGBoost,4262,2006-10-29 19:30:00,133,104.02
XGBoost,4262,2006-10-29 19:45:00,114,113.31
XGBoost,4262,2006-10-29 20:00:00,110,115.37
XGBoost,4262,2006-10-29 20:15:00,100,108.02
XGBoost,4262,2006-10-29 20:30:00,95,98.96
XGBoost,4262,2006-10-29 20:45:00,105,93.96
XGBoost,4262,2006-10-29 21:00:00,89,98.83
XGBoost,4262,2006-10-29 21:15:00,102,90.24
XGBoost,4262,2006-10-29 21:30:00,61,95.98
XGBoost,4262,2006-10-29 21:45:00,100,72.12
XGBoost,4262,2006-10-29 22:00:00,77,81.38
XGBoost,4262,2006-10-29 22:15:00,75,73.93
XGBoost,4262,2006-10-29 22:30:00,88,66.63
XGBoost,4262,2006-10-29 22:45:00,79,72.72
XGBoost,4262,2006-10-29 23:00:00,74,71.35
XGBoost,4262,2006-10-29 23:15:00,69,60.86
XGBoost,4262,2006-10-29 23:30:00,62,53.83
XGBoost,4262,2006-10-29 23:45:00,43,50.15
XGBoost,4262,2006-10-30 00:00:00,54,39.23
XGBoost,4262,2006-10-30 00:15:00,36,42.86
XGBoost,4262,2006-10-30 00:30:00,40,34.25
XGBoost,4262,2006-10-30 00:45:00,28,33.46
XGBoost,4262,2006-10-30 01:00:00,37,27.43
XGBoost,4262,2006-10-30 01:15:00,24,28.91
XGBoost,4262,2006-10-30 01:30:00,22,23.94
XGBoost,4262,2006-10-30 01:45:00,24,19.28
XGBoost,4262,2006-10-30 02:00:00,17,23.03
XGBoost,4262,2006-10-30 02:15:00,8,18.97
XGBoost,4262,2006-10-30 02:30:00,16,15.85
XGBoost,4262,2006-10-30 02:45:00,10,14.77
XGBoost,4262,2006-10-30 03:00:00,13,14.69
XGBoost,4262,2006-10-30 03:15:00,9,13.1
XGBoost,4262,2006-10-30 03:30:00,9,14.21
XGBoost,4262,2006-10-30 03:45:00,12,12.71
XGBoost,4262,2006-10-30 04:00:00,10,22.33
XGBoost,4262,2006-10-30 04:15:00,10,21.68
XGBoost,4262,2006-10-30 04:30:00,19,19.76
XGBoost,4262,2006-10-30 04:45:00,15,24.6
XGBoost,4262,2006-10-30 05:00:00,10,27.3
XGBoost,4262,2006-10-30 05:15:00,8,27.07
XGBoost,4262,2006-10-30 05:30:00,17,27.7
XGBoost,4262,2006-10-30 05:45:00,25,28.4
XGBoost,4262,2006-10-30 06:00:00,41,34.12
XGBoost,4262,2006-10-30 06:15:00,35,48.71
XGBoost,4262,2006-10-30 06:30:00,64,50.38
XGBoost,4262,2006-10-30 06:45:00,77,71.58
XGBoost,4262,2006-10-30 07:00:00,87,90.08
XGBoost,4262,2006-10-30 07:15:00,112,110.79
XGBoost,4262,2006-10-30 07:30:00,130,155.87
XGBoost,4262,2006-10-30 07:45:00,166,168.81
XGBoost,4262,2006-10-30 08:00:00,182,195.74
XGBoost,4262,2006-10-30 08:15:00,188,210.28
XGBoost,4262,2006-10-30 08:30:00,167,190.87
XGBoost,4262,2006-10-30 08:45:00,150,177.68
XGBoost,4262,2006-10-30 09:00:00,144,154.59
XGBoost,4262,2006-10-30 09:15:00,143,128.1
XGBoost,4262,2006-10-30 09:30:00,139,124.22
XGBoost,4262,2006-10-30 09:45:00,125,121.47
XGBoost,4262,2006-10-30 10:00:00,141,119.11
XGBoost,4262,2006-10-30 10:15:00,149,124.6
XGBoost,4262,2006-10-30 10:30:00,144,128.24
XGBoost,4262,2006-10-30 10:45:00,137,134.59
XGBoost,4262,2006-10-30 11:00:00,136,125.82
XGBoost,4262,2006-10-30 11:15:00,150,127.41
XGBoost,4262,2006-10-30 11:30:00,138,149.76
XGBoost,4262,2006-10-30 11:45:00,166,153.78
XGBoost,4262,2006-10-30 12:00:00,137,159.28
XGBoost,4262,2006-10-30 12:15:00,149,150.54
XGBoost,4262,2006-10-30 12:30:00,172,154.42
XGBoost,4262,2006-10-30 12:45:00,169,172.53
XGBoost,4262,2006-10-30 13:00:00,180,177.47
XGBoost,4262,2006-10-30 13:15:00,179,167.85
XGBoost,4262,2006-10-30 13:30:00,167,181.44
XGBoost,4262,2006-10-30 13:45:00,169,151.74
XGBoost,4262,2006-10-30 14:00:00,177,173.57
XGBoost,4262,2006-10-30 14:15:00,182,182.57
XGBoost,4262,2006-10-30 14:30:00,198,175.52
XGBoost,4262,2006-10-30 14:45:00,205,197.97
XGBoost,4262,2006-10-30 15:00:00,219,228.98
XGBoost,4262,2006-10-30 15:15:00,224,219.24
XGBoost,4262,2006-10-30 15:30:00,228,240.67
XGBoost,4262,2006-10-30 15:45:00,220,244.51
XGBoost,4262,2006-10-30 16:00:00,249,236.75
XGBoost,4262,2006-10-30 16:15:00,230,254.64
XGBoost,4262,2006-10-30 16:30:00,278,240.68
XGBoost,4262,2006-10-30 16:45:00,270,278.62
XGBoost,4262,2006-10-30 17:00:00,344,285.25
XGBoost,4262,2006-10-30 17:15:00,337,327.75
XGBoost,4262,2006-10-30 17:30:00,358,334.55
XGBoost,4262,2006-10-30 17:45:00,371,348.86
XGBoost,4262,2006-10-30 18:00:00,360,327.04
XGBoost,4262,2006-10-30 18:15:00,340,322.49
XGBoost,4262,2006-10-30 18:30:00,301,303.04
XGBoost,4262,2006-10-30 18:45:00,235,280.0
XGBoost,4262,2006-10-30 19:00:00,217,216.04
XGBoost,4262,2006-10-30 19:15:00,174,188.54
XGBoost,4262,2006-10-30 19:30:00,170,160.04
XGBoost,4262,2006-10-30 19:45:00,152,149.7
XGBoost,4262,2006-10-30 20:00:00,151,139.0
XGBoost,4262,2006-10-30 20:15:00,155,134.37
XGBoost,4262,2006-10-30 20:30:00,116,134.67
XGBoost,4262,2006-10-30 20:45:00,114,118.13
XGBoost,4262,2006-10-30 21:00:00,130,108.94
XGBoost,4262,2006-10-30 21:15:00,108,116.45
XGBoost,4262,2006-10-30 21:30:00,103,101.95
XGBoost,4262,2006-10-30 21:45:00,97,101.68
XGBoost,4262,2006-10-30 22:00:00,94,82.32
XGBoost,4262,2006-10-30 22:15:00,100,78.5
XGBoost,4262,2006-10-30 22:30:00,92,83.82
XGBoost,4262,2006-10-30 22:45:00,76,77.3
XGBoost,4262,2006-10-30 23:00:00,73,63.37
XGBoost,4262,2006-10-30 23:15:00,51,58.48
XGBoost,4262,2006-10-30 23:30:00,70,48.51
XGBoost,4262,2006-10-30 23:45:00,63,52.25
XGBoost,4262,2006-10-31 00:00:00,29,50.2
XGBoost,4262,2006-10-31 00:15:00,28,32.99
XGBoost,4262,2006-10-31 00:30:00,37,27.08
XGBoost,4262,2006-10-31 00:45:00,22,27.53
XGBoost,4262,2006-10-31 01:00:00,15,22.89
XGBoost,4262,2006-10-31 01:15:00,17,17.04
XGBoost,4262,2006-10-31 01:30:00,18,16.15
XGBoost,4262,2006-10-31 01:45:00,15,16.8
XGBoost,4262,2006-10-31 02:00:00,16,13.28
XGBoost,4262,2006-10-31 02:15:00,10,12.27
XGBoost,4262,2006-10-31 02:30:00,6,12.75
XGBoost,4262,2006-10-31 02:45:00,12,10.32
XGBoost,4262,2006-10-31 03:00:00,14,11.97
XGBoost,4262,2006-10-31 03:15:00,12,10.58
XGBoost,4262,2006-10-31 03:30:00,6,11.11
XGBoost,4262,2006-10-31 03:45:00,8,11.81
XGBoost,4262,2006-10-31 04:00:00,8,14.34
XGBoost,4262,2006-10-31 04:15:00,23,13.47
XGBoost,4262,2006-10-31 04:30:00,10,20.72
XGBoost,4262,2006-10-31 04:45:00,10,16.95
XGBoost,4262,2006-10-31 05:00:00,13,21.33
XGBoost,4262,2006-10-31 05:15:00,15,22.12
XGBoost,4262,2006-10-31 05:30:00,21,22.81
XGBoost,4262,2006-10-31 05:45:00,29,28.27
XGBoost,4262,2006-10-31 06:00:00,25,40.29
XGBoost,4262,2006-10-31 06:15:00,43,37.91
XGBoost,4262,2006-10-31 06:30:00,61,57.91
XGBoost,4262,2006-10-31 06:45:00,82,85.86
XGBoost,4262,2006-10-31 07:00:00,100,103.22
XGBoost,4262,2006-10-31 07:15:00,109,133.28
XGBoost,4262,2006-10-31 07:30:00,141,145.37
XGBoost,4262,2006-10-31 07:45:00,173,185.38
XGBoost,4262,2006-10-31 08:00:00,198,205.35
XGBoost,4262,2006-10-31 08:15:00,197,231.72
XGBoost,4262,2006-10-31 08:30:00,188,211.1
XGBoost,4262,2006-10-31 08:45:00,174,186.15
XGBoost,4262,2006-10-31 09:00:00,152,174.38
XGBoost,4262,2006-10-31 09:15:00,128,152.39
XGBoost,4262,2006-10-31 09:30:00,145,133.44
XGBoost,4262,2006-10-31 09:45:00,151,129.16
XGBoost,4262,2006-10-31 10:00:00,142,142.65
XGBoost,4262,2006-10-31 10:15:00,135,145.71
XGBoost,4262,2006-10-31 10:30:00,158,140.21
XGBoost,4262,2006-10-31 10:45:00,127,143.38
XGBoost,4262,2006-10-31 11:00:00,128,137.03
XGBoost,4262,2006-10-31 11:15:00,149,135.39
XGBoost,4262,2006-10-31 11:30:00,156,141.38
XGBoost,4262,2006-10-31 11:45:00,178,159.27
XGBoost,4262,2006-10-31 12:00:00,181,156.86
XGBoost,4262,2006-10-31 12:15:00,174,173.15
XGBoost,4262,2006-10-31 12:30:00,158,180.45
XGBoost,4262,2006-10-31 12:45:00,165,169.19
XGBoost,4262,2006-10-31 13:00:00,186,175.15
XGBoost,4262,2006-10-31 13:15:00,175,181.84
XGBoost,4262,2006-10-31 13:30:00,161,176.24
XGBoost,4262,2006-10-31 13:45:00,165,167.25
XGBoost,4262,2006-10-31 14:00:00,160,175.26
XGBoost,4262,2006-10-31 14:15:00,182,174.02
XGBoost,4262,2006-10-31 14:30:00,199,185.65
XGBoost,4262,2006-10-31 14:45:00,196,204.46
XGBoost,4262,2006-10-31 15:00:00,213,217.98
XGBoost,4262,2006-10-31 15:15:00,232,225.01
XGBoost,4262,2006-10-31 15:30:00,240,236.22
XGBoost,4262,2006-10-31 15:45:00,223,246.86
XGBoost,4262,2006-10-31 16:00:00,216,241.53
XGBoost,4262,2006-10-31 16:15:00,244,227.37
XGBoost,4262,2006-10-31 16:30:00,272,259.48
XGBoost,4262,2006-10-31 16:45:00,260,280.87
XGBoost,4262,2006-10-31 17:00:00,289,314.99
XGBoost,4262,2006-10-31 17:15:00,378,319.99
XGBoost,4262,2006-10-31 17:30:00,321,373.74
XGBoost,4262,2006-10-31 17:45:00,395,360.3
XGBoost,4262,2006-10-31 18:00:00,379,349.97
XGBoost,4262,2006-10-31 18:15:00,313,356.79
XGBoost,4262,2006-10-31 18:30:00,289,308.25
XGBoost,4262,2006-10-31 18:45:00,290,262.53
XGBoost,4262,2006-10-31 19:00:00,206,250.25
XGBoost,4262,2006-10-31 19:15:00,193,205.01
XGBoost,4262,2006-10-31 19:30:00,203,179.47
XGBoost,4262,2006-10-31 19:45:00,142,179.38
XGBoost,4262,2006-10-31 20:00:00,188,149.95
XGBoost,4262,2006-10-31 20:15:00,164,163.6
XGBoost,4262,2006-10-31 20:30:00,134,150.88
XGBoost,4262,2006-10-31 20:45:00,147,131.5
XGBoost,4262,2006-10-31 21:00:00,131,141.96
XGBoost,4262,2006-10-31 21:15:00,136,131.32
XGBoost,4262,2006-10-31 21:30:00,129,126.34
XGBoost,4262,2006-10-31 21:45:00,135,120.66
XGBoost,4262,2006-10-31 22:00:00,129,118.72
XGBoost,4262,2006-10-31 22:15:00,138,112.72
XGBoost,4262,2006-10-31 22:30:00,110,119.87
XGBoost,4262,2006-10-31 22:45:00,88,103.04
XGBoost,4262,2006-10-31 23:00:00,79,76.99
XGBoost,4262,2006-10-31 23:15:00,71,67.92
XGBoost,4262,2006-10-31 23:30:00,79,63.54
XGBoost,4262,2006-10-31 23:45:00,44,65.69
XGBoost,4263,2006-10-29 00:00:00,309,74.45
XGBoost,4263,2006-10-29 00:15:00,304,186.55
XGBoost,4263,2006-10-29 00:30:00,247,259.89
XGBoost,4263,2006-10-29 00:45:00,232,222.93
XGBoost,4263,2006-10-29 01:00:00,211,194.45
XGBoost,4263,2006-10-29 01:15:00,199,189.8
XGBoost,4263,2006-10-29 01:30:00,185,180.41
XGBoost,4263,2006-10-29 01:45:00,95,175.18
XGBoost,4263,2006-10-29 02:00:00,103,104.98
XGBoost,4263,2006-10-29 02:15:00,95,91.05
XGBoost,4263,2006-10-29 02:30:00,88,88.26
XGBoost,4263,2006-10-29 02:45:00,165,79.69
XGBoost,4263,2006-10-29 03:00:00,160,127.33
XGBoost,4263,2006-10-29 03:15:00,130,140.19
XGBoost,4263,2006-10-29 03:30:00,153,116.79
XGBoost,4263,2006-10-29 03:45:00,115,141.99
XGBoost,4263,2006-10-29 04:00:00,138,111.78
XGBoost,4263,2006-10-29 04:15:00,115,125.84
XGBoost,4263,2006-10-29 04:30:00,93,125.36
XGBoost,4263,2006-10-29 04:45:00,100,88.43
XGBoost,4263,2006-10-29 05:00:00,86,89.12
XGBoost,4263,2006-10-29 05:15:00,66,89.14
XGBoost,4263,2006-10-29 05:30:00,93,78.46
XGBoost,4263,2006-10-29 05:45:00,89,94.87
XGBoost,4263,2006-10-29 06:00:00,87,93.2
XGBoost,4263,2006-10-29 06:15:00,83,99.67
XGBoost,4263,2006-10-29 06:30:00,149,123.96
XGBoost,4263,2006-10-29 06:45:00,134,170.51
XGBoost,4263,2006-10-29 07:00:00,120,172.89
XGBoost,4263,2006-10-29 07:15:00,151,164.88
XGBoost,4263,2006-10-29 07:30:00,167,186.22
XGBoost,4263,2006-10-29 07:45:00,147,199.48
XGBoost,4263,2006-10-29 08:00:00,172,190.19
XGBoost,4263,2006-10-29 08:15:00,211,208.03
XGBoost,4263,2006-10-29 08:30:00,207,245.95
XGBoost,4263,2006-10-29 08:45:00,287,264.16
XGBoost,4263,2006-10-29 09:00:00,339,315.34
XGBoost,4263,2006-10-29 09:15:00,327,379.58
XGBoost,4263,2006-10-29 09:30:00,362,385.27
XGBoost,4263,2006-10-29 09:45:00,413,400.9
XGBoost,4263,2006-10-29 10:00:00,398,443.59
XGBoost,4263,2006-10-29 10:15:00,454,430.0
XGBoost,4263,2006-10-29 10:30:00,523,469.93
XGBoost,4263,2006-10-29 10:45:00,499,522.56
XGBoost,4263,2006-10-29 11:00:00,491,514.39
XGBoost,4263,2006-10-29 11:15:00,494,509.29
XGBoost,4263,2006-10-29 11:30:00,530,509.67
XGBoost,4263,2006-10-29 11:45:00,575,531.44
XGBoost,4263,2006-10-29 12:00:00,623,565.33
XGBoost,4263,2006-10-29 12:15:00,645,589.14
XGBoost,4263,2006-10-29 12:30:00,618,629.25
XGBoost,4263,2006-10-29 12:45:00,678,626.14
XGBoost,4263,2006-10-29 13:00:00,670,631.62
XGBoost,4263,2006-10-29 13:15:00,625,653.61
XGBoost,4263,2006-10-29 13:30:00,630,632.26
XGBoost,4263,2006-10-29 13:45:00,612,628.89
XGBoost,4263,2006-10-29 14:00:00,630,611.4
XGBoost,4263,2006-10-29 14:15:00,579,614.49
XGBoost,4263,2006-10-29 14:30:00,639,598.65
XGBoost,4263,2006-10-29 14:45:00,585,603.61
XGBoost,4263,2006-10-29 15:00:00,668,616.39
XGBoost,4263,2006-10-29 15:15:00,627,642.11
XGBoost,4263,2006-10-29 15:30:00,638,635.46
XGBoost,4263,2006-10-29 15:45:00,563,633.91
XGBoost,4263,2006-10-29 16:00:00,636,613.24
XGBoost,4263,2006-10-29 16:15:00,635,620.88
XGBoost,4263,2006-10-29 16:30:00,677,630.83
XGBoost,4263,2006-10-29 16:45:00,583,649.22
XGBoost,4263,2006-10-29 17:00:00,650,620.59
XGBoost,4263,2006-10-29 17:15:00,673,638.15
XGBoost,4263,2006-10-29 17:30:00,588,663.3
XGBoost,4263,2006-10-29 17:45:00,621,618.88
XGBoost,4263,2006-10-29 18:00:00,629,584.03
XGBoost,4263,2006-10-29 18:15:00,592,593.15
XGBoost,4263,2006-10-29 18:30:00,521,564.13
XGBoost,4263,2006-10-29 18:45:00,530,525.32
XGBoost,4263,2006-10-29 19:00:00,482,473.65
XGBoost,4263,2006-10-29 19:15:00,397,433.39
XGBoost,4263,2006-10-29 19:30:00,351,369.15
XGBoost,4263,2006-10-29 19:45:00,366,321.44
XGBoost,4263,2006-10-29 20:00:00,318,345.01
XGBoost,4263,2006-10-29 20:15:00,339,320.62
XGBoost,4263,2006-10-29 20:30:00,333,313.84
XGBoost,4263,2006-10-29 20:45:00,337,315.0
XGBoost,4263,2006-10-29 21:00:00,297,314.86
XGBoost,4263,2006-10-29 21:15:00,312,295.64
XGBoost,4263,2006-10-29 21:30:00,251,279.94
XGBoost,4263,2006-10-29 21:45:00,271,242.5
XGBoost,4263,2006-10-29 22:00:00,256,242.21
XGBoost,4263,2006-10-29 22:15:00,224,224.73
XGBoost,4263,2006-10-29 22:30:00,234,198.45
XGBoost,4263,2006-10-29 22:45:00,244,192.75
XGBoost,4263,2006-10-29 23:00:00,181,195.33
XGBoost,4263,2006-10-29 23:15:00,176,155.8
XGBoost,4263,2006-10-29 23:30:00,159,142.82
XGBoost,4263,2006-10-29 23:45:00,130,129.45
XGBoost,4263,2006-10-30 00:00:00,105,118.54
XGBoost,4263,2006-10-30 00:15:00,99,99.96
XGBoost,4263,2006-10-30 00:30:00,87,88.58
XGBoost,4263,2006-10-30 00:45:00,60,76.37
XGBoost,4263,2006-10-30 01:00:00,58,59.59
XGBoost,4263,2006-10-30 01:15:00,69,48.03
XGBoost,4263,2006-10-30 01:30:00,37,51.6
XGBoost,4263,2006-10-30 01:45:00,39,36.49
XGBoost,4263,2006-10-30 02:00:00,32,35.82
XGBoost,4263,2006-10-30 02:15:00,32,32.6
XGBoost,4263,2006-10-30 02:30:00,33,29.91
XGBoost,4263,2006-10-30 02:45:00,24,32.06
XGBoost,4263,2006-10-30 03:00:00,27,27.89
XGBoost,4263,2006-10-30 03:15:00,17,26.69
XGBoost,4263,2006-10-30 03:30:00,27,23.69
XGBoost,4263,2006-10-30 03:45:00,29,25.28
XGBoost,4263,2006-10-30 04:00:00,32,39.47
XGBoost,4263,2006-10-30 04:15:00,33,42.6
XGBoost,4263,2006-10-30 04:30:00,37,41.9
XGBoost,4263,2006-10-30 04:45:00,41,46.15
XGBoost,4263,2006-10-30 05:00:00,46,64.07
XGBoost,4263,2006-10-30 05:15:00,57,64.58
XGBoost,4263,2006-10-30 05:30:00,108,86.63
XGBoost,4263,2006-10-30 05:45:00,145,135.87
XGBoost,4263,2006-10-30 06:00:00,190,187.37
XGBoost,4263,2006-10-30 06:15:00,256,254.14
XGBoost,4263,2006-10-30 06:30:00,443,350.68
XGBoost,4263,2006-10-30 06:45:00,543,542.13
XGBoost,4263,2006-10-30 07:00:00,663,669.43
XGBoost,4263,2006-10-30 07:15:00,776,772.67
XGBoost,4263,2006-10-30 07:30:00,876,853.8
XGBoost,4263,2006-10-30 07:45:00,1028,918.68
XGBoost,4263,2006-10-30 08:00:00,948,964.61
XGBoost,4263,2006-10-30 08:15:00,921,947.2
XGBoost,4263,2006-10-30 08:30:00,1021,898.9
XGBoost,4263,2006-10-30 08:45:00,819,940.52
XGBoost,4263,2006-10-30 09:00:00,817,738.79
XGBoost,4263,2006-10-30 09:15:00,758,726.82
XGBoost,4263,2006-10-30 09:30:00,686,717.1
XGBoost,4263,2006-10-30 09:45:00,610,648.86
XGBoost,4263,2006-10-30 10:00:00,649,605.97
XGBoost,4263,2006-10-30 10:15:00,632,601.16
XGBoost,4263,2006-10-30 10:30:00,632,600.4
XGBoost,4263,2006-10-30 10:45:00,636,578.83
XGBoost,4263,2006-10-30 11:00:00,640,599.79
XGBoost,4263,2006-10-30 11:15:00,606,597.03
XGBoost,4263,2006-10-30 11:30:00,663,590.34
XGBoost,4263,2006-10-30 11:45:00,584,641.57
XGBoost,4263,2006-10-30 12:00:00,632,611.02
XGBoost,4263,2006-10-30 12:15:00,680,618.73
XGBoost,4263,2006-10-30 12:30:00,633,645.8
XGBoost,4263,2006-10-30 12:45:00,649,650.95
XGBoost,4263,2006-10-30 13:00:00,690,646.17
XGBoost,4263,2006-10-30 13:15:00,692,663.6
XGBoost,4263,2006-10-30 13:30:00,645,664.39
XGBoost,4263,2006-10-30 13:45:00,661,642.16
XGBoost,4263,2006-10-30 14:00:00,636,672.87
XGBoost,4263,2006-10-30 14:15:00,685,654.95
XGBoost,4263,2006-10-30 14:30:00,716,676.85
XGBoost,4263,2006-10-30 14:45:00,706,705.9
XGBoost,4263,2006-10-30 15:00:00,801,734.04
XGBoost,4263,2006-10-30 15:15:00,791,788.01
XGBoost,4263,2006-10-30 15:30:00,771,804.45
XGBoost,4263,2006-10-30 15:45:00,833,788.89
XGBoost,4263,2006-10-30 16:00:00,776,817.26
XGBoost,4263,2006-10-30 16:15:00,794,808.71
XGBoost,4263,2006-10-30 16:30:00,819,801.72
XGBoost,4263,2006-10-30 16:45:00,807,820.7
XGBoost,4263,2006-10-30 17:00:00,846,829.14
XGBoost,4263,2006-10-30 17:15:00,889,841.07
XGBoost,4263,2006-10-30 17:30:00,911,893.19
XGBoost,4263,2006-10-30 17:45:00,860,901.57
XGBoost,4263,2006-10-30 18:00:00,882,810.07
XGBoost,4263,2006-10-30 18:15:00,856,807.01
XGBoost,4263,2006-10-30 18:30:00,776,776.32
XGBoost,4263,2006-10-30 18:45:00,678,744.21
XGBoost,4263,2006-10-30 19:00:00,593,622.97
XGBoost,4263,2006-10-30 19:15:00,548,524.03
XGBoost,4263,2006-10-30 19:30:00,480,486.99
XGBoost,4263,2006-10-30 19:45:00,409,436.81
XGBoost,4263,2006-10-30 20:00:00,373,383.86
XGBoost,4263,2006-10-30 20:15:00,386,361.09
XGBoost,4263,2006-10-30 20:30:00,346,363.3
XGBoost,4263,2006-10-30 20:45:00,310,350.49
XGBoost,4263,2006-10-30 21:00:00,327,322.12
XGBoost,4263,2006-10-30 21:15:00,366,318.26
XGBoost,4263,2006-10-30 21:30:00,307,325.6
XGBoost,4263,2006-10-30 21:45:00,301,304.12
XGBoost,4263,2006-10-30 22:00:00,295,276.71
XGBoost,4263,2006-10-30 22:15:00,237,264.04
XGBoost,4263,2006-10-30 22:30:00,232,232.65
XGBoost,4263,2006-10-30 22:45:00,202,223.01
XGBoost,4263,2006-10-30 23:00:00,172,184.07
XGBoost,4263,2006-10-30 23:15:00,136,164.87
XGBoost,4263,2006-10-30 23:30:00,120,133.05
XGBoost,4263,2006-10-30 23:45:00,116,113.31
XGBoost,4263,2006-10-31 00:00:00,92,102.55
XGBoost,4263,2006-10-31 00:15:00,80,81.18
XGBoost,4263,2006-10-31 00:30:00,79,68.71
XGBoost,4263,2006-10-31 00:45:00,41,63.48
XGBoost,4263,2006-10-31 01:00:00,41,43.45
XGBoost,4263,2006-10-31 01:15:00,42,36.12
XGBoost,4263,2006-10-31 01:30:00,36,34.74
XGBoost,4263,2006-10-31 01:45:00,25,31.97
XGBoost,4263,2006-10-31 02:00:00,31,26.91
XGBoost,4263,2006-10-31 02:15:00,26,27.6
XGBoost,4263,2006-10-31 02:30:00,24,26.28
XGBoost,4263,2006-10-31 02:45:00,22,23.02
XGBoost,4263,2006-10-31 03:00:00,26,22.73
XGBoost,4263,2006-10-31 03:15:00,17,22.89
XGBoost,4263,2006-10-31 03:30:00,18,21.28
XGBoost,4263,2006-10-31 03:45:00,38,20.02
XGBoost,4263,2006-10-31 04:00:00,21,38.46
XGBoost,4263,2006-10-31 04:15:00,38,30.1
XGBoost,4263,2006-10-31 04:30:00,41,41.3
XGBoost,4263,2006-10-31 04:45:00,50,47.11
XGBoost,4263,2006-10-31 05:00:00,44,61.25
XGBoost,4263,2006-10-31 05:15:00,72,66.72
XGBoost,4263,2006-10-31 05:30:00,126,100.7
XGBoost,4263,2006-10-31 05:45:00,156,156.68
XGBoost,4263,2006-10-31 06:00:00,184,210.9
XGBoost,4263,2006-10-31 06:15:00,297,279.17
XGBoost,4263,2006-10-31 06:30:00,430,433.87
XGBoost,4263,2006-10-31 06:45:00,585,565.74
XGBoost,4263,2006-10-31 07:00:00,707,692.72
XGBoost,4263,2006-10-31 07:15:00,814,828.59
XGBoost,4263,2006-10-31 07:30:00,936,920.26
XGBoost,4263,2006-10-31 07:45:00,984,978.7
XGBoost,4263,2006-10-31 08:00:00,993,975.28
XGBoost,4263,2006-10-31 08:15:00,983,955.63
XGBoost,4263,2006-10-31 08:30:00,948,979.93
XGBoost,4263,2006-10-31 08:45:00,949,883.2
XGBoost,4263,2006-10-31 09:00:00,814,854.97
XGBoost,4263,2006-10-31 09:15:00,816,782.0
XGBoost,4263,2006-10-31 09:30:00,727,742.16
XGBoost,4263,2006-10-31 09:45:00,705,680.78
XGBoost,4263,2006-10-31 10:00:00,682,682.19
XGBoost,4263,2006-10-31 10:15:00,639,655.3
XGBoost,4263,2006-10-31 10:30:00,615,642.01
XGBoost,4263,2006-10-31 10:45:00,678,632.25
XGBoost,4263,2006-10-31 11:00:00,622,651.0
XGBoost,4263,2006-10-31 11:15:00,683,626.69
XGBoost,4263,2006-10-31 11:30:00,684,670.53
XGBoost,4263,2006-10-31 11:45:00,615,652.5
XGBoost,4263,2006-10-31 12:00:00,662,639.12
XGBoost,4263,2006-10-31 12:15:00,705,670.31
XGBoost,4263,2006-10-31 12:30:00,686,670.17
XGBoost,4263,2006-10-31 12:45:00,677,679.16
XGBoost,4263,2006-10-31 13:00:00,647,686.95
XGBoost,4263,2006-10-31 13:15:00,666,684.17
XGBoost,4263,2006-10-31 13:30:00,669,662.72
XGBoost,4263,2006-10-31 13:45:00,661,669.7
XGBoost,4263,2006-10-31 14:00:00,650,662.49
XGBoost,4263,2006-10-31 14:15:00,658,690.63
XGBoost,4263,2006-10-31 14:30:00,703,700.04
XGBoost,4263,2006-10-31 14:45:00,717,708.31
XGBoost,4263,2006-10-31 15:00:00,769,773.92
XGBoost,4263,2006-10-31 15:15:00,868,781.38
XGBoost,4263,2006-10-31 15:30:00,813,827.29
XGBoost,4263,2006-10-31 15:45:00,835,843.3
XGBoost,4263,2006-10-31 16:00:00,817,817.92
XGBoost,4263,2006-10-31 16:15:00,782,826.66
XGBoost,4263,2006-10-31 16:30:00,798,830.24
XGBoost,4263,2006-10-31 16:45:00,784,830.79
XGBoost,4263,2006-10-31 17:00:00,817,840.27
XGBoost,4263,2006-10-31 17:15:00,863,864.41
XGBoost,4263,2006-10-31 17:30:00,907,897.76
XGBoost,4263,2006-10-31 17:45:00,862,893.79
XGBoost,4263,2006-10-31 18:00:00,895,873.65
XGBoost,4263,2006-10-31 18:15:00,859,874.83
XGBoost,4263,2006-10-31 18:30:00,829,817.95
XGBoost,4263,2006-10-31 18:45:00,761,762.37
XGBoost,4263,2006-10-31 19:00:00,701,683.26
XGBoost,4263,2006-10-31 19:15:00,617,622.53
XGBoost,4263,2006-10-31 19:30:00,584,544.96
XGBoost,4263,2006-10-31 19:45:00,489,511.5
XGBoost,4263,2006-10-31 20:00:00,511,453.04
XGBoost,4263,2006-10-31 20:15:00,455,442.95
XGBoost,4263,2006-10-31 20:30:00,422,415.61
XGBoost,4263,2006-10-31 20:45:00,401,385.71
XGBoost,4263,2006-10-31 21:00:00,396,397.38
XGBoost,4263,2006-10-31 21:15:00,372,400.81
XGBoost,4263,2006-10-31 21:30:00,355,363.33
XGBoost,4263,2006-10-31 21:45:00,364,346.18
XGBoost,4263,2006-10-31 22:00:00,345,343.98
XGBoost,4263,2006-10-31 22:15:00,329,314.74
XGBoost,4263,2006-10-31 22:30:00,284,297.01
XGBoost,4263,2006-10-31 22:45:00,263,262.6
XGBoost,4263,2006-10-31 23:00:00,235,225.82
XGBoost,4263,2006-10-31 23:15:00,170,205.0
XGBoost,4263,2006-10-31 23:30:00,149,152.05
XGBoost,4263,2006-10-31 23:45:00,131,123.76
XGBoost,4264,2006-10-27 12:00:00,477,500.33
XGBoost,4264,2006-10-27 12:15:00,504,503.25
XGBoost,4264,2006-10-27 12:30:00,474,494.77
XGBoost,4264,2006-10-27 12:45:00,483,496.22
XGBoost,4264,2006-10-27 13:00:00,508,494.2
XGBoost,4264,2006-10-27 13:15:00,501,506.11
XGBoost,4264,2006-10-27 13:30:00,506,493.49
XGBoost,4264,2006-10-27 13:45:00,479,499.14
XGBoost,4264,2006-10-27 14:00:00,487,498.11
XGBoost,4264,2006-10-27 14:15:00,457,498.69
XGBoost,4264,2006-10-27 14:30:00,522,510.75
XGBoost,4264,2006-10-27 14:45:00,516,511.23
XGBoost,4264,2006-10-27 15:00:00,536,533.92
XGBoost,4264,2006-10-27 15:15:00,526,544.59
XGBoost,4264,2006-10-27 15:30:00,515,535.17
XGBoost,4264,2006-10-27 15:45:00,458,538.83
XGBoost,4264,2006-10-27 16:00:00,486,518.89
XGBoost,4264,2006-10-27 16:15:00,512,503.39
XGBoost,4264,2006-10-27 16:30:00,591,533.84
XGBoost,4264,2006-10-27 16:45:00,534,552.21
XGBoost,4264,2006-10-27 17:00:00,596,588.12
XGBoost,4264,2006-10-27 17:15:00,579,564.58
XGBoost,4264,2006-10-27 17:30:00,589,616.4
XGBoost,4264,2006-10-27 17:45:00,637,603.66
XGBoost,4264,2006-10-27 18:00:00,556,591.89
XGBoost,4264,2006-10-27 18:15:00,567,549.4
XGBoost,4264,2006-10-27 18:30:00,544,535.99
XGBoost,4264,2006-10-27 18:45:00,490,517.69
XGBoost,4264,2006-10-27 19:00:00,512,470.02
XGBoost,4264,2006-10-27 19:15:00,462,459.29
XGBoost,4264,2006-10-27 19:30:00,412,418.25
XGBoost,4264,2006-10-27 19:45:00,425,382.8
XGBoost,4264,2006-10-27 20:00:00,370,392.64
XGBoost,4264,2006-10-27 20:15:00,325,364.2
XGBoost,4264,2006-10-27 20:30:00,311,335.11
XGBoost,4264,2006-10-27 20:45:00,354,300.33
XGBoost,4264,2006-10-27 21:00:00,360,339.02
XGBoost,4264,2006-10-27 21:15:00,337,344.14
XGBoost,4264,2006-10-27 21:30:00,328,321.55
XGBoost,4264,2006-10-27 21:45:00,292,315.09
XGBoost,4264,2006-10-27 22:00:00,292,297.88
XGBoost,4264,2006-10-27 22:15:00,268,293.63
XGBoost,4264,2006-10-27 22:30:00,252,273.1
XGBoost,4264,2006-10-27 22:45:00,261,247.58
XGBoost,4264,2006-10-27 23:00:00,278,236.79
XGBoost,4264,2006-10-27 23:15:00,296,248.71
XGBoost,4264,2006-10-27 23:30:00,266,253.57
XGBoost,4264,2006-10-27 23:45:00,260,239.81
XGBoost,4264,2006-10-28 00:00:00,269,232.16
XGBoost,4264,2006-10-28 00:15:00,200,225.73
XGBoost,4264,2006-10-28 00:30:00,190,193.21
XGBoost,4264,2006-10-28 00:45:00,195,170.24
XGBoost,4264,2006-10-28 01:00:00,146,169.65
XGBoost,4264,2006-10-28 01:15:00,197,139.29
XGBoost,4264,2006-10-28 01:30:00,166,159.82
XGBoost,4264,2006-10-28 01:45:00,171,149.93
XGBoost,4264,2006-10-28 02:00:00,126,148.86
XGBoost,4264,2006-10-28 02:15:00,122,122.0
XGBoost,4264,2006-10-28 02:30:00,116,110.23
XGBoost,4264,2006-10-28 02:45:00,96,103.95
XGBoost,4264,2006-10-28 03:00:00,106,90.39
XGBoost,4264,2006-10-28 03:15:00,90,92.93
XGBoost,4264,2006-10-28 03:30:00,101,86.22
XGBoost,4264,2006-10-28 03:45:00,70,90.3
XGBoost,4264,2006-10-28 04:00:00,61,72.43
XGBoost,4264,2006-10-28 04:15:00,59,61.33
XGBoost,4264,2006-10-28 04:30:00,65,56.59
XGBoost,4264,2006-10-28 04:45:00,56,62.47
XGBoost,4264,2006-10-28 05:00:00,50,64.51
XGBoost,4264,2006-10-28 05:15:00,71,65.48
XGBoost,4264,2006-10-28 05:30:00,54,80.24
XGBoost,4264,2006-10-28 05:45:00,83,72.39
XGBoost,4264,2006-10-28 06:00:00,107,89.74
XGBoost,4264,2006-10-28 06:15:00,84,125.2
XGBoost,4264,2006-10-28 06:30:00,141,109.14
XGBoost,4264,2006-10-28 06:45:00,169,165.7
XGBoost,4264,2006-10-28 07:00:00,141,187.49
XGBoost,4264,2006-10-28 07:15:00,181,180.47
XGBoost,4264,2006-10-28 07:30:00,210,207.65
XGBoost,4264,2006-10-28 07:45:00,265,249.17
XGBoost,4264,2006-10-28 08:00:00,267,295.71
XGBoost,4264,2006-10-28 08:15:00,299,306.69
XGBoost,4264,2006-10-28 08:30:00,362,345.05
XGBoost,4264,2006-10-28 08:45:00,434,395.87
XGBoost,4264,2006-10-28 09:00:00,370,450.38
XGBoost,4264,2006-10-28 09:15:00,378,416.96
XGBoost,4264,2006-10-28 09:30:00,376,405.14
XGBoost,4264,2006-10-28 09:45:00,482,409.45
XGBoost,4264,2006-10-28 10:00:00,418,463.25
XGBoost,4264,2006-10-28 10:15:00,489,461.28
XGBoost,4264,2006-10-28 10:30:00,516,478.17
XGBoost,4264,2006-10-28 10:45:00,516,524.85
XGBoost,4264,2006-10-28 11:00:00,525,523.74
XGBoost,4264,2006-10-28 11:15:00,503,528.46
XGBoost,4264,2006-10-28 11:30:00,491,523.7
XGBoost,4264,2006-10-28 11:45:00,524,529.2
XGBoost,4264,2006-10-28 12:00:00,563,518.4
XGBoost,4264,2006-10-28 12:15:00,557,558.12
XGBoost,4264,2006-10-28 12:30:00,549,553.54
XGBoost,4264,2006-10-28 12:45:00,547,555.93
XGBoost,4264,2006-10-28 13:00:00,551,547.63
XGBoost,4264,2006-10-28 13:15:00,525,544.58
XGBoost,4264,2006-10-28 13:30:00,570,541.09
XGBoost,4264,2006-10-28 13:45:00,405,546.42
XGBoost,4264,2006-10-28 14:00:00,472,475.64
XGBoost,4264,2006-10-28 14:15:00,487,463.83
XGBoost,4264,2006-10-28 14:30:00,505,500.85
XGBoost,4264,2006-10-28 14:45:00,506,503.82
XGBoost,4264,2006-10-28 15:00:00,508,506.37
XGBoost,4264,2006-10-28 15:15:00,530,504.37
XGBoost,4264,2006-10-28 15:30:00,485,518.99
XGBoost,4264,2006-10-28 15:45:00,522,484.68
XGBoost,4264,2006-10-28 16:00:00,513,499.59
XGBoost,4264,2006-10-28 16:15:00,510,510.05
XGBoost,4264,2006-10-28 16:30:00,512,510.33
XGBoost,4264,2006-10-28 16:45:00,494,514.03
XGBoost,4264,2006-10-28 17:00:00,497,507.4
XGBoost,4264,2006-10-28 17:15:00,493,502.98
XGBoost,4264,2006-10-28 17:30:00,450,503.27
XGBoost,4264,2006-10-28 17:45:00,489,493.78
XGBoost,4264,2006-10-28 18:00:00,407,450.87
XGBoost,4264,2006-10-28 18:15:00,425,406.06
XGBoost,4264,2006-10-28 18:30:00,411,409.57
XGBoost,4264,2006-10-28 18:45:00,418,389.18
XGBoost,4264,2006-10-28 19:00:00,360,371.72
XGBoost,4264,2006-10-28 19:15:00,392,338.01
XGBoost,4264,2006-10-28 19:30:00,368,348.18
XGBoost,4264,2006-10-28 19:45:00,367,335.87
XGBoost,4264,2006-10-28 20:00:00,319,346.59
XGBoost,4264,2006-10-28 20:15:00,313,314.86
XGBoost,4264,2006-10-28 20:30:00,292,287.62
XGBoost,4264,2006-10-28 20:45:00,318,282.05
XGBoost,4264,2006-10-28 21:00:00,315,310.32
XGBoost,4264,2006-10-28 21:15:00,327,309.52
XGBoost,4264,2006-10-28 21:30:00,283,310.87
XGBoost,4264,2006-10-28 21:45:00,271,291.38
XGBoost,4264,2006-10-28 22:00:00,248,274.04
XGBoost,4264,2006-10-28 22:15:00,309,248.7
XGBoost,4264,2006-10-28 22:30:00,260,275.86
XGBoost,4264,2006-10-28 22:45:00,272,264.49
XGBoost,4264,2006-10-28 23:00:00,261,267.24
XGBoost,4264,2006-10-28 23:15:00,304,265.82
XGBoost,4264,2006-10-28 23:30:00,270,277.24
XGBoost,4264,2006-10-28 23:45:00,249,270.01
XGBoost,4264,2006-10-29 00:00:00,263,249.05
XGBoost,4264,2006-10-29 00:15:00,251,235.82
XGBoost,4264,2006-10-29 00:30:00,248,224.13
XGBoost,4264,2006-10-29 00:45:00,200,224.13
XGBoost,4264,2006-10-29 01:00:00,210,186.39
XGBoost,4264,2006-10-29 01:15:00,192,194.33
XGBoost,4264,2006-10-29 01:30:00,200,179.23
XGBoost,4264,2006-10-29 01:45:00,75,181.94
XGBoost,4264,2006-10-29 02:00:00,79,108.94
XGBoost,4264,2006-10-29 02:15:00,69,79.08
XGBoost,4264,2006-10-29 02:30:00,71,75.91
XGBoost,4264,2006-10-29 02:45:00,175,65.9
XGBoost,4264,2006-10-29 03:00:00,195,136.13
XGBoost,4264,2006-10-29 03:15:00,130,177.26
XGBoost,4264,2006-10-29 03:30:00,160,134.33
XGBoost,4264,2006-10-29 03:45:00,123,179.42
XGBoost,4264,2006-10-29 04:00:00,147,147.87
XGBoost,4264,2006-10-29 04:15:00,141,168.04
XGBoost,4264,2006-10-29 04:30:00,109,158.76
XGBoost,4264,2006-10-29 04:45:00,118,103.24
XGBoost,4264,2006-10-29 05:00:00,104,101.32
XGBoost,4264,2006-10-29 05:15:00,93,95.5
XGBoost,4264,2006-10-29 05:30:00,107,88.07
XGBoost,4264,2006-10-29 05:45:00,104,94.5
XGBoost,4264,2006-10-29 06:00:00,103,104.69
XGBoost,4264,2006-10-29 06:15:00,84,97.86
XGBoost,4264,2006-10-29 06:30:00,124,93.01
XGBoost,4264,2006-10-29 06:45:00,109,122.01
XGBoost,4264,2006-10-29 07:00:00,96,111.86
XGBoost,4264,2006-10-29 07:15:00,88,103.62
XGBoost,4264,2006-10-29 07:30:00,120,93.41
XGBoost,4264,2006-10-29 07:45:00,136,123.21
XGBoost,4264,2006-10-29 08:00:00,134,144.32
XGBoost,4264,2006-10-29 08:15:00,141,152.54
XGBoost,4264,2006-10-29 08:30:00,161,153.48
XGBoost,4264,2006-10-29 08:45:00,199,185.33
XGBoost,4264,2006-10-29 09:00:00,235,210.87
XGBoost,4264,2006-10-29 09:15:00,248,257.6
XGBoost,4264,2006-10-29 09:30:00,279,268.48
XGBoost,4264,2006-10-29 09:45:00,313,311.78
XGBoost,4264,2006-10-29 10:00:00,301,318.07
XGBoost,4264,2006-10-29 10:15:00,315,332.25
XGBoost,4264,2006-10-29 10:30:00,326,346.78
XGBoost,4264,2006-10-29 10:45:00,353,352.96
XGBoost,4264,2006-10-29 11:00:00,361,370.18
XGBoost,4264,2006-10-29 11:15:00,387,376.39
XGBoost,4264,2006-10-29 11:30:00,396,392.54
XGBoost,4264,2006-10-29 11:45:00,454,404.11
XGBoost,4264,2006-10-29 12:00:00,434,460.32
XGBoost,4264,2006-10-29 12:15:00,462,468.44
XGBoost,4264,2006-10-29 12:30:00,454,482.05
XGBoost,4264,2006-10-29 12:45:00,483,481.14
XGBoost,4264,2006-10-29 13:00:00,492,482.6
XGBoost,4264,2006-10-29 13:15:00,471,486.65
XGBoost,4264,2006-10-29 13:30:00,469,484.1
XGBoost,4264,2006-10-29 13:45:00,462,449.51
XGBoost,4264,2006-10-29 14:00:00,440,464.88
XGBoost,4264,2006-10-29 14:15:00,447,449.27
XGBoost,4264,2006-10-29 14:30:00,432,458.37
XGBoost,4264,2006-10-29 14:45:00,438,447.21
XGBoost,4264,2006-10-29 15:00:00,496,455.35
XGBoost,4264,2006-10-29 15:15:00,436,482.16
XGBoost,4264,2006-10-29 15:30:00,462,449.84
XGBoost,4264,2006-10-29 15:45:00,452,473.87
XGBoost,4264,2006-10-29 16:00:00,428,465.03
XGBoost,4264,2006-10-29 16:15:00,405,443.92
XGBoost,4264,2006-10-29 16:30:00,418,414.95
XGBoost,4264,2006-10-29 16:45:00,383,420.66
XGBoost,4264,2006-10-29 17:00:00,436,396.44
XGBoost,4264,2006-10-29 17:15:00,496,421.65
XGBoost,4264,2006-10-29 17:30:00,420,455.72
XGBoost,4264,2006-10-29 17:45:00,402,445.72
XGBoost,4264,2006-10-29 18:00:00,436,377.32
XGBoost,4264,2006-10-29 18:15:00,360,380.13
XGBoost,4264,2006-10-29 18:30:00,342,352.35
XGBoost,4264,2006-10-29 18:45:00,366,327.53
XGBoost,4264,2006-10-29 19:00:00,311,316.04
XGBoost,4264,2006-10-29 19:15:00,281,298.75
XGBoost,4264,2006-10-29 19:30:00,273,256.05
XGBoost,4264,2006-10-29 19:45:00,253,241.73
XGBoost,4264,2006-10-29 20:00:00,240,234.26
XGBoost,4264,2006-10-29 20:15:00,275,230.11
XGBoost,4264,2006-10-29 20:30:00,291,254.51
XGBoost,4264,2006-10-29 20:45:00,248,261.26
XGBoost,4264,2006-10-29 21:00:00,247,245.81
XGBoost,4264,2006-10-29 21:15:00,249,237.02
XGBoost,4264,2006-10-29 21:30:00,209,228.12
XGBoost,4264,2006-10-29 21:45:00,212,209.8
XGBoost,4264,2006-10-29 22:00:00,185,190.17
XGBoost,4264,2006-10-29 22:15:00,177,180.77
XGBoost,4264,2006-10-29 22:30:00,163,165.06
XGBoost,4264,2006-10-29 22:45:00,172,155.81
XGBoost,4264,2006-10-29 23:00:00,137,143.3
XGBoost,4264,2006-10-29 23:15:00,151,127.26
XGBoost,4264,2006-10-29 23:30:00,124,126.18
XGBoost,4264,2006-10-29 23:45:00,103,116.91
XGBoost,4264,2006-10-30 00:00:00,79,98.0
XGBoost,4264,2006-10-30 00:15:00,81,72.78
XGBoost,4264,2006-10-30 00:30:00,66,66.73
XGBoost,4264,2006-10-30 00:45:00,38,58.47
XGBoost,4264,2006-10-30 01:00:00,42,40.96
XGBoost,4264,2006-10-30 01:15:00,47,36.43
XGBoost,4264,2006-10-30 01:30:00,38,40.46
XGBoost,4264,2006-10-30 01:45:00,35,33.72
XGBoost,4264,2006-10-30 02:00:00,25,32.97
XGBoost,4264,2006-10-30 02:15:00,32,25.77
XGBoost,4264,2006-10-30 02:30:00,33,28.61
XGBoost,4264,2006-10-30 02:45:00,23,31.69
XGBoost,4264,2006-10-30 03:00:00,16,31.83
XGBoost,4264,2006-10-30 03:15:00,12,22.2
XGBoost,4264,2006-10-30 03:30:00,32,19.89
XGBoost,4264,2006-10-30 03:45:00,29,28.5
XGBoost,4264,2006-10-30 04:00:00,29,40.77
XGBoost,4264,2006-10-30 04:15:00,26,39.81
XGBoost,4264,2006-10-30 04:30:00,34,36.24
XGBoost,4264,2006-10-30 04:45:00,38,43.4
XGBoost,4264,2006-10-30 05:00:00,37,70.93
XGBoost,4264,2006-10-30 05:15:00,54,63.92
XGBoost,4264,2006-10-30 05:30:00,85,82.1
XGBoost,4264,2006-10-30 05:45:00,104,119.49
XGBoost,4264,2006-10-30 06:00:00,153,149.53
XGBoost,4264,2006-10-30 06:15:00,179,204.77
XGBoost,4264,2006-10-30 06:30:00,276,249.49
XGBoost,4264,2006-10-30 06:45:00,350,367.06
XGBoost,4264,2006-10-30 07:00:00,456,450.26
XGBoost,4264,2006-10-30 07:15:00,536,540.54
XGBoost,4264,2006-10-30 07:30:00,624,643.51
XGBoost,4264,2006-10-30 07:45:00,710,716.23
XGBoost,4264,2006-10-30 08:00:00,686,717.44
XGBoost,4264,2006-10-30 08:15:00,688,692.45
XGBoost,4264,2006-10-30 08:30:00,686,673.19
XGBoost,4264,2006-10-30 08:45:00,606,660.61
XGBoost,4264,2006-10-30 09:00:00,513,538.56
XGBoost,4264,2006-10-30 09:15:00,494,460.49
XGBoost,4264,2006-10-30 09:30:00,479,455.02
XGBoost,4264,2006-10-30 09:45:00,411,452.93
XGBoost,4264,2006-10-30 10:00:00,458,406.22
XGBoost,4264,2006-10-30 10:15:00,442,423.71
XGBoost,4264,2006-10-30 10:30:00,385,433.44
XGBoost,4264,2006-10-30 10:45:00,457,393.05
XGBoost,4264,2006-10-30 11:00:00,414,428.67
XGBoost,4264,2006-10-30 11:15:00,457,421.77
XGBoost,4264,2006-10-30 11:30:00,449,433.06
XGBoost,4264,2006-10-30 11:45:00,445,464.15
XGBoost,4264,2006-10-30 12:00:00,468,435.38
XGBoost,4264,2006-10-30 12:15:00,462,461.1
XGBoost,4264,2006-10-30 12:30:00,452,464.34
XGBoost,4264,2006-10-30 12:45:00,518,467.23
XGBoost,4264,2006-10-30 13:00:00,474,479.85
XGBoost,4264,2006-10-30 13:15:00,457,476.88
XGBoost,4264,2006-10-30 13:30:00,480,461.71
XGBoost,4264,2006-10-30 13:45:00,510,467.46
XGBoost,4264,2006-10-30 14:00:00,492,492.56
XGBoost,4264,2006-10-30 14:15:00,502,494.7
XGBoost,4264,2006-10-30 14:30:00,449,486.35
XGBoost,4264,2006-10-30 14:45:00,496,483.09
XGBoost,4264,2006-10-30 15:00:00,531,516.35
XGBoost,4264,2006-10-30 15:15:00,505,528.24
XGBoost,4264,2006-10-30 15:30:00,481,531.85
XGBoost,4264,2006-10-30 15:45:00,506,521.57
XGBoost,4264,2006-10-30 16:00:00,568,508.67
XGBoost,4264,2006-10-30 16:15:00,547,558.76
XGBoost,4264,2006-10-30 16:30:00,535,551.95
XGBoost,4264,2006-10-30 16:45:00,522,548.91
XGBoost,4264,2006-10-30 17:00:00,576,553.89
XGBoost,4264,2006-10-30 17:15:00,621,584.93
XGBoost,4264,2006-10-30 17:30:00,575,616.3
XGBoost,4264,2006-10-30 17:45:00,613,602.29
XGBoost,4264,2006-10-30 18:00:00,588,551.21
XGBoost,4264,2006-10-30 18:15:00,575,539.34
XGBoost,4264,2006-10-30 18:30:00,538,526.52
XGBoost,4264,2006-10-30 18:45:00,419,503.63
XGBoost,4264,2006-10-30 19:00:00,447,385.67
XGBoost,4264,2006-10-30 19:15:00,369,386.23
XGBoost,4264,2006-10-30 19:30:00,377,335.12
XGBoost,4264,2006-10-30 19:45:00,305,326.5
XGBoost,4264,2006-10-30 20:00:00,303,297.7
XGBoost,4264,2006-10-30 20:15:00,291,292.93
XGBoost,4264,2006-10-30 20:30:00,322,291.19
XGBoost,4264,2006-10-30 20:45:00,282,287.55
XGBoost,4264,2006-10-30 21:00:00,266,271.23
XGBoost,4264,2006-10-30 21:15:00,269,258.23
XGBoost,4264,2006-10-30 21:30:00,271,244.54
XGBoost,4264,2006-10-30 21:45:00,225,248.61
XGBoost,4264,2006-10-30 22:00:00,227,207.52
XGBoost,4264,2006-10-30 22:15:00,185,200.39
XGBoost,4264,2006-10-30 22:30:00,174,176.29
XGBoost,4264,2006-10-30 22:45:00,133,172.55
XGBoost,4264,2006-10-30 23:00:00,159,125.15
XGBoost,4264,2006-10-30 23:15:00,97,133.36
XGBoost,4264,2006-10-30 23:30:00,107,95.88
XGBoost,4264,2006-10-30 23:45:00,92,85.22
XGBoost,4264,2006-10-31 00:00:00,84,77.37
XGBoost,4264,2006-10-31 00:15:00,75,67.24
XGBoost,4264,2006-10-31 00:30:00,63,59.35
XGBoost,4264,2006-10-31 00:45:00,46,51.18
XGBoost,4264,2006-10-31 01:00:00,36,41.92
XGBoost,4264,2006-10-31 01:15:00,39,32.8
XGBoost,4264,2006-10-31 01:30:00,26,33.24
XGBoost,4264,2006-10-31 01:45:00,32,26.83
XGBoost,4264,2006-10-31 02:00:00,26,27.21
XGBoost,4264,2006-10-31 02:15:00,30,26.76
XGBoost,4264,2006-10-31 02:30:00,22,25.79
XGBoost,4264,2006-10-31 02:45:00,24,22.25
XGBoost,4264,2006-10-31 03:00:00,23,21.81
XGBoost,4264,2006-10-31 03:15:00,19,21.39
XGBoost,4264,2006-10-31 03:30:00,23,21.38
XGBoost,4264,2006-10-31 03:45:00,31,22.49
XGBoost,4264,2006-10-31 04:00:00,25,33.23
XGBoost,4264,2006-10-31 04:15:00,34,29.67
XGBoost,4264,2006-10-31 04:30:00,40,37.85
XGBoost,4264,2006-10-31 04:45:00,49,45.49
XGBoost,4264,2006-10-31 05:00:00,42,58.44
XGBoost,4264,2006-10-31 05:15:00,67,62.05
XGBoost,4264,2006-10-31 05:30:00,99,93.2
XGBoost,4264,2006-10-31 05:45:00,118,137.6
XGBoost,4264,2006-10-31 06:00:00,146,173.94
XGBoost,4264,2006-10-31 06:15:00,199,203.02
XGBoost,4264,2006-10-31 06:30:00,297,287.91
XGBoost,4264,2006-10-31 06:45:00,363,380.63
XGBoost,4264,2006-10-31 07:00:00,469,470.37
XGBoost,4264,2006-10-31 07:15:00,534,555.08
XGBoost,4264,2006-10-31 07:30:00,627,627.07
XGBoost,4264,2006-10-31 07:45:00,728,710.62
XGBoost,4264,2006-10-31 08:00:00,763,702.78
XGBoost,4264,2006-10-31 08:15:00,704,722.73
XGBoost,4264,2006-10-31 08:30:00,665,702.43
XGBoost,4264,2006-10-31 08:45:00,650,624.14
XGBoost,4264,2006-10-31 09:00:00,530,554.18
XGBoost,4264,2006-10-31 09:15:00,514,505.98
XGBoost,4264,2006-10-31 09:30:00,467,486.92
XGBoost,4264,2006-10-31 09:45:00,455,444.96
XGBoost,4264,2006-10-31 10:00:00,469,470.52
XGBoost,4264,2006-10-31 10:15:00,450,460.46
XGBoost,4264,2006-10-31 10:30:00,433,441.24
XGBoost,4264,2006-10-31 10:45:00,471,455.63
XGBoost,4264,2006-10-31 11:00:00,455,450.49
XGBoost,4264,2006-10-31 11:15:00,455,472.08
XGBoost,4264,2006-10-31 11:30:00,464,453.55
XGBoost,4264,2006-10-31 11:45:00,479,452.55
XGBoost,4264,2006-10-31 12:00:00,501,474.67
XGBoost,4264,2006-10-31 12:15:00,511,479.87
XGBoost,4264,2006-10-31 12:30:00,429,486.12
XGBoost,4264,2006-10-31 12:45:00,506,492.03
XGBoost,4264,2006-10-31 13:00:00,480,482.57
XGBoost,4264,2006-10-31 13:15:00,503,482.42
XGBoost,4264,2006-10-31 13:30:00,453,488.4
XGBoost,4264,2006-10-31 13:45:00,490,492.69
XGBoost,4264,2006-10-31 14:00:00,490,492.02
XGBoost,4264,2006-10-31 14:15:00,429,508.81
XGBoost,4264,2006-10-31 14:30:00,488,469.05
XGBoost,4264,2006-10-31 14:45:00,496,492.06
XGBoost,4264,2006-10-31 15:00:00,508,522.44
XGBoost,4264,2006-10-31 15:15:00,530,522.66
XGBoost,4264,2006-10-31 15:30:00,497,524.62
XGBoost,4264,2006-10-31 15:45:00,485,526.41
XGBoost,4264,2006-10-31 16:00:00,508,531.46
XGBoost,4264,2006-10-31 16:15:00,521,532.48
XGBoost,4264,2006-10-31 16:30:00,524,537.8
XGBoost,4264,2006-10-31 16:45:00,554,542.57
XGBoost,4264,2006-10-31 17:00:00,551,571.62
XGBoost,4264,2006-10-31 17:15:00,592,594.03
XGBoost,4264,2006-10-31 17:30:00,581,597.99
XGBoost,4264,2006-10-31 17:45:00,629,622.11
XGBoost,4264,2006-10-31 18:00:00,602,585.32
XGBoost,4264,2006-10-31 18:15:00,507,572.86
XGBoost,4264,2006-10-31 18:30:00,530,531.74
XGBoost,4264,2006-10-31 18:45:00,511,484.34
XGBoost,4264,2006-10-31 19:00:00,478,462.88
XGBoost,4264,2006-10-31 19:15:00,460,423.98
XGBoost,4264,2006-10-31 19:30:00,417,406.33
XGBoost,4264,2006-10-31 19:45:00,389,371.92
XGBoost,4264,2006-10-31 20:00:00,370,358.15
XGBoost,4264,2006-10-31 20:15:00,395,345.56
XGBoost,4264,2006-10-31 20:30:00,354,359.02
XGBoost,4264,2006-10-31 20:45:00,338,329.52
XGBoost,4264,2006-10-31 21:00:00,317,318.66
XGBoost,4264,2006-10-31 21:15:00,312,301.79
XGBoost,4264,2006-10-31 21:30:00,324,295.0
XGBoost,4264,2006-10-31 21:45:00,310,289.14
XGBoost,4264,2006-10-31 22:00:00,318,278.27
XGBoost,4264,2006-10-31 22:15:00,266,273.56
XGBoost,4264,2006-10-31 22:30:00,236,239.27
XGBoost,4264,2006-10-31 22:45:00,245,208.66
XGBoost,4264,2006-10-31 23:00:00,210,204.09
XGBoost,4264,2006-10-31 23:15:00,157,176.84
XGBoost,4264,2006-10-31 23:30:00,122,138.46
XGBoost,4264,2006-10-31 23:45:00,120,107.09
XGBoost,4266,2006-10-27 12:00:00,702,699.59
XGBoost,4266,2006-10-27 12:15:00,673,703.89
XGBoost,4266,2006-10-27 12:30:00,716,703.25
XGBoost,4266,2006-10-27 12:45:00,706,714.3
XGBoost,4266,2006-10-27 13:00:00,724,700.65
XGBoost,4266,2006-10-27 13:15:00,680,705.16
XGBoost,4266,2006-10-27 13:30:00,714,712.31
XGBoost,4266,2006-10-27 13:45:00,710,704.36
XGBoost,4266,2006-10-27 14:00:00,701,725.59
XGBoost,4266,2006-10-27 14:15:00,710,701.93
XGBoost,4266,2006-10-27 14:30:00,705,746.68
XGBoost,4266,2006-10-27 14:45:00,746,726.69
XGBoost,4266,2006-10-27 15:00:00,756,739.17
XGBoost,4266,2006-10-27 15:15:00,749,782.37
XGBoost,4266,2006-10-27 15:30:00,766,799.85
XGBoost,4266,2006-10-27 15:45:00,737,788.55
XGBoost,4266,2006-10-27 16:00:00,806,779.53
XGBoost,4266,2006-10-27 16:15:00,769,798.47
XGBoost,4266,2006-10-27 16:30:00,841,803.18
XGBoost,4266,2006-10-27 16:45:00,833,842.13
XGBoost,4266,2006-10-27 17:00:00,867,869.25
XGBoost,4266,2006-10-27 17:15:00,911,892.54
XGBoost,4266,2006-10-27 17:30:00,902,913.15
XGBoost,4266,2006-10-27 17:45:00,902,936.53
XGBoost,4266,2006-10-27 18:00:00,848,870.4
XGBoost,4266,2006-10-27 18:15:00,831,791.43
XGBoost,4266,2006-10-27 18:30:00,804,794.68
XGBoost,4266,2006-10-27 18:45:00,715,747.75
XGBoost,4266,2006-10-27 19:00:00,711,677.6
XGBoost,4266,2006-10-27 19:15:00,647,651.37
XGBoost,4266,2006-10-27 19:30:00,608,598.94
XGBoost,4266,2006-10-27 19:45:00,560,541.64
XGBoost,4266,2006-10-27 20:00:00,471,505.07
XGBoost,4266,2006-10-27 20:15:00,396,455.53
XGBoost,4266,2006-10-27 20:30:00,392,406.12
XGBoost,4266,2006-10-27 20:45:00,403,395.05
XGBoost,4266,2006-10-27 21:00:00,411,409.75
XGBoost,4266,2006-10-27 21:15:00,424,391.92
XGBoost,4266,2006-10-27 21:30:00,347,401.09
XGBoost,4266,2006-10-27 21:45:00,273,356.48
XGBoost,4266,2006-10-27 22:00:00,322,324.43
XGBoost,4266,2006-10-27 22:15:00,318,316.91
XGBoost,4266,2006-10-27 22:30:00,337,301.84
XGBoost,4266,2006-10-27 22:45:00,286,303.44
XGBoost,4266,2006-10-27 23:00:00,282,267.33
XGBoost,4266,2006-10-27 23:15:00,251,256.71
XGBoost,4266,2006-10-27 23:30:00,298,225.91
XGBoost,4266,2006-10-27 23:45:00,230,249.21
XGBoost,4266,2006-10-28 00:00:00,221,219.47
XGBoost,4266,2006-10-28 00:15:00,199,193.44
XGBoost,4266,2006-10-28 00:30:00,180,180.21
XGBoost,4266,2006-10-28 00:45:00,168,160.69
XGBoost,4266,2006-10-28 01:00:00,129,146.83
XGBoost,4266,2006-10-28 01:15:00,139,117.78
XGBoost,4266,2006-10-28 01:30:00,135,116.56
XGBoost,4266,2006-10-28 01:45:00,139,117.63
XGBoost,4266,2006-10-28 02:00:00,100,118.62
XGBoost,4266,2006-10-28 02:15:00,71,97.76
XGBoost,4266,2006-10-28 02:30:00,97,70.23
XGBoost,4266,2006-10-28 02:45:00,69,81.82
XGBoost,4266,2006-10-28 03:00:00,70,67.32
XGBoost,4266,2006-10-28 03:15:00,59,63.21
XGBoost,4266,2006-10-28 03:30:00,76,56.15
XGBoost,4266,2006-10-28 03:45:00,54,62.91
XGBoost,4266,2006-10-28 04:00:00,47,55.37
XGBoost,4266,2006-10-28 04:15:00,59,46.67
XGBoost,4266,2006-10-28 04:30:00,52,51.67
XGBoost,4266,2006-10-28 04:45:00,59,53.19
XGBoost,4266,2006-10-28 05:00:00,46,65.02
XGBoost,4266,2006-10-28 05:15:00,60,63.06
XGBoost,4266,2006-10-28 05:30:00,68,71.93
XGBoost,4266,2006-10-28 05:45:00,81,82.65
XGBoost,4266,2006-10-28 06:00:00,103,100.34
XGBoost,4266,2006-10-28 06:15:00,117,125.75
XGBoost,4266,2006-10-28 06:30:00,164,151.18
XGBoost,4266,2006-10-28 06:45:00,204,206.19
XGBoost,4266,2006-10-28 07:00:00,178,229.86
XGBoost,4266,2006-10-28 07:15:00,230,221.09
XGBoost,4266,2006-10-28 07:30:00,302,263.08
XGBoost,4266,2006-10-28 07:45:00,324,333.68
XGBoost,4266,2006-10-28 08:00:00,319,358.23
XGBoost,4266,2006-10-28 08:15:00,417,370.69
XGBoost,4266,2006-10-28 08:30:00,470,460.38
XGBoost,4266,2006-10-28 08:45:00,589,538.71
XGBoost,4266,2006-10-28 09:00:00,563,586.61
XGBoost,4266,2006-10-28 09:15:00,631,615.46
XGBoost,4266,2006-10-28 09:30:00,649,634.44
XGBoost,4266,2006-10-28 09:45:00,714,676.57
XGBoost,4266,2006-10-28 10:00:00,680,690.6
XGBoost,4266,2006-10-28 10:15:00,721,699.6
XGBoost,4266,2006-10-28 10:30:00,737,704.08
XGBoost,4266,2006-10-28 10:45:00,747,743.35
XGBoost,4266,2006-10-28 11:00:00,735,747.82
XGBoost,4266,2006-10-28 11:15:00,723,742.94
XGBoost,4266,2006-10-28 11:30:00,738,736.82
XGBoost,4266,2006-10-28 11:45:00,716,747.52
XGBoost,4266,2006-10-28 12:00:00,739,730.79
XGBoost,4266,2006-10-28 12:15:00,745,728.29
XGBoost,4266,2006-10-28 12:30:00,747,744.98
XGBoost,4266,2006-10-28 12:45:00,723,748.87
XGBoost,4266,2006-10-28 13:00:00,739,722.03
XGBoost,4266,2006-10-28 13:15:00,780,717.29
XGBoost,4266,2006-10-28 13:30:00,744,749.91
XGBoost,4266,2006-10-28 13:45:00,736,740.75
XGBoost,4266,2006-10-28 14:00:00,697,722.39
XGBoost,4266,2006-10-28 14:15:00,731,706.2
XGBoost,4266,2006-10-28 14:30:00,699,710.34
XGBoost,4266,2006-10-28 14:45:00,679,706.24
XGBoost,4266,2006-10-28 15:00:00,735,688.32
XGBoost,4266,2006-10-28 15:15:00,732,712.5
XGBoost,4266,2006-10-28 15:30:00,665,732.14
XGBoost,4266,2006-10-28 15:45:00,685,687.73
XGBoost,4266,2006-10-28 16:00:00,687,686.89
XGBoost,4266,2006-10-28 16:15:00,724,693.66
XGBoost,4266,2006-10-28 16:30:00,733,701.18
XGBoost,4266,2006-10-28 16:45:00,669,721.57
XGBoost,4266,2006-10-28 17:00:00,657,692.7
XGBoost,4266,2006-10-28 17:15:00,673,676.19
XGBoost,4266,2006-10-28 17:30:00,601,680.77
XGBoost,4266,2006-10-28 17:45:00,616,639.41
XGBoost,4266,2006-10-28 18:00:00,617,600.51
XGBoost,4266,2006-10-28 18:15:00,602,602.75
XGBoost,4266,2006-10-28 18:30:00,566,591.45
XGBoost,4266,2006-10-28 18:45:00,560,567.92
XGBoost,4266,2006-10-28 19:00:00,544,529.22
XGBoost,4266,2006-10-28 19:15:00,525,500.1
XGBoost,4266,2006-10-28 19:30:00,460,489.66
XGBoost,4266,2006-10-28 19:45:00,409,430.65
XGBoost,4266,2006-10-28 20:00:00,388,391.92
XGBoost,4266,2006-10-28 20:15:00,361,369.7
XGBoost,4266,2006-10-28 20:30:00,329,348.15
XGBoost,4266,2006-10-28 20:45:00,316,330.95
XGBoost,4266,2006-10-28 21:00:00,354,324.99
XGBoost,4266,2006-10-28 21:15:00,365,338.17
XGBoost,4266,2006-10-28 21:30:00,303,352.21
XGBoost,4266,2006-10-28 21:45:00,317,302.95
XGBoost,4266,2006-10-28 22:00:00,328,313.59
XGBoost,4266,2006-10-28 22:15:00,353,314.22
XGBoost,4266,2006-10-28 22:30:00,288,336.12
XGBoost,4266,2006-10-28 22:45:00,299,298.97
XGBoost,4266,2006-10-28 23:00:00,296,291.34
XGBoost,4266,2006-10-28 23:15:00,310,281.35
XGBoost,4266,2006-10-28 23:30:00,306,301.92
XGBoost,4266,2006-10-28 23:45:00,258,283.33
XGBoost,4266,2006-10-29 00:00:00,297,250.17
XGBoost,4266,2006-10-29 00:15:00,249,266.63
XGBoost,4266,2006-10-29 00:30:00,228,232.85
XGBoost,4266,2006-10-29 00:45:00,194,201.31
XGBoost,4266,2006-10-29 01:00:00,198,174.06
XGBoost,4266,2006-10-29 01:15:00,151,172.88
XGBoost,4266,2006-10-29 01:30:00,146,150.1
XGBoost,4266,2006-10-29 01:45:00,0,138.59
XGBoost,4266,2006-10-29 02:00:00,0,61.76
XGBoost,4266,2006-10-29 02:15:00,0,30.73
XGBoost,4266,2006-10-29 02:30:00,0,25.56
XGBoost,4266,2006-10-29 02:45:00,130,18.87
XGBoost,4266,2006-10-29 03:00:00,145,87.14
XGBoost,4266,2006-10-29 03:15:00,128,118.25
XGBoost,4266,2006-10-29 03:30:00,104,118.12
XGBoost,4266,2006-10-29 03:45:00,108,155.29
XGBoost,4266,2006-10-29 04:00:00,131,150.95
XGBoost,4266,2006-10-29 04:15:00,98,158.89
XGBoost,4266,2006-10-29 04:30:00,67,133.65
XGBoost,4266,2006-10-29 04:45:00,100,72.67
XGBoost,4266,2006-10-29 05:00:00,78,86.27
XGBoost,4266,2006-10-29 05:15:00,75,79.57
XGBoost,4266,2006-10-29 05:30:00,91,74.31
XGBoost,4266,2006-10-29 05:45:00,100,86.5
XGBoost,4266,2006-10-29 06:00:00,71,96.0
XGBoost,4266,2006-10-29 06:15:00,84,82.2
XGBoost,4266,2006-10-29 06:30:00,123,86.98
XGBoost,4266,2006-10-29 06:45:00,110,126.55
XGBoost,4266,2006-10-29 07:00:00,97,125.68
XGBoost,4266,2006-10-29 07:15:00,127,110.5
XGBoost,4266,2006-10-29 07:30:00,138,133.4
XGBoost,4266,2006-10-29 07:45:00,148,150.6
XGBoost,4266,2006-10-29 08:00:00,139,167.67
XGBoost,4266,2006-10-29 08:15:00,161,168.24
XGBoost,4266,2006-10-29 08:30:00,190,186.96
XGBoost,4266,2006-10-29 08:45:00,313,215.47
XGBoost,4266,2006-10-29 09:00:00,368,314.13
XGBoost,4266,2006-10-29 09:15:00,304,390.69
XGBoost,4266,2006-10-29 09:30:00,374,373.04
XGBoost,4266,2006-10-29 09:45:00,469,420.44
XGBoost,4266,2006-10-29 10:00:00,394,464.92
XGBoost,4266,2006-10-29 10:15:00,426,451.21
XGBoost,4266,2006-10-29 10:30:00,448,477.98
XGBoost,4266,2006-10-29 10:45:00,507,511.74
XGBoost,4266,2006-10-29 11:00:00,504,526.75
XGBoost,4266,2006-10-29 11:15:00,484,537.8
XGBoost,4266,2006-10-29 11:30:00,532,522.35
XGBoost,4266,2006-10-29 11:45:00,567,544.37
XGBoost,4266,2006-10-29 12:00:00,605,577.76
XGBoost,4266,2006-10-29 12:15:00,669,599.39
XGBoost,4266,2006-10-29 12:30:00,631,641.88
XGBoost,4266,2006-10-29 12:45:00,655,640.27
XGBoost,4266,2006-10-29 13:00:00,678,637.21
XGBoost,4266,2006-10-29 13:15:00,615,655.35
XGBoost,4266,2006-10-29 13:30:00,558,629.91
XGBoost,4266,2006-10-29 13:45:00,560,605.83
XGBoost,4266,2006-10-29 14:00:00,594,583.88
XGBoost,4266,2006-10-29 14:15:00,640,585.69
XGBoost,4266,2006-10-29 14:30:00,574,609.91
XGBoost,4266,2006-10-29 14:45:00,614,584.98
XGBoost,4266,2006-10-29 15:00:00,643,612.79
XGBoost,4266,2006-10-29 15:15:00,641,630.86
XGBoost,4266,2006-10-29 15:30:00,664,627.77
XGBoost,4266,2006-10-29 15:45:00,674,654.56
XGBoost,4266,2006-10-29 16:00:00,625,661.56
XGBoost,4266,2006-10-29 16:15:00,620,636.9
XGBoost,4266,2006-10-29 16:30:00,611,626.27
XGBoost,4266,2006-10-29 16:45:00,640,618.27
XGBoost,4266,2006-10-29 17:00:00,611,617.48
XGBoost,4266,2006-10-29 17:15:00,590,612.2
XGBoost,4266,2006-10-29 17:30:00,583,595.78
XGBoost,4266,2006-10-29 17:45:00,597,596.17
XGBoost,4266,2006-10-29 18:00:00,555,544.51
XGBoost,4266,2006-10-29 18:15:00,557,528.83
XGBoost,4266,2006-10-29 18:30:00,491,501.08
XGBoost,4266,2006-10-29 18:45:00,496,483.11
XGBoost,4266,2006-10-29 19:00:00,460,422.07
XGBoost,4266,2006-10-29 19:15:00,370,401.81
XGBoost,4266,2006-10-29 19:30:00,365,347.81
XGBoost,4266,2006-10-29 19:45:00,375,325.83
XGBoost,4266,2006-10-29 20:00:00,297,352.08
XGBoost,4266,2006-10-29 20:15:00,365,311.25
XGBoost,4266,2006-10-29 20:30:00,336,318.52
XGBoost,4266,2006-10-29 20:45:00,311,313.69
XGBoost,4266,2006-10-29 21:00:00,350,304.65
XGBoost,4266,2006-10-29 21:15:00,342,320.49
XGBoost,4266,2006-10-29 21:30:00,292,314.34
XGBoost,4266,2006-10-29 21:45:00,277,290.71
XGBoost,4266,2006-10-29 22:00:00,244,262.64
XGBoost,4266,2006-10-29 22:15:00,249,231.82
XGBoost,4266,2006-10-29 22:30:00,209,223.48
XGBoost,4266,2006-10-29 22:45:00,215,201.41
XGBoost,4266,2006-10-29 23:00:00,185,189.58
XGBoost,4266,2006-10-29 23:15:00,178,173.13
XGBoost,4266,2006-10-29 23:30:00,132,154.61
XGBoost,4266,2006-10-29 23:45:00,109,128.51
XGBoost,4266,2006-10-30 00:00:00,103,101.79
XGBoost,4266,2006-10-30 00:15:00,72,94.37
XGBoost,4266,2006-10-30 00:30:00,63,66.05
XGBoost,4266,2006-10-30 00:45:00,42,54.45
XGBoost,4266,2006-10-30 01:00:00,46,40.71
XGBoost,4266,2006-10-30 01:15:00,44,37.27
XGBoost,4266,2006-10-30 01:30:00,38,36.78
XGBoost,4266,2006-10-30 01:45:00,43,29.53
XGBoost,4266,2006-10-30 02:00:00,27,32.65
XGBoost,4266,2006-10-30 02:15:00,23,25.14
XGBoost,4266,2006-10-30 02:30:00,23,20.86
XGBoost,4266,2006-10-30 02:45:00,21,25.68
XGBoost,4266,2006-10-30 03:00:00,17,23.82
XGBoost,4266,2006-10-30 03:15:00,19,20.74
XGBoost,4266,2006-10-30 03:30:00,27,20.22
XGBoost,4266,2006-10-30 03:45:00,23,24.63
XGBoost,4266,2006-10-30 04:00:00,26,36.43
XGBoost,4266,2006-10-30 04:15:00,30,34.56
XGBoost,4266,2006-10-30 04:30:00,40,36.26
XGBoost,4266,2006-10-30 04:45:00,54,50.61
XGBoost,4266,2006-10-30 05:00:00,39,75.83
XGBoost,4266,2006-10-30 05:15:00,63,68.2
XGBoost,4266,2006-10-30 05:30:00,103,91.98
XGBoost,4266,2006-10-30 05:45:00,139,138.61
XGBoost,4266,2006-10-30 06:00:00,175,180.43
XGBoost,4266,2006-10-30 06:15:00,251,238.22
XGBoost,4266,2006-10-30 06:30:00,343,344.72
XGBoost,4266,2006-10-30 06:45:00,477,437.15
XGBoost,4266,2006-10-30 07:00:00,583,574.51
XGBoost,4266,2006-10-30 07:15:00,711,705.82
XGBoost,4266,2006-10-30 07:30:00,827,814.41
XGBoost,4266,2006-10-30 07:45:00,952,879.08
XGBoost,4266,2006-10-30 08:00:00,1008,900.36
XGBoost,4266,2006-10-30 08:15:00,984,961.34
XGBoost,4266,2006-10-30 08:30:00,964,948.7
XGBoost,4266,2006-10-30 08:45:00,825,913.9
XGBoost,4266,2006-10-30 09:00:00,779,725.2
XGBoost,4266,2006-10-30 09:15:00,669,691.73
XGBoost,4266,2006-10-30 09:30:00,653,637.31
XGBoost,4266,2006-10-30 09:45:00,672,592.86
XGBoost,4266,2006-10-30 10:00:00,614,618.41
XGBoost,4266,2006-10-30 10:15:00,634,590.05
XGBoost,4266,2006-10-30 10:30:00,604,589.37
XGBoost,4266,2006-10-30 10:45:00,680,573.38
XGBoost,4266,2006-10-30 11:00:00,614,624.12
XGBoost,4266,2006-10-30 11:15:00,662,605.43
XGBoost,4266,2006-10-30 11:30:00,678,617.8
XGBoost,4266,2006-10-30 11:45:00,644,656.23
XGBoost,4266,2006-10-30 12:00:00,658,634.17
XGBoost,4266,2006-10-30 12:15:00,657,659.08
XGBoost,4266,2006-10-30 12:30:00,701,645.52
XGBoost,4266,2006-10-30 12:45:00,613,671.51
XGBoost,4266,2006-10-30 13:00:00,657,643.38
XGBoost,4266,2006-10-30 13:15:00,632,632.41
XGBoost,4266,2006-10-30 13:30:00,615,617.15
XGBoost,4266,2006-10-30 13:45:00,652,598.73
XGBoost,4266,2006-10-30 14:00:00,663,649.47
XGBoost,4266,2006-10-30 14:15:00,666,674.39
XGBoost,4266,2006-10-30 14:30:00,666,664.3
XGBoost,4266,2006-10-30 14:45:00,700,676.02
XGBoost,4266,2006-10-30 15:00:00,734,734.12
XGBoost,4266,2006-10-30 15:15:00,757,746.52
XGBoost,4266,2006-10-30 15:30:00,739,766.65
XGBoost,4266,2006-10-30 15:45:00,752,760.63
XGBoost,4266,2006-10-30 16:00:00,777,764.61
XGBoost,4266,2006-10-30 16:15:00,799,783.3
XGBoost,4266,2006-10-30 16:30:00,841,802.64
XGBoost,4266,2006-10-30 16:45:00,801,827.53
XGBoost,4266,2006-10-30 17:00:00,912,830.53
XGBoost,4266,2006-10-30 17:15:00,930,880.74
XGBoost,4266,2006-10-30 17:30:00,901,919.61
XGBoost,4266,2006-10-30 17:45:00,898,906.6
XGBoost,4266,2006-10-30 18:00:00,912,815.0
XGBoost,4266,2006-10-30 18:15:00,813,819.83
XGBoost,4266,2006-10-30 18:30:00,769,756.22
XGBoost,4266,2006-10-30 18:45:00,707,706.59
XGBoost,4266,2006-10-30 19:00:00,658,637.33
XGBoost,4266,2006-10-30 19:15:00,554,578.18
XGBoost,4266,2006-10-30 19:30:00,506,502.18
XGBoost,4266,2006-10-30 19:45:00,414,448.55
XGBoost,4266,2006-10-30 20:00:00,380,393.29
XGBoost,4266,2006-10-30 20:15:00,396,377.04
XGBoost,4266,2006-10-30 20:30:00,313,369.46
XGBoost,4266,2006-10-30 20:45:00,342,315.56
XGBoost,4266,2006-10-30 21:00:00,317,335.46
XGBoost,4266,2006-10-30 21:15:00,318,338.65
XGBoost,4266,2006-10-30 21:30:00,307,309.89
XGBoost,4266,2006-10-30 21:45:00,308,292.5
XGBoost,4266,2006-10-30 22:00:00,284,276.83
XGBoost,4266,2006-10-30 22:15:00,241,261.96
XGBoost,4266,2006-10-30 22:30:00,236,227.72
XGBoost,4266,2006-10-30 22:45:00,163,220.08
XGBoost,4266,2006-10-30 23:00:00,157,169.36
XGBoost,4266,2006-10-30 23:15:00,121,151.01
XGBoost,4266,2006-10-30 23:30:00,108,118.1
XGBoost,4266,2006-10-30 23:45:00,102,95.01
XGBoost,4266,2006-10-31 00:00:00,98,90.56
XGBoost,4266,2006-10-31 00:15:00,63,79.51
XGBoost,4266,2006-10-31 00:30:00,66,57.65
XGBoost,4266,2006-10-31 00:45:00,41,50.52
XGBoost,4266,2006-10-31 01:00:00,35,40.03
XGBoost,4266,2006-10-31 01:15:00,25,32.69
XGBoost,4266,2006-10-31 01:30:00,33,26.18
XGBoost,4266,2006-10-31 01:45:00,26,28.27
XGBoost,4266,2006-10-31 02:00:00,24,25.54
XGBoost,4266,2006-10-31 02:15:00,24,22.59
XGBoost,4266,2006-10-31 02:30:00,24,22.23
XGBoost,4266,2006-10-31 02:45:00,29,21.38
XGBoost,4266,2006-10-31 03:00:00,23,23.88
XGBoost,4266,2006-10-31 03:15:00,24,24.22
XGBoost,4266,2006-10-31 03:30:00,18,24.02
XGBoost,4266,2006-10-31 03:45:00,23,20.88
XGBoost,4266,2006-10-31 04:00:00,29,27.26
XGBoost,4266,2006-10-31 04:15:00,33,32.15
XGBoost,4266,2006-10-31 04:30:00,39,39.8
XGBoost,4266,2006-10-31 04:45:00,40,47.23
XGBoost,4266,2006-10-31 05:00:00,47,53.0
XGBoost,4266,2006-10-31 05:15:00,73,66.52
XGBoost,4266,2006-10-31 05:30:00,110,99.0
XGBoost,4266,2006-10-31 05:45:00,145,147.13
XGBoost,4266,2006-10-31 06:00:00,182,196.62
XGBoost,4266,2006-10-31 06:15:00,259,256.85
XGBoost,4266,2006-10-31 06:30:00,390,360.74
XGBoost,4266,2006-10-31 06:45:00,487,520.67
XGBoost,4266,2006-10-31 07:00:00,596,591.54
XGBoost,4266,2006-10-31 07:15:00,779,706.01
XGBoost,4266,2006-10-31 07:30:00,880,850.1
XGBoost,4266,2006-10-31 07:45:00,954,955.43
XGBoost,4266,2006-10-31 08:00:00,989,983.78
XGBoost,4266,2006-10-31 08:15:00,1003,973.46
XGBoost,4266,2006-10-31 08:30:00,978,977.16
XGBoost,4266,2006-10-31 08:45:00,920,916.38
XGBoost,4266,2006-10-31 09:00:00,759,828.47
XGBoost,4266,2006-10-31 09:15:00,715,739.59
XGBoost,4266,2006-10-31 09:30:00,707,687.08
XGBoost,4266,2006-10-31 09:45:00,685,674.09
XGBoost,4266,2006-10-31 10:00:00,639,639.62
XGBoost,4266,2006-10-31 10:15:00,684,635.58
XGBoost,4266,2006-10-31 10:30:00,677,641.68
XGBoost,4266,2006-10-31 10:45:00,646,678.22
XGBoost,4266,2006-10-31 11:00:00,636,645.14
XGBoost,4266,2006-10-31 11:15:00,668,664.72
XGBoost,4266,2006-10-31 11:30:00,649,675.83
XGBoost,4266,2006-10-31 11:45:00,666,657.45
XGBoost,4266,2006-10-31 12:00:00,698,665.37
XGBoost,4266,2006-10-31 12:15:00,705,678.07
XGBoost,4266,2006-10-31 12:30:00,662,703.1
XGBoost,4266,2006-10-31 12:45:00,666,646.42
XGBoost,4266,2006-10-31 13:00:00,712,671.16
XGBoost,4266,2006-10-31 13:15:00,717,672.6
XGBoost,4266,2006-10-31 13:30:00,697,668.8
XGBoost,4266,2006-10-31 13:45:00,676,678.72
XGBoost,4266,2006-10-31 14:00:00,707,699.1
XGBoost,4266,2006-10-31 14:15:00,690,703.33
XGBoost,4266,2006-10-31 14:30:00,674,699.7
XGBoost,4266,2006-10-31 14:45:00,730,710.58
XGBoost,4266,2006-10-31 15:00:00,766,741.44
XGBoost,4266,2006-10-31 15:15:00,731,776.66
XGBoost,4266,2006-10-31 15:30:00,749,758.09
XGBoost,4266,2006-10-31 15:45:00,728,769.86
XGBoost,4266,2006-10-31 16:00:00,701,781.41
XGBoost,4266,2006-10-31 16:15:00,852,776.64
XGBoost,4266,2006-10-31 16:30:00,823,817.14
XGBoost,4266,2006-10-31 16:45:00,833,831.16
XGBoost,4266,2006-10-31 17:00:00,907,879.24
XGBoost,4266,2006-10-31 17:15:00,890,915.51
XGBoost,4266,2006-10-31 17:30:00,949,925.61
XGBoost,4266,2006-10-31 17:45:00,921,946.41
XGBoost,4266,2006-10-31 18:00:00,929,900.11
XGBoost,4266,2006-10-31 18:15:00,920,861.69
XGBoost,4266,2006-10-31 18:30:00,826,853.48
XGBoost,4266,2006-10-31 18:45:00,730,773.99
XGBoost,4266,2006-10-31 19:00:00,657,684.17
XGBoost,4266,2006-10-31 19:15:00,642,597.22
XGBoost,4266,2006-10-31 19:30:00,575,555.53
XGBoost,4266,2006-10-31 19:45:00,510,503.51
XGBoost,4266,2006-10-31 20:00:00,462,460.9
XGBoost,4266,2006-10-31 20:15:00,430,427.11
XGBoost,4266,2006-10-31 20:30:00,411,393.17
XGBoost,4266,2006-10-31 20:45:00,360,382.22
XGBoost,4266,2006-10-31 21:00:00,347,366.35
XGBoost,4266,2006-10-31 21:15:00,387,348.54
XGBoost,4266,2006-10-31 21:30:00,350,363.14
XGBoost,4266,2006-10-31 21:45:00,301,344.44
XGBoost,4266,2006-10-31 22:00:00,359,300.15
XGBoost,4266,2006-10-31 22:15:00,298,313.3
XGBoost,4266,2006-10-31 22:30:00,276,284.64
XGBoost,4266,2006-10-31 22:45:00,231,246.8
XGBoost,4266,2006-10-31 23:00:00,198,206.11
XGBoost,4266,2006-10-31 23:15:00,165,171.13
XGBoost,4266,2006-10-31 23:30:00,134,141.17
XGBoost,4266,2006-10-31 23:45:00,124,116.52
XGBoost,4270,2006-10-27 12:00:00,563,540.74
XGBoost,4270,2006-10-27 12:15:00,576,559.04
XGBoost,4270,2006-10-27 12:30:00,583,584.81
XGBoost,4270,2006-10-27 12:45:00,524,569.84
XGBoost,4270,2006-10-27 13:00:00,605,547.72
XGBoost,4270,2006-10-27 13:15:00,540,569.54
XGBoost,4270,2006-10-27 13:30:00,549,578.07
XGBoost,4270,2006-10-27 13:45:00,570,543.14
XGBoost,4270,2006-10-27 14:00:00,540,579.6
XGBoost,4270,2006-10-27 14:15:00,586,554.56
XGBoost,4270,2006-10-27 14:30:00,578,587.0
XGBoost,4270,2006-10-27 14:45:00,566,573.63
XGBoost,4270,2006-10-27 15:00:00,626,614.76
XGBoost,4270,2006-10-27 15:15:00,558,612.39
XGBoost,4270,2006-10-27 15:30:00,638,610.45
XGBoost,4270,2006-10-27 15:45:00,570,658.7
XGBoost,4270,2006-10-27 16:00:00,660,608.22
XGBoost,4270,2006-10-27 16:15:00,662,638.52
XGBoost,4270,2006-10-27 16:30:00,664,670.3
XGBoost,4270,2006-10-27 16:45:00,629,687.45
XGBoost,4270,2006-10-27 17:00:00,715,682.11
XGBoost,4270,2006-10-27 17:15:00,711,707.28
XGBoost,4270,2006-10-27 17:30:00,774,742.7
XGBoost,4270,2006-10-27 17:45:00,734,766.25
XGBoost,4270,2006-10-27 18:00:00,685,718.58
XGBoost,4270,2006-10-27 18:15:00,696,698.57
XGBoost,4270,2006-10-27 18:30:00,640,678.23
XGBoost,4270,2006-10-27 18:45:00,623,649.02
XGBoost,4270,2006-10-27 19:00:00,570,577.07
XGBoost,4270,2006-10-27 19:15:00,549,570.69
XGBoost,4270,2006-10-27 19:30:00,501,498.01
XGBoost,4270,2006-10-27 19:45:00,495,465.05
XGBoost,4270,2006-10-27 20:00:00,383,444.13
XGBoost,4270,2006-10-27 20:15:00,370,387.73
XGBoost,4270,2006-10-27 20:30:00,409,359.77
XGBoost,4270,2006-10-27 20:45:00,359,378.0
XGBoost,4270,2006-10-27 21:00:00,331,377.82
XGBoost,4270,2006-10-27 21:15:00,320,348.78
XGBoost,4270,2006-10-27 21:30:00,307,329.83
XGBoost,4270,2006-10-27 21:45:00,278,307.98
XGBoost,4270,2006-10-27 22:00:00,285,311.99
XGBoost,4270,2006-10-27 22:15:00,307,281.91
XGBoost,4270,2006-10-27 22:30:00,332,293.19
XGBoost,4270,2006-10-27 22:45:00,311,305.65
XGBoost,4270,2006-10-27 23:00:00,324,281.51
XGBoost,4270,2006-10-27 23:15:00,294,286.48
XGBoost,4270,2006-10-27 23:30:00,278,265.32
XGBoost,4270,2006-10-27 23:45:00,251,251.67
XGBoost,4270,2006-10-28 00:00:00,250,220.43
XGBoost,4270,2006-10-28 00:15:00,233,212.42
XGBoost,4270,2006-10-28 00:30:00,217,201.96
XGBoost,4270,2006-10-28 00:45:00,171,188.93
XGBoost,4270,2006-10-28 01:00:00,122,161.45
XGBoost,4270,2006-10-28 01:15:00,130,118.68
XGBoost,4270,2006-10-28 01:30:00,118,110.4
XGBoost,4270,2006-10-28 01:45:00,106,102.02
XGBoost,4270,2006-10-28 02:00:00,112,95.93
XGBoost,4270,2006-10-28 02:15:00,88,98.93
XGBoost,4270,2006-10-28 02:30:00,77,85.63
XGBoost,4270,2006-10-28 02:45:00,74,74.07
XGBoost,4270,2006-10-28 03:00:00,73,68.22
XGBoost,4270,2006-10-28 03:15:00,67,64.66
XGBoost,4270,2006-10-28 03:30:00,61,64.69
XGBoost,4270,2006-10-28 03:45:00,54,57.17
XGBoost,4270,2006-10-28 04:00:00,51,55.15
XGBoost,4270,2006-10-28 04:15:00,42,48.3
XGBoost,4270,2006-10-28 04:30:00,47,44.39
XGBoost,4270,2006-10-28 04:45:00,62,47.74
XGBoost,4270,2006-10-28 05:00:00,43,68.4
XGBoost,4270,2006-10-28 05:15:00,75,59.79
XGBoost,4270,2006-10-28 05:30:00,76,82.01
XGBoost,4270,2006-10-28 05:45:00,92,93.1
XGBoost,4270,2006-10-28 06:00:00,106,109.05
XGBoost,4270,2006-10-28 06:15:00,138,135.35
XGBoost,4270,2006-10-28 06:30:00,197,165.95
XGBoost,4270,2006-10-28 06:45:00,236,237.92
XGBoost,4270,2006-10-28 07:00:00,169,259.22
XGBoost,4270,2006-10-28 07:15:00,220,222.59
XGBoost,4270,2006-10-28 07:30:00,233,247.88
XGBoost,4270,2006-10-28 07:45:00,294,282.3
XGBoost,4270,2006-10-28 08:00:00,311,325.19
XGBoost,4270,2006-10-28 08:15:00,341,357.82
XGBoost,4270,2006-10-28 08:30:00,452,382.42
XGBoost,4270,2006-10-28 08:45:00,471,468.09
XGBoost,4270,2006-10-28 09:00:00,452,496.46
XGBoost,4270,2006-10-28 09:15:00,457,510.5
XGBoost,4270,2006-10-28 09:30:00,485,508.78
XGBoost,4270,2006-10-28 09:45:00,553,508.07
XGBoost,4270,2006-10-28 10:00:00,508,546.79
XGBoost,4270,2006-10-28 10:15:00,558,541.25
XGBoost,4270,2006-10-28 10:30:00,559,562.69
XGBoost,4270,2006-10-28 10:45:00,572,581.56
XGBoost,4270,2006-10-28 11:00:00,582,585.38
XGBoost,4270,2006-10-28 11:15:00,578,595.52
XGBoost,4270,2006-10-28 11:30:00,645,604.67
XGBoost,4270,2006-10-28 11:45:00,635,623.57
XGBoost,4270,2006-10-28 12:00:00,659,634.75
XGBoost,4270,2006-10-28 12:15:00,582,645.16
XGBoost,4270,2006-10-28 12:30:00,598,635.43
XGBoost,4270,2006-10-28 12:45:00,636,604.88
XGBoost,4270,2006-10-28 13:00:00,552,631.81
XGBoost,4270,2006-10-28 13:15:00,628,581.76
XGBoost,4270,2006-10-28 13:30:00,591,599.6
XGBoost,4270,2006-10-28 13:45:00,613,605.84
XGBoost,4270,2006-10-28 14:00:00,566,589.56
XGBoost,4270,2006-10-28 14:15:00,584,591.65
XGBoost,4270,2006-10-28 14:30:00,556,587.2
XGBoost,4270,2006-10-28 14:45:00,600,573.07
XGBoost,4270,2006-10-28 15:00:00,555,585.23
XGBoost,4270,2006-10-28 15:15:00,568,572.47
XGBoost,4270,2006-10-28 15:30:00,526,575.67
XGBoost,4270,2006-10-28 15:45:00,564,559.09
XGBoost,4270,2006-10-28 16:00:00,577,563.35
XGBoost,4270,2006-10-28 16:15:00,573,574.42
XGBoost,4270,2006-10-28 16:30:00,510,573.32
XGBoost,4270,2006-10-28 16:45:00,533,543.56
XGBoost,4270,2006-10-28 17:00:00,549,554.01
XGBoost,4270,2006-10-28 17:15:00,587,561.97
XGBoost,4270,2006-10-28 17:30:00,561,584.68
XGBoost,4270,2006-10-28 17:45:00,559,581.43
XGBoost,4270,2006-10-28 18:00:00,587,545.73
XGBoost,4270,2006-10-28 18:15:00,493,559.5
XGBoost,4270,2006-10-28 18:30:00,528,510.26
XGBoost,4270,2006-10-28 18:45:00,499,508.64
XGBoost,4270,2006-10-28 19:00:00,476,457.74
XGBoost,4270,2006-10-28 19:15:00,491,430.43
XGBoost,4270,2006-10-28 19:30:00,429,430.98
XGBoost,4270,2006-10-28 19:45:00,444,392.71
XGBoost,4270,2006-10-28 20:00:00,395,391.67
XGBoost,4270,2006-10-28 20:15:00,321,369.68
XGBoost,4270,2006-10-28 20:30:00,337,335.28
XGBoost,4270,2006-10-28 20:45:00,309,314.37
XGBoost,4270,2006-10-28 21:00:00,281,310.93
XGBoost,4270,2006-10-28 21:15:00,297,288.26
XGBoost,4270,2006-10-28 21:30:00,307,283.25
XGBoost,4270,2006-10-28 21:45:00,299,289.88
XGBoost,4270,2006-10-28 22:00:00,311,295.93
XGBoost,4270,2006-10-28 22:15:00,265,302.61
XGBoost,4270,2006-10-28 22:30:00,327,281.88
XGBoost,4270,2006-10-28 22:45:00,297,298.72
XGBoost,4270,2006-10-28 23:00:00,326,308.73
XGBoost,4270,2006-10-28 23:15:00,336,305.95
XGBoost,4270,2006-10-28 23:30:00,339,311.07
XGBoost,4270,2006-10-28 23:45:00,319,308.62
XGBoost,4270,2006-10-29 00:00:00,298,296.52
XGBoost,4270,2006-10-29 00:15:00,283,275.23
XGBoost,4270,2006-10-29 00:30:00,265,265.08
XGBoost,4270,2006-10-29 00:45:00,241,232.98
XGBoost,4270,2006-10-29 01:00:00,180,212.07
XGBoost,4270,2006-10-29 01:15:00,185,171.1
XGBoost,4270,2006-10-29 01:30:00,178,162.51
XGBoost,4270,2006-10-29 01:45:00,31,154.17
XGBoost,4270,2006-10-29 02:00:00,26,85.84
XGBoost,4270,2006-10-29 02:15:00,26,41.3
XGBoost,4270,2006-10-29 02:30:00,29,38.47
XGBoost,4270,2006-10-29 02:45:00,156,31.69
XGBoost,4270,2006-10-29 03:00:00,110,104.66
XGBoost,4270,2006-10-29 03:15:00,125,106.86
XGBoost,4270,2006-10-29 03:30:00,108,106.27
XGBoost,4270,2006-10-29 03:45:00,116,145.24
XGBoost,4270,2006-10-29 04:00:00,108,149.71
XGBoost,4270,2006-10-29 04:15:00,96,139.92
XGBoost,4270,2006-10-29 04:30:00,93,122.56
XGBoost,4270,2006-10-29 04:45:00,62,86.81
XGBoost,4270,2006-10-29 05:00:00,79,67.69
XGBoost,4270,2006-10-29 05:15:00,80,80.01
XGBoost,4270,2006-10-29 05:30:00,99,81.22
XGBoost,4270,2006-10-29 05:45:00,81,95.17
XGBoost,4270,2006-10-29 06:00:00,87,87.57
XGBoost,4270,2006-10-29 06:15:00,101,91.6
XGBoost,4270,2006-10-29 06:30:00,118,110.12
XGBoost,4270,2006-10-29 06:45:00,111,133.17
XGBoost,4270,2006-10-29 07:00:00,89,124.36
XGBoost,4270,2006-10-29 07:15:00,107,103.42
XGBoost,4270,2006-10-29 07:30:00,122,107.32
XGBoost,4270,2006-10-29 07:45:00,139,138.57
XGBoost,4270,2006-10-29 08:00:00,133,152.15
XGBoost,4270,2006-10-29 08:15:00,178,152.59
XGBoost,4270,2006-10-29 08:30:00,185,190.15
XGBoost,4270,2006-10-29 08:45:00,248,219.5
XGBoost,4270,2006-10-29 09:00:00,224,266.59
XGBoost,4270,2006-10-29 09:15:00,295,258.67
XGBoost,4270,2006-10-29 09:30:00,305,321.6
XGBoost,4270,2006-10-29 09:45:00,346,353.46
XGBoost,4270,2006-10-29 10:00:00,357,366.17
XGBoost,4270,2006-10-29 10:15:00,388,384.48
XGBoost,4270,2006-10-29 10:30:00,356,402.08
XGBoost,4270,2006-10-29 10:45:00,421,391.0
XGBoost,4270,2006-10-29 11:00:00,423,436.34
XGBoost,4270,2006-10-29 11:15:00,433,462.92
XGBoost,4270,2006-10-29 11:30:00,483,479.04
XGBoost,4270,2006-10-29 11:45:00,495,496.15
XGBoost,4270,2006-10-29 12:00:00,518,503.79
XGBoost,4270,2006-10-29 12:15:00,521,518.02
XGBoost,4270,2006-10-29 12:30:00,539,529.66
XGBoost,4270,2006-10-29 12:45:00,539,545.59
XGBoost,4270,2006-10-29 13:00:00,515,526.77
XGBoost,4270,2006-10-29 13:15:00,513,523.11
XGBoost,4270,2006-10-29 13:30:00,536,519.9
XGBoost,4270,2006-10-29 13:45:00,497,532.92
XGBoost,4270,2006-10-29 14:00:00,504,516.32
XGBoost,4270,2006-10-29 14:15:00,522,509.45
XGBoost,4270,2006-10-29 14:30:00,478,520.68
XGBoost,4270,2006-10-29 14:45:00,479,495.37
XGBoost,4270,2006-10-29 15:00:00,512,488.96
XGBoost,4270,2006-10-29 15:15:00,480,511.16
XGBoost,4270,2006-10-29 15:30:00,528,489.42
XGBoost,4270,2006-10-29 15:45:00,508,516.53
XGBoost,4270,2006-10-29 16:00:00,505,515.33
XGBoost,4270,2006-10-29 16:15:00,525,506.0
XGBoost,4270,2006-10-29 16:30:00,549,515.29
XGBoost,4270,2006-10-29 16:45:00,543,528.22
XGBoost,4270,2006-10-29 17:00:00,544,533.7
XGBoost,4270,2006-10-29 17:15:00,538,544.42
XGBoost,4270,2006-10-29 17:30:00,560,540.28
XGBoost,4270,2006-10-29 17:45:00,498,541.97
XGBoost,4270,2006-10-29 18:00:00,492,482.2
XGBoost,4270,2006-10-29 18:15:00,500,450.42
XGBoost,4270,2006-10-29 18:30:00,476,449.65
XGBoost,4270,2006-10-29 18:45:00,452,431.65
XGBoost,4270,2006-10-29 19:00:00,416,395.96
XGBoost,4270,2006-10-29 19:15:00,369,374.6
XGBoost,4270,2006-10-29 19:30:00,350,334.17
XGBoost,4270,2006-10-29 19:45:00,313,317.77
XGBoost,4270,2006-10-29 20:00:00,293,314.44
XGBoost,4270,2006-10-29 20:15:00,298,285.16
XGBoost,4270,2006-10-29 20:30:00,287,286.02
XGBoost,4270,2006-10-29 20:45:00,342,277.09
XGBoost,4270,2006-10-29 21:00:00,287,296.45
XGBoost,4270,2006-10-29 21:15:00,258,288.4
XGBoost,4270,2006-10-29 21:30:00,267,256.87
XGBoost,4270,2006-10-29 21:45:00,257,249.34
XGBoost,4270,2006-10-29 22:00:00,225,237.57
XGBoost,4270,2006-10-29 22:15:00,236,212.29
XGBoost,4270,2006-10-29 22:30:00,172,216.3
XGBoost,4270,2006-10-29 22:45:00,187,176.17
XGBoost,4270,2006-10-29 23:00:00,178,157.74
XGBoost,4270,2006-10-29 23:15:00,135,160.0
XGBoost,4270,2006-10-29 23:30:00,127,129.49
XGBoost,4270,2006-10-29 23:45:00,113,108.91
XGBoost,4270,2006-10-30 00:00:00,93,103.91
XGBoost,4270,2006-10-30 00:15:00,91,83.4
XGBoost,4270,2006-10-30 00:30:00,63,77.3
XGBoost,4270,2006-10-30 00:45:00,57,61.71
XGBoost,4270,2006-10-30 01:00:00,61,50.0
XGBoost,4270,2006-10-30 01:15:00,51,50.96
XGBoost,4270,2006-10-30 01:30:00,31,43.86
XGBoost,4270,2006-10-30 01:45:00,51,28.95
XGBoost,4270,2006-10-30 02:00:00,36,37.43
XGBoost,4270,2006-10-30 02:15:00,26,32.59
XGBoost,4270,2006-10-30 02:30:00,23,25.41
XGBoost,4270,2006-10-30 02:45:00,35,26.09
XGBoost,4270,2006-10-30 03:00:00,32,31.31
XGBoost,4270,2006-10-30 03:15:00,31,32.26
XGBoost,4270,2006-10-30 03:30:00,29,30.86
XGBoost,4270,2006-10-30 03:45:00,30,30.21
XGBoost,4270,2006-10-30 04:00:00,42,38.76
XGBoost,4270,2006-10-30 04:15:00,32,51.4
XGBoost,4270,2006-10-30 04:30:00,37,46.19
XGBoost,4270,2006-10-30 04:45:00,50,42.57
XGBoost,4270,2006-10-30 05:00:00,52,71.22
XGBoost,4270,2006-10-30 05:15:00,56,74.3
XGBoost,4270,2006-10-30 05:30:00,105,87.23
XGBoost,4270,2006-10-30 05:45:00,165,131.88
XGBoost,4270,2006-10-30 06:00:00,208,203.28
XGBoost,4270,2006-10-30 06:15:00,237,294.18
XGBoost,4270,2006-10-30 06:30:00,367,341.48
XGBoost,4270,2006-10-30 06:45:00,388,486.77
XGBoost,4270,2006-10-30 07:00:00,510,500.18
XGBoost,4270,2006-10-30 07:15:00,575,615.35
XGBoost,4270,2006-10-30 07:30:00,643,639.16
XGBoost,4270,2006-10-30 07:45:00,676,739.42
XGBoost,4270,2006-10-30 08:00:00,757,650.08
XGBoost,4270,2006-10-30 08:15:00,693,710.38
XGBoost,4270,2006-10-30 08:30:00,719,676.71
XGBoost,4270,2006-10-30 08:45:00,616,679.77
XGBoost,4270,2006-10-30 09:00:00,563,552.79
XGBoost,4270,2006-10-30 09:15:00,607,520.66
XGBoost,4270,2006-10-30 09:30:00,542,546.97
XGBoost,4270,2006-10-30 09:45:00,492,498.65
XGBoost,4270,2006-10-30 10:00:00,447,481.7
XGBoost,4270,2006-10-30 10:15:00,485,454.86
XGBoost,4270,2006-10-30 10:30:00,497,456.45
XGBoost,4270,2006-10-30 10:45:00,493,466.71
XGBoost,4270,2006-10-30 11:00:00,490,474.4
XGBoost,4270,2006-10-30 11:15:00,513,476.68
XGBoost,4270,2006-10-30 11:30:00,497,495.14
XGBoost,4270,2006-10-30 11:45:00,507,494.92
XGBoost,4270,2006-10-30 12:00:00,466,493.68
XGBoost,4270,2006-10-30 12:15:00,499,495.68
XGBoost,4270,2006-10-30 12:30:00,516,497.0
XGBoost,4270,2006-10-30 12:45:00,474,511.68
XGBoost,4270,2006-10-30 13:00:00,497,488.75
XGBoost,4270,2006-10-30 13:15:00,506,489.35
XGBoost,4270,2006-10-30 13:30:00,556,501.23
XGBoost,4270,2006-10-30 13:45:00,541,503.1
XGBoost,4270,2006-10-30 14:00:00,502,551.97
XGBoost,4270,2006-10-30 14:15:00,521,534.75
XGBoost,4270,2006-10-30 14:30:00,586,531.26
XGBoost,4270,2006-10-30 14:45:00,505,564.76
XGBoost,4270,2006-10-30 15:00:00,565,570.22
XGBoost,4270,2006-10-30 15:15:00,573,574.82
XGBoost,4270,2006-10-30 15:30:00,593,610.65
XGBoost,4270,2006-10-30 15:45:00,568,604.5
XGBoost,4270,2006-10-30 16:00:00,665,602.65
XGBoost,4270,2006-10-30 16:15:00,618,652.49
XGBoost,4270,2006-10-30 16:30:00,618,649.52
XGBoost,4270,2006-10-30 16:45:00,595,634.64
XGBoost,4270,2006-10-30 17:00:00,640,644.41
XGBoost,4270,2006-10-30 17:15:00,707,659.0
XGBoost,4270,2006-10-30 17:30:00,750,723.99
XGBoost,4270,2006-10-30 17:45:00,673,747.09
XGBoost,4270,2006-10-30 18:00:00,685,642.52
XGBoost,4270,2006-10-30 18:15:00,651,636.41
XGBoost,4270,2006-10-30 18:30:00,624,616.36
XGBoost,4270,2006-10-30 18:45:00,581,583.64
XGBoost,4270,2006-10-30 19:00:00,498,517.27
XGBoost,4270,2006-10-30 19:15:00,505,451.63
XGBoost,4270,2006-10-30 19:30:00,445,433.96
XGBoost,4270,2006-10-30 19:45:00,382,403.58
XGBoost,4270,2006-10-30 20:00:00,326,359.54
XGBoost,4270,2006-10-30 20:15:00,350,328.08
XGBoost,4270,2006-10-30 20:30:00,373,315.72
XGBoost,4270,2006-10-30 20:45:00,320,355.05
XGBoost,4270,2006-10-30 21:00:00,312,320.8
XGBoost,4270,2006-10-30 21:15:00,289,294.56
XGBoost,4270,2006-10-30 21:30:00,268,282.64
XGBoost,4270,2006-10-30 21:45:00,302,268.48
XGBoost,4270,2006-10-30 22:00:00,251,261.72
XGBoost,4270,2006-10-30 22:15:00,263,242.49
XGBoost,4270,2006-10-30 22:30:00,203,219.63
XGBoost,4270,2006-10-30 22:45:00,181,197.13
XGBoost,4270,2006-10-30 23:00:00,173,167.93
XGBoost,4270,2006-10-30 23:15:00,176,142.67
XGBoost,4270,2006-10-30 23:30:00,105,142.59
XGBoost,4270,2006-10-30 23:45:00,123,103.87
XGBoost,4270,2006-10-31 00:00:00,96,101.69
XGBoost,4270,2006-10-31 00:15:00,79,85.51
XGBoost,4270,2006-10-31 00:30:00,71,65.46
XGBoost,4270,2006-10-31 00:45:00,57,57.82
XGBoost,4270,2006-10-31 01:00:00,45,49.19
XGBoost,4270,2006-10-31 01:15:00,50,40.12
XGBoost,4270,2006-10-31 01:30:00,28,37.25
XGBoost,4270,2006-10-31 01:45:00,38,30.7
XGBoost,4270,2006-10-31 02:00:00,42,33.13
XGBoost,4270,2006-10-31 02:15:00,28,34.75
XGBoost,4270,2006-10-31 02:30:00,30,27.9
XGBoost,4270,2006-10-31 02:45:00,20,27.56
XGBoost,4270,2006-10-31 03:00:00,27,24.41
XGBoost,4270,2006-10-31 03:15:00,30,24.77
XGBoost,4270,2006-10-31 03:30:00,31,26.85
XGBoost,4270,2006-10-31 03:45:00,27,28.63
XGBoost,4270,2006-10-31 04:00:00,26,32.73
XGBoost,4270,2006-10-31 04:15:00,31,31.03
XGBoost,4270,2006-10-31 04:30:00,26,35.65
XGBoost,4270,2006-10-31 04:45:00,51,35.16
XGBoost,4270,2006-10-31 05:00:00,60,59.35
XGBoost,4270,2006-10-31 05:15:00,78,70.35
XGBoost,4270,2006-10-31 05:30:00,127,109.87
XGBoost,4270,2006-10-31 05:45:00,178,165.21
XGBoost,4270,2006-10-31 06:00:00,176,233.33
XGBoost,4270,2006-10-31 06:15:00,267,258.76
XGBoost,4270,2006-10-31 06:30:00,357,361.5
XGBoost,4270,2006-10-31 06:45:00,450,465.05
XGBoost,4270,2006-10-31 07:00:00,506,538.8
XGBoost,4270,2006-10-31 07:15:00,595,600.52
XGBoost,4270,2006-10-31 07:30:00,639,656.43
XGBoost,4270,2006-10-31 07:45:00,644,680.53
XGBoost,4270,2006-10-31 08:00:00,725,680.56
XGBoost,4270,2006-10-31 08:15:00,734,693.27
XGBoost,4270,2006-10-31 08:30:00,737,713.38
XGBoost,4270,2006-10-31 08:45:00,641,673.08
XGBoost,4270,2006-10-31 09:00:00,609,585.95
XGBoost,4270,2006-10-31 09:15:00,551,590.78
XGBoost,4270,2006-10-31 09:30:00,574,537.85
XGBoost,4270,2006-10-31 09:45:00,564,520.41
XGBoost,4270,2006-10-31 10:00:00,485,534.56
XGBoost,4270,2006-10-31 10:15:00,528,509.73
XGBoost,4270,2006-10-31 10:30:00,498,502.77
XGBoost,4270,2006-10-31 10:45:00,538,503.54
XGBoost,4270,2006-10-31 11:00:00,523,511.53
XGBoost,4270,2006-10-31 11:15:00,506,530.88
XGBoost,4270,2006-10-31 11:30:00,540,510.43
XGBoost,4270,2006-10-31 11:45:00,534,525.55
XGBoost,4270,2006-10-31 12:00:00,531,514.24
XGBoost,4270,2006-10-31 12:15:00,522,520.37
XGBoost,4270,2006-10-31 12:30:00,564,528.83
XGBoost,4270,2006-10-31 12:45:00,547,527.02
XGBoost,4270,2006-10-31 13:00:00,489,533.82
XGBoost,4270,2006-10-31 13:15:00,558,519.72
XGBoost,4270,2006-10-31 13:30:00,548,540.36
XGBoost,4270,2006-10-31 13:45:00,558,549.83
XGBoost,4270,2006-10-31 14:00:00,557,554.68
XGBoost,4270,2006-10-31 14:15:00,541,563.39
XGBoost,4270,2006-10-31 14:30:00,559,580.29
XGBoost,4270,2006-10-31 14:45:00,540,554.72
XGBoost,4270,2006-10-31 15:00:00,571,584.58
XGBoost,4270,2006-10-31 15:15:00,574,593.68
XGBoost,4270,2006-10-31 15:30:00,620,605.14
XGBoost,4270,2006-10-31 15:45:00,578,613.44
XGBoost,4270,2006-10-31 16:00:00,605,643.04
XGBoost,4270,2006-10-31 16:15:00,641,623.03
XGBoost,4270,2006-10-31 16:30:00,672,644.95
XGBoost,4270,2006-10-31 16:45:00,645,651.14
XGBoost,4270,2006-10-31 17:00:00,684,665.67
XGBoost,4270,2006-10-31 17:15:00,744,715.35
XGBoost,4270,2006-10-31 17:30:00,704,759.07
XGBoost,4270,2006-10-31 17:45:00,763,714.54
XGBoost,4270,2006-10-31 18:00:00,775,697.72
XGBoost,4270,2006-10-31 18:15:00,704,712.72
XGBoost,4270,2006-10-31 18:30:00,664,666.07
XGBoost,4270,2006-10-31 18:45:00,711,626.09
XGBoost,4270,2006-10-31 19:00:00,533,599.58
XGBoost,4270,2006-10-31 19:15:00,594,527.36
XGBoost,4270,2006-10-31 19:30:00,480,507.12
XGBoost,4270,2006-10-31 19:45:00,482,446.04
XGBoost,4270,2006-10-31 20:00:00,404,424.4
XGBoost,4270,2006-10-31 20:15:00,415,384.15
XGBoost,4270,2006-10-31 20:30:00,365,390.91
XGBoost,4270,2006-10-31 20:45:00,367,352.98
XGBoost,4270,2006-10-31 21:00:00,368,351.79
XGBoost,4270,2006-10-31 21:15:00,377,357.62
XGBoost,4270,2006-10-31 21:30:00,362,340.11
XGBoost,4270,2006-10-31 21:45:00,344,347.65
XGBoost,4270,2006-10-31 22:00:00,350,312.76
XGBoost,4270,2006-10-31 22:15:00,310,315.44
XGBoost,4270,2006-10-31 22:30:00,269,286.41
XGBoost,4270,2006-10-31 22:45:00,247,239.12
XGBoost,4270,2006-10-31 23:00:00,211,215.99
XGBoost,4270,2006-10-31 23:15:00,186,193.45
XGBoost,4270,2006-10-31 23:30:00,130,157.1
XGBoost,4270,2006-10-31 23:45:00,128,121.2
XGBoost,4272,2006-10-27 12:00:00,377,383.41
XGBoost,4272,2006-10-27 12:15:00,399,386.14
XGBoost,4272,2006-10-27 12:30:00,412,381.43
XGBoost,4272,2006-10-27 12:45:00,410,395.47
XGBoost,4272,2006-10-27 13:00:00,376,399.29
XGBoost,4272,2006-10-27 13:15:00,389,388.43
XGBoost,4272,2006-10-27 13:30:00,373,386.69
XGBoost,4272,2006-10-27 13:45:00,355,379.51
XGBoost,4272,2006-10-27 14:00:00,360,374.98
XGBoost,4272,2006-10-27 14:15:00,372,385.64
XGBoost,4272,2006-10-27 14:30:00,374,389.35
XGBoost,4272,2006-10-27 14:45:00,409,392.25
XGBoost,4272,2006-10-27 15:00:00,385,405.18
XGBoost,4272,2006-10-27 15:15:00,401,422.4
XGBoost,4272,2006-10-27 15:30:00,439,446.85
XGBoost,4272,2006-10-27 15:45:00,468,472.0
XGBoost,4272,2006-10-27 16:00:00,491,473.66
XGBoost,4272,2006-10-27 16:15:00,487,504.15
XGBoost,4272,2006-10-27 16:30:00,475,499.26
XGBoost,4272,2006-10-27 16:45:00,510,490.05
XGBoost,4272,2006-10-27 17:00:00,530,531.12
XGBoost,4272,2006-10-27 17:15:00,545,513.43
XGBoost,4272,2006-10-27 17:30:00,568,560.91
XGBoost,4272,2006-10-27 17:45:00,479,580.58
XGBoost,4272,2006-10-27 18:00:00,462,484.64
XGBoost,4272,2006-10-27 18:15:00,488,442.57
XGBoost,4272,2006-10-27 18:30:00,406,450.08
XGBoost,4272,2006-10-27 18:45:00,433,399.5
XGBoost,4272,2006-10-27 19:00:00,381,384.05
XGBoost,4272,2006-10-27 19:15:00,300,356.74
XGBoost,4272,2006-10-27 19:30:00,333,302.21
XGBoost,4272,2006-10-27 19:45:00,270,274.24
XGBoost,4272,2006-10-27 20:00:00,241,252.32
XGBoost,4272,2006-10-27 20:15:00,201,231.08
XGBoost,4272,2006-10-27 20:30:00,231,210.16
XGBoost,4272,2006-10-27 20:45:00,196,211.52
XGBoost,4272,2006-10-27 21:00:00,176,211.22
XGBoost,4272,2006-10-27 21:15:00,204,191.5
XGBoost,4272,2006-10-27 21:30:00,179,198.89
XGBoost,4272,2006-10-27 21:45:00,152,180.45
XGBoost,4272,2006-10-27 22:00:00,155,167.79
XGBoost,4272,2006-10-27 22:15:00,159,158.11
XGBoost,4272,2006-10-27 22:30:00,188,164.42
XGBoost,4272,2006-10-27 22:45:00,173,169.91
XGBoost,4272,2006-10-27 23:00:00,184,158.83
XGBoost,4272,2006-10-27 23:15:00,146,163.92
XGBoost,4272,2006-10-27 23:30:00,131,135.0
XGBoost,4272,2006-10-27 23:45:00,148,120.57
XGBoost,4272,2006-10-28 00:00:00,127,123.03
XGBoost,4272,2006-10-28 00:15:00,111,113.21
XGBoost,4272,2006-10-28 00:30:00,105,98.86
XGBoost,4272,2006-10-28 00:45:00,96,91.45
XGBoost,4272,2006-10-28 01:00:00,77,85.66
XGBoost,4272,2006-10-28 01:15:00,73,70.37
XGBoost,4272,2006-10-28 01:30:00,51,62.42
XGBoost,4272,2006-10-28 01:45:00,53,48.52
XGBoost,4272,2006-10-28 02:00:00,60,47.73
XGBoost,4272,2006-10-28 02:15:00,44,49.3
XGBoost,4272,2006-10-28 02:30:00,35,41.38
XGBoost,4272,2006-10-28 02:45:00,38,33.09
XGBoost,4272,2006-10-28 03:00:00,42,35.75
XGBoost,4272,2006-10-28 03:15:00,23,35.37
XGBoost,4272,2006-10-28 03:30:00,34,26.31
XGBoost,4272,2006-10-28 03:45:00,29,26.17
XGBoost,4272,2006-10-28 04:00:00,26,28.24
XGBoost,4272,2006-10-28 04:15:00,29,25.03
XGBoost,4272,2006-10-28 04:30:00,20,28.81
XGBoost,4272,2006-10-28 04:45:00,27,26.51
XGBoost,4272,2006-10-28 05:00:00,26,30.97
XGBoost,4272,2006-10-28 05:15:00,31,31.96
XGBoost,4272,2006-10-28 05:30:00,29,42.55
XGBoost,4272,2006-10-28 05:45:00,57,45.88
XGBoost,4272,2006-10-28 06:00:00,42,71.47
XGBoost,4272,2006-10-28 06:15:00,73,62.18
XGBoost,4272,2006-10-28 06:30:00,89,88.73
XGBoost,4272,2006-10-28 06:45:00,117,115.83
XGBoost,4272,2006-10-28 07:00:00,108,136.51
XGBoost,4272,2006-10-28 07:15:00,130,127.73
XGBoost,4272,2006-10-28 07:30:00,141,150.92
XGBoost,4272,2006-10-28 07:45:00,192,173.29
XGBoost,4272,2006-10-28 08:00:00,214,217.75
XGBoost,4272,2006-10-28 08:15:00,238,241.86
XGBoost,4272,2006-10-28 08:30:00,271,276.49
XGBoost,4272,2006-10-28 08:45:00,301,304.54
XGBoost,4272,2006-10-28 09:00:00,294,329.33
XGBoost,4272,2006-10-28 09:15:00,316,322.05
XGBoost,4272,2006-10-28 09:30:00,330,336.24
XGBoost,4272,2006-10-28 09:45:00,345,343.5
XGBoost,4272,2006-10-28 10:00:00,380,357.65
XGBoost,4272,2006-10-28 10:15:00,413,384.03
XGBoost,4272,2006-10-28 10:30:00,387,403.36
XGBoost,4272,2006-10-28 10:45:00,409,407.1
XGBoost,4272,2006-10-28 11:00:00,444,392.46
XGBoost,4272,2006-10-28 11:15:00,405,432.5
XGBoost,4272,2006-10-28 11:30:00,475,415.53
XGBoost,4272,2006-10-28 11:45:00,450,456.74
XGBoost,4272,2006-10-28 12:00:00,414,454.15
XGBoost,4272,2006-10-28 12:15:00,459,420.83
XGBoost,4272,2006-10-28 12:30:00,392,441.77
XGBoost,4272,2006-10-28 12:45:00,424,417.42
XGBoost,4272,2006-10-28 13:00:00,431,404.0
XGBoost,4272,2006-10-28 13:15:00,435,424.62
XGBoost,4272,2006-10-28 13:30:00,419,423.37
XGBoost,4272,2006-10-28 13:45:00,393,410.07
XGBoost,4272,2006-10-28 14:00:00,417,387.33
XGBoost,4272,2006-10-28 14:15:00,402,390.27
XGBoost,4272,2006-10-28 14:30:00,414,393.56
XGBoost,4272,2006-10-28 14:45:00,386,397.97
XGBoost,4272,2006-10-28 15:00:00,362,387.3
XGBoost,4272,2006-10-28 15:15:00,379,369.18
XGBoost,4272,2006-10-28 15:30:00,378,380.4
XGBoost,4272,2006-10-28 15:45:00,391,381.04
XGBoost,4272,2006-10-28 16:00:00,426,383.5
XGBoost,4272,2006-10-28 16:15:00,374,417.04
XGBoost,4272,2006-10-28 16:30:00,369,394.01
XGBoost,4272,2006-10-28 16:45:00,356,367.9
XGBoost,4272,2006-10-28 17:00:00,371,362.54
XGBoost,4272,2006-10-28 17:15:00,407,370.56
XGBoost,4272,2006-10-28 17:30:00,342,397.36
XGBoost,4272,2006-10-28 17:45:00,352,363.91
XGBoost,4272,2006-10-28 18:00:00,365,336.55
XGBoost,4272,2006-10-28 18:15:00,329,347.18
XGBoost,4272,2006-10-28 18:30:00,343,327.57
XGBoost,4272,2006-10-28 18:45:00,295,322.49
XGBoost,4272,2006-10-28 19:00:00,328,287.24
XGBoost,4272,2006-10-28 19:15:00,294,275.74
XGBoost,4272,2006-10-28 19:30:00,283,274.84
XGBoost,4272,2006-10-28 19:45:00,274,253.57
XGBoost,4272,2006-10-28 20:00:00,227,247.11
XGBoost,4272,2006-10-28 20:15:00,233,212.84
XGBoost,4272,2006-10-28 20:30:00,182,212.55
XGBoost,4272,2006-10-28 20:45:00,162,185.05
XGBoost,4272,2006-10-28 21:00:00,172,170.58
XGBoost,4272,2006-10-28 21:15:00,205,171.72
XGBoost,4272,2006-10-28 21:30:00,184,187.24
XGBoost,4272,2006-10-28 21:45:00,165,173.38
XGBoost,4272,2006-10-28 22:00:00,159,164.3
XGBoost,4272,2006-10-28 22:15:00,154,160.47
XGBoost,4272,2006-10-28 22:30:00,175,161.3
XGBoost,4272,2006-10-28 22:45:00,182,172.49
XGBoost,4272,2006-10-28 23:00:00,184,180.23
XGBoost,4272,2006-10-28 23:15:00,164,173.45
XGBoost,4272,2006-10-28 23:30:00,145,155.79
XGBoost,4272,2006-10-28 23:45:00,168,149.11
XGBoost,4272,2006-10-29 00:00:00,168,147.46
XGBoost,4272,2006-10-29 00:15:00,152,144.49
XGBoost,4272,2006-10-29 00:30:00,113,135.03
XGBoost,4272,2006-10-29 00:45:00,123,111.32
XGBoost,4272,2006-10-29 01:00:00,102,103.84
XGBoost,4272,2006-10-29 01:15:00,109,94.11
XGBoost,4272,2006-10-29 01:30:00,88,91.41
XGBoost,4272,2006-10-29 01:45:00,0,82.11
XGBoost,4272,2006-10-29 02:00:00,0,45.25
XGBoost,4272,2006-10-29 02:15:00,0,22.49
XGBoost,4272,2006-10-29 02:30:00,0,19.66
XGBoost,4272,2006-10-29 02:45:00,69,15.55
XGBoost,4272,2006-10-29 03:00:00,45,47.01
XGBoost,4272,2006-10-29 03:15:00,58,42.84
XGBoost,4272,2006-10-29 03:30:00,51,46.88
XGBoost,4272,2006-10-29 03:45:00,59,48.28
XGBoost,4272,2006-10-29 04:00:00,46,51.94
XGBoost,4272,2006-10-29 04:15:00,52,48.7
XGBoost,4272,2006-10-29 04:30:00,39,45.04
XGBoost,4272,2006-10-29 04:45:00,40,39.76
XGBoost,4272,2006-10-29 05:00:00,43,42.95
XGBoost,4272,2006-10-29 05:15:00,36,45.65
XGBoost,4272,2006-10-29 05:30:00,42,41.22
XGBoost,4272,2006-10-29 05:45:00,48,51.68
XGBoost,4272,2006-10-29 06:00:00,45,50.25
XGBoost,4272,2006-10-29 06:15:00,60,55.41
XGBoost,4272,2006-10-29 06:30:00,65,71.22
XGBoost,4272,2006-10-29 06:45:00,64,77.12
XGBoost,4272,2006-10-29 07:00:00,61,71.63
XGBoost,4272,2006-10-29 07:15:00,68,72.54
XGBoost,4272,2006-10-29 07:30:00,88,74.73
XGBoost,4272,2006-10-29 07:45:00,98,92.71
XGBoost,4272,2006-10-29 08:00:00,84,113.11
XGBoost,4272,2006-10-29 08:15:00,123,95.14
XGBoost,4272,2006-10-29 08:30:00,124,134.49
XGBoost,4272,2006-10-29 08:45:00,186,141.49
XGBoost,4272,2006-10-29 09:00:00,147,191.27
XGBoost,4272,2006-10-29 09:15:00,194,180.95
XGBoost,4272,2006-10-29 09:30:00,219,198.98
XGBoost,4272,2006-10-29 09:45:00,236,237.3
XGBoost,4272,2006-10-29 10:00:00,216,259.04
XGBoost,4272,2006-10-29 10:15:00,247,249.6
XGBoost,4272,2006-10-29 10:30:00,248,273.68
XGBoost,4272,2006-10-29 10:45:00,258,269.11
XGBoost,4272,2006-10-29 11:00:00,280,290.66
XGBoost,4272,2006-10-29 11:15:00,245,295.31
XGBoost,4272,2006-10-29 11:30:00,302,282.61
XGBoost,4272,2006-10-29 11:45:00,327,321.29
XGBoost,4272,2006-10-29 12:00:00,321,326.76
XGBoost,4272,2006-10-29 12:15:00,331,337.04
XGBoost,4272,2006-10-29 12:30:00,383,329.0
XGBoost,4272,2006-10-29 12:45:00,331,368.65
XGBoost,4272,2006-10-29 13:00:00,372,344.66
XGBoost,4272,2006-10-29 13:15:00,311,357.48
XGBoost,4272,2006-10-29 13:30:00,332,330.06
XGBoost,4272,2006-10-29 13:45:00,332,322.53
XGBoost,4272,2006-10-29 14:00:00,340,330.6
XGBoost,4272,2006-10-29 14:15:00,327,336.38
XGBoost,4272,2006-10-29 14:30:00,315,331.64
XGBoost,4272,2006-10-29 14:45:00,292,324.42
XGBoost,4272,2006-10-29 15:00:00,311,303.74
XGBoost,4272,2006-10-29 15:15:00,313,317.75
XGBoost,4272,2006-10-29 15:30:00,329,317.84
XGBoost,4272,2006-10-29 15:45:00,342,324.85
XGBoost,4272,2006-10-29 16:00:00,325,342.6
XGBoost,4272,2006-10-29 16:15:00,317,330.62
XGBoost,4272,2006-10-29 16:30:00,349,320.42
XGBoost,4272,2006-10-29 16:45:00,309,337.27
XGBoost,4272,2006-10-29 17:00:00,316,322.62
XGBoost,4272,2006-10-29 17:15:00,293,318.02
XGBoost,4272,2006-10-29 17:30:00,294,304.24
XGBoost,4272,2006-10-29 17:45:00,334,303.75
XGBoost,4272,2006-10-29 18:00:00,262,294.1
XGBoost,4272,2006-10-29 18:15:00,303,260.58
XGBoost,4272,2006-10-29 18:30:00,268,271.41
XGBoost,4272,2006-10-29 18:45:00,250,256.39
XGBoost,4272,2006-10-29 19:00:00,254,223.35
XGBoost,4272,2006-10-29 19:15:00,197,218.95
XGBoost,4272,2006-10-29 19:30:00,202,193.4
XGBoost,4272,2006-10-29 19:45:00,180,189.61
XGBoost,4272,2006-10-29 20:00:00,191,179.66
XGBoost,4272,2006-10-29 20:15:00,159,180.98
XGBoost,4272,2006-10-29 20:30:00,187,162.15
XGBoost,4272,2006-10-29 20:45:00,161,167.14
XGBoost,4272,2006-10-29 21:00:00,189,160.73
XGBoost,4272,2006-10-29 21:15:00,169,170.54
XGBoost,4272,2006-10-29 21:30:00,154,164.42
XGBoost,4272,2006-10-29 21:45:00,122,150.16
XGBoost,4272,2006-10-29 22:00:00,142,124.54
XGBoost,4272,2006-10-29 22:15:00,118,120.44
XGBoost,4272,2006-10-29 22:30:00,101,112.89
XGBoost,4272,2006-10-29 22:45:00,93,95.37
XGBoost,4272,2006-10-29 23:00:00,95,80.44
XGBoost,4272,2006-10-29 23:15:00,73,82.48
XGBoost,4272,2006-10-29 23:30:00,58,67.04
XGBoost,4272,2006-10-29 23:45:00,60,56.02
XGBoost,4272,2006-10-30 00:00:00,62,47.55
XGBoost,4272,2006-10-30 00:15:00,52,49.64
XGBoost,4272,2006-10-30 00:30:00,37,44.13
XGBoost,4272,2006-10-30 00:45:00,32,32.83
XGBoost,4272,2006-10-30 01:00:00,41,29.66
XGBoost,4272,2006-10-30 01:15:00,29,32.32
XGBoost,4272,2006-10-30 01:30:00,16,26.96
XGBoost,4272,2006-10-30 01:45:00,27,15.51
XGBoost,4272,2006-10-30 02:00:00,20,19.51
XGBoost,4272,2006-10-30 02:15:00,15,18.26
XGBoost,4272,2006-10-30 02:30:00,14,13.21
XGBoost,4272,2006-10-30 02:45:00,20,15.37
XGBoost,4272,2006-10-30 03:00:00,21,17.87
XGBoost,4272,2006-10-30 03:15:00,20,19.03
XGBoost,4272,2006-10-30 03:30:00,14,19.37
XGBoost,4272,2006-10-30 03:45:00,16,17.16
XGBoost,4272,2006-10-30 04:00:00,30,24.85
XGBoost,4272,2006-10-30 04:15:00,17,33.97
XGBoost,4272,2006-10-30 04:30:00,20,27.81
XGBoost,4272,2006-10-30 04:45:00,29,26.76
XGBoost,4272,2006-10-30 05:00:00,13,38.37
XGBoost,4272,2006-10-30 05:15:00,30,30.79
XGBoost,4272,2006-10-30 05:30:00,56,38.0
XGBoost,4272,2006-10-30 05:45:00,80,64.78
XGBoost,4272,2006-10-30 06:00:00,110,96.28
XGBoost,4272,2006-10-30 06:15:00,149,149.82
XGBoost,4272,2006-10-30 06:30:00,204,199.79
XGBoost,4272,2006-10-30 06:45:00,236,275.02
XGBoost,4272,2006-10-30 07:00:00,311,316.46
XGBoost,4272,2006-10-30 07:15:00,387,372.35
XGBoost,4272,2006-10-30 07:30:00,470,470.81
XGBoost,4272,2006-10-30 07:45:00,534,559.46
XGBoost,4272,2006-10-30 08:00:00,569,554.78
XGBoost,4272,2006-10-30 08:15:00,569,580.17
XGBoost,4272,2006-10-30 08:30:00,566,553.08
XGBoost,4272,2006-10-30 08:45:00,547,533.52
XGBoost,4272,2006-10-30 09:00:00,444,464.93
XGBoost,4272,2006-10-30 09:15:00,414,415.86
XGBoost,4272,2006-10-30 09:30:00,374,383.41
XGBoost,4272,2006-10-30 09:45:00,344,350.82
XGBoost,4272,2006-10-30 10:00:00,294,315.05
XGBoost,4272,2006-10-30 10:15:00,327,299.24
XGBoost,4272,2006-10-30 10:30:00,337,308.38
XGBoost,4272,2006-10-30 10:45:00,363,316.41
XGBoost,4272,2006-10-30 11:00:00,316,335.76
XGBoost,4272,2006-10-30 11:15:00,344,313.45
XGBoost,4272,2006-10-30 11:30:00,375,329.22
XGBoost,4272,2006-10-30 11:45:00,319,360.95
XGBoost,4272,2006-10-30 12:00:00,366,333.13
XGBoost,4272,2006-10-30 12:15:00,351,346.84
XGBoost,4272,2006-10-30 12:30:00,388,362.0
XGBoost,4272,2006-10-30 12:45:00,374,364.42
XGBoost,4272,2006-10-30 13:00:00,356,376.58
XGBoost,4272,2006-10-30 13:15:00,333,342.57
XGBoost,4272,2006-10-30 13:30:00,361,340.68
XGBoost,4272,2006-10-30 13:45:00,362,346.53
XGBoost,4272,2006-10-30 14:00:00,330,371.28
XGBoost,4272,2006-10-30 14:15:00,341,352.92
XGBoost,4272,2006-10-30 14:30:00,372,341.4
XGBoost,4272,2006-10-30 14:45:00,396,364.38
XGBoost,4272,2006-10-30 15:00:00,404,399.12
XGBoost,4272,2006-10-30 15:15:00,429,410.25
XGBoost,4272,2006-10-30 15:30:00,429,444.63
XGBoost,4272,2006-10-30 15:45:00,443,457.72
XGBoost,4272,2006-10-30 16:00:00,434,455.77
XGBoost,4272,2006-10-30 16:15:00,494,446.4
XGBoost,4272,2006-10-30 16:30:00,480,485.65
XGBoost,4272,2006-10-30 16:45:00,475,490.77
XGBoost,4272,2006-10-30 17:00:00,485,496.15
XGBoost,4272,2006-10-30 17:15:00,499,499.14
XGBoost,4272,2006-10-30 17:30:00,548,500.92
XGBoost,4272,2006-10-30 17:45:00,486,539.14
XGBoost,4272,2006-10-30 18:00:00,467,458.66
XGBoost,4272,2006-10-30 18:15:00,506,432.48
XGBoost,4272,2006-10-30 18:30:00,414,454.37
XGBoost,4272,2006-10-30 18:45:00,376,396.89
XGBoost,4272,2006-10-30 19:00:00,335,333.2
XGBoost,4272,2006-10-30 19:15:00,303,290.97
XGBoost,4272,2006-10-30 19:30:00,297,270.88
XGBoost,4272,2006-10-30 19:45:00,227,262.31
XGBoost,4272,2006-10-30 20:00:00,186,226.65
XGBoost,4272,2006-10-30 20:15:00,201,186.07
XGBoost,4272,2006-10-30 20:30:00,176,193.91
XGBoost,4272,2006-10-30 20:45:00,198,173.21
XGBoost,4272,2006-10-30 21:00:00,182,191.94
XGBoost,4272,2006-10-30 21:15:00,157,177.38
XGBoost,4272,2006-10-30 21:30:00,154,160.02
XGBoost,4272,2006-10-30 21:45:00,142,141.94
XGBoost,4272,2006-10-30 22:00:00,158,134.51
XGBoost,4272,2006-10-30 22:15:00,123,136.72
XGBoost,4272,2006-10-30 22:30:00,123,113.54
XGBoost,4272,2006-10-30 22:45:00,101,108.11
XGBoost,4272,2006-10-30 23:00:00,99,89.37
XGBoost,4272,2006-10-30 23:15:00,86,77.52
XGBoost,4272,2006-10-30 23:30:00,49,68.69
XGBoost,4272,2006-10-30 23:45:00,66,52.25
XGBoost,4272,2006-10-31 00:00:00,53,47.06
XGBoost,4272,2006-10-31 00:15:00,43,46.38
XGBoost,4272,2006-10-31 00:30:00,28,36.47
XGBoost,4272,2006-10-31 00:45:00,30,28.24
XGBoost,4272,2006-10-31 01:00:00,18,26.6
XGBoost,4272,2006-10-31 01:15:00,19,20.23
XGBoost,4272,2006-10-31 01:30:00,11,15.78
XGBoost,4272,2006-10-31 01:45:00,12,14.93
XGBoost,4272,2006-10-31 02:00:00,10,12.81
XGBoost,4272,2006-10-31 02:15:00,15,10.97
XGBoost,4272,2006-10-31 02:30:00,19,10.82
XGBoost,4272,2006-10-31 02:45:00,12,14.3
XGBoost,4272,2006-10-31 03:00:00,17,13.85
XGBoost,4272,2006-10-31 03:15:00,18,15.2
XGBoost,4272,2006-10-31 03:30:00,14,15.55
XGBoost,4272,2006-10-31 03:45:00,11,14.29
XGBoost,4272,2006-10-31 04:00:00,13,20.39
XGBoost,4272,2006-10-31 04:15:00,18,16.53
XGBoost,4272,2006-10-31 04:30:00,14,18.89
XGBoost,4272,2006-10-31 04:45:00,22,20.48
XGBoost,4272,2006-10-31 05:00:00,38,27.64
XGBoost,4272,2006-10-31 05:15:00,36,45.28
XGBoost,4272,2006-10-31 05:30:00,61,53.14
XGBoost,4272,2006-10-31 05:45:00,95,83.76
XGBoost,4272,2006-10-31 06:00:00,112,134.36
XGBoost,4272,2006-10-31 06:15:00,159,166.26
XGBoost,4272,2006-10-31 06:30:00,212,224.7
XGBoost,4272,2006-10-31 06:45:00,260,287.93
XGBoost,4272,2006-10-31 07:00:00,325,323.47
XGBoost,4272,2006-10-31 07:15:00,396,401.56
XGBoost,4272,2006-10-31 07:30:00,480,480.65
XGBoost,4272,2006-10-31 07:45:00,528,545.15
XGBoost,4272,2006-10-31 08:00:00,581,549.54
XGBoost,4272,2006-10-31 08:15:00,590,565.95
XGBoost,4272,2006-10-31 08:30:00,585,581.26
XGBoost,4272,2006-10-31 08:45:00,475,562.99
XGBoost,4272,2006-10-31 09:00:00,469,441.54
XGBoost,4272,2006-10-31 09:15:00,439,427.82
XGBoost,4272,2006-10-31 09:30:00,414,418.04
XGBoost,4272,2006-10-31 09:45:00,382,394.09
XGBoost,4272,2006-10-31 10:00:00,356,365.0
XGBoost,4272,2006-10-31 10:15:00,359,355.68
XGBoost,4272,2006-10-31 10:30:00,373,353.63
XGBoost,4272,2006-10-31 10:45:00,362,367.92
XGBoost,4272,2006-10-31 11:00:00,343,349.56
XGBoost,4272,2006-10-31 11:15:00,349,353.19
XGBoost,4272,2006-10-31 11:30:00,354,361.29
XGBoost,4272,2006-10-31 11:45:00,395,340.34
XGBoost,4272,2006-10-31 12:00:00,401,376.03
XGBoost,4272,2006-10-31 12:15:00,388,381.88
XGBoost,4272,2006-10-31 12:30:00,356,392.55
XGBoost,4272,2006-10-31 12:45:00,382,370.79
XGBoost,4272,2006-10-31 13:00:00,333,370.45
XGBoost,4272,2006-10-31 13:15:00,406,350.14
XGBoost,4272,2006-10-31 13:30:00,414,370.04
XGBoost,4272,2006-10-31 13:45:00,366,395.93
XGBoost,4272,2006-10-31 14:00:00,358,381.62
XGBoost,4272,2006-10-31 14:15:00,398,371.93
XGBoost,4272,2006-10-31 14:30:00,380,392.99
XGBoost,4272,2006-10-31 14:45:00,413,407.48
XGBoost,4272,2006-10-31 15:00:00,427,420.74
XGBoost,4272,2006-10-31 15:15:00,416,442.95
XGBoost,4272,2006-10-31 15:30:00,415,448.74
XGBoost,4272,2006-10-31 15:45:00,457,448.74
XGBoost,4272,2006-10-31 16:00:00,471,451.3
XGBoost,4272,2006-10-31 16:15:00,507,489.06
XGBoost,4272,2006-10-31 16:30:00,496,506.57
XGBoost,4272,2006-10-31 16:45:00,492,503.6
XGBoost,4272,2006-10-31 17:00:00,461,501.49
XGBoost,4272,2006-10-31 17:15:00,572,502.97
XGBoost,4272,2006-10-31 17:30:00,556,545.98
XGBoost,4272,2006-10-31 17:45:00,573,543.94
XGBoost,4272,2006-10-31 18:00:00,533,511.3
XGBoost,4272,2006-10-31 18:15:00,487,520.77
XGBoost,4272,2006-10-31 18:30:00,435,460.38
XGBoost,4272,2006-10-31 18:45:00,460,415.98
XGBoost,4272,2006-10-31 19:00:00,340,395.07
XGBoost,4272,2006-10-31 19:15:00,339,321.54
XGBoost,4272,2006-10-31 19:30:00,311,302.09
XGBoost,4272,2006-10-31 19:45:00,285,276.06
XGBoost,4272,2006-10-31 20:00:00,255,256.17
XGBoost,4272,2006-10-31 20:15:00,232,238.39
XGBoost,4272,2006-10-31 20:30:00,200,211.99
XGBoost,4272,2006-10-31 20:45:00,208,206.61
XGBoost,4272,2006-10-31 21:00:00,209,202.36
XGBoost,4272,2006-10-31 21:15:00,226,191.2
XGBoost,4272,2006-10-31 21:30:00,175,199.42
XGBoost,4272,2006-10-31 21:45:00,194,169.27
XGBoost,4272,2006-10-31 22:00:00,190,172.91
XGBoost,4272,2006-10-31 22:15:00,166,165.23
XGBoost,4272,2006-10-31 22:30:00,122,150.73
XGBoost,4272,2006-10-31 22:45:00,114,117.51
XGBoost,4272,2006-10-31 23:00:00,99,99.02
XGBoost,4272,2006-10-31 23:15:00,98,85.31
XGBoost,4272,2006-10-31 23:30:00,64,78.01
XGBoost,4272,2006-10-31 23:45:00,59,60.3
XGBoost,4273,2006-10-27 12:00:00,368,314.4
XGBoost,4273,2006-10-27 12:15:00,365,336.68
XGBoost,4273,2006-10-27 12:30:00,349,357.7
XGBoost,4273,2006-10-27 12:45:00,288,337.76
XGBoost,4273,2006-10-27 13:00:00,324,322.65
XGBoost,4273,2006-10-27 13:15:00,309,312.64
XGBoost,4273,2006-10-27 13:30:00,373,300.85
XGBoost,4273,2006-10-27 13:45:00,347,342.25
XGBoost,4273,2006-10-27 14:00:00,353,352.81
XGBoost,4273,2006-10-27 14:15:00,318,341.49
XGBoost,4273,2006-10-27 14:30:00,267,336.83
XGBoost,4273,2006-10-27 14:45:00,365,319.84
XGBoost,4273,2006-10-27 15:00:00,353,364.29
XGBoost,4273,2006-10-27 15:15:00,348,368.4
XGBoost,4273,2006-10-27 15:30:00,365,373.52
XGBoost,4273,2006-10-27 15:45:00,370,389.07
XGBoost,4273,2006-10-27 16:00:00,435,386.65
XGBoost,4273,2006-10-27 16:15:00,425,414.21
XGBoost,4273,2006-10-27 16:30:00,435,451.22
XGBoost,4273,2006-10-27 16:45:00,468,457.66
XGBoost,4273,2006-10-27 17:00:00,511,474.19
XGBoost,4273,2006-10-27 17:15:00,511,510.74
XGBoost,4273,2006-10-27 17:30:00,510,510.3
XGBoost,4273,2006-10-27 17:45:00,441,508.15
XGBoost,4273,2006-10-27 18:00:00,435,419.13
XGBoost,4273,2006-10-27 18:15:00,368,402.36
XGBoost,4273,2006-10-27 18:30:00,286,363.56
XGBoost,4273,2006-10-27 18:45:00,330,296.21
XGBoost,4273,2006-10-27 19:00:00,247,293.88
XGBoost,4273,2006-10-27 19:15:00,265,247.22
XGBoost,4273,2006-10-27 19:30:00,261,232.84
XGBoost,4273,2006-10-27 19:45:00,222,217.95
XGBoost,4273,2006-10-27 20:00:00,178,199.66
XGBoost,4273,2006-10-27 20:15:00,119,177.73
XGBoost,4273,2006-10-27 20:30:00,149,130.21
XGBoost,4273,2006-10-27 20:45:00,140,130.69
XGBoost,4273,2006-10-27 21:00:00,131,137.33
XGBoost,4273,2006-10-27 21:15:00,120,129.62
XGBoost,4273,2006-10-27 21:30:00,138,130.91
XGBoost,4273,2006-10-27 21:45:00,128,139.1
XGBoost,4273,2006-10-27 22:00:00,137,132.65
XGBoost,4273,2006-10-27 22:15:00,131,127.96
XGBoost,4273,2006-10-27 22:30:00,114,123.61
XGBoost,4273,2006-10-27 22:45:00,119,107.04
XGBoost,4273,2006-10-27 23:00:00,97,104.3
XGBoost,4273,2006-10-27 23:15:00,93,88.1
XGBoost,4273,2006-10-27 23:30:00,105,81.0
XGBoost,4273,2006-10-27 23:45:00,97,86.49
XGBoost,4273,2006-10-28 00:00:00,61,85.17
XGBoost,4273,2006-10-28 00:15:00,72,60.99
XGBoost,4273,2006-10-28 00:30:00,46,57.59
XGBoost,4273,2006-10-28 00:45:00,46,46.16
XGBoost,4273,2006-10-28 01:00:00,57,38.23
XGBoost,4273,2006-10-28 01:15:00,44,45.14
XGBoost,4273,2006-10-28 01:30:00,28,39.5
XGBoost,4273,2006-10-28 01:45:00,19,30.08
XGBoost,4273,2006-10-28 02:00:00,28,22.41
XGBoost,4273,2006-10-28 02:15:00,29,22.54
XGBoost,4273,2006-10-28 02:30:00,28,23.28
XGBoost,4273,2006-10-28 02:45:00,29,24.61
XGBoost,4273,2006-10-28 03:00:00,17,24.32
XGBoost,4273,2006-10-28 03:15:00,15,19.97
XGBoost,4273,2006-10-28 03:30:00,19,15.21
XGBoost,4273,2006-10-28 03:45:00,28,15.43
XGBoost,4273,2006-10-28 04:00:00,24,23.64
XGBoost,4273,2006-10-28 04:15:00,19,23.0
XGBoost,4273,2006-10-28 04:30:00,26,23.29
XGBoost,4273,2006-10-28 04:45:00,25,25.52
XGBoost,4273,2006-10-28 05:00:00,27,32.85
XGBoost,4273,2006-10-28 05:15:00,43,36.03
XGBoost,4273,2006-10-28 05:30:00,54,56.64
XGBoost,4273,2006-10-28 05:45:00,65,70.15
XGBoost,4273,2006-10-28 06:00:00,58,82.23
XGBoost,4273,2006-10-28 06:15:00,94,87.96
XGBoost,4273,2006-10-28 06:30:00,127,118.52
XGBoost,4273,2006-10-28 06:45:00,110,155.55
XGBoost,4273,2006-10-28 07:00:00,87,134.66
XGBoost,4273,2006-10-28 07:15:00,124,119.53
XGBoost,4273,2006-10-28 07:30:00,149,156.94
XGBoost,4273,2006-10-28 07:45:00,172,178.43
XGBoost,4273,2006-10-28 08:00:00,176,197.78
XGBoost,4273,2006-10-28 08:15:00,224,208.61
XGBoost,4273,2006-10-28 08:30:00,204,251.89
XGBoost,4273,2006-10-28 08:45:00,255,254.71
XGBoost,4273,2006-10-28 09:00:00,254,279.52
XGBoost,4273,2006-10-28 09:15:00,281,289.76
XGBoost,4273,2006-10-28 09:30:00,308,309.22
XGBoost,4273,2006-10-28 09:45:00,290,327.63
XGBoost,4273,2006-10-28 10:00:00,273,311.95
XGBoost,4273,2006-10-28 10:15:00,259,297.52
XGBoost,4273,2006-10-28 10:30:00,332,283.72
XGBoost,4273,2006-10-28 10:45:00,337,311.84
XGBoost,4273,2006-10-28 11:00:00,291,345.04
XGBoost,4273,2006-10-28 11:15:00,317,321.75
XGBoost,4273,2006-10-28 11:30:00,349,324.65
XGBoost,4273,2006-10-28 11:45:00,347,332.72
XGBoost,4273,2006-10-28 12:00:00,326,359.6
XGBoost,4273,2006-10-28 12:15:00,349,345.86
XGBoost,4273,2006-10-28 12:30:00,323,351.03
XGBoost,4273,2006-10-28 12:45:00,335,322.18
XGBoost,4273,2006-10-28 13:00:00,298,327.53
XGBoost,4273,2006-10-28 13:15:00,312,310.05
XGBoost,4273,2006-10-28 13:30:00,340,323.1
XGBoost,4273,2006-10-28 13:45:00,281,334.5
XGBoost,4273,2006-10-28 14:00:00,236,310.08
XGBoost,4273,2006-10-28 14:15:00,305,253.38
XGBoost,4273,2006-10-28 14:30:00,294,283.28
XGBoost,4273,2006-10-28 14:45:00,277,311.88
XGBoost,4273,2006-10-28 15:00:00,288,296.29
XGBoost,4273,2006-10-28 15:15:00,249,298.55
XGBoost,4273,2006-10-28 15:30:00,253,267.59
XGBoost,4273,2006-10-28 15:45:00,233,268.34
XGBoost,4273,2006-10-28 16:00:00,299,262.36
XGBoost,4273,2006-10-28 16:15:00,265,307.72
XGBoost,4273,2006-10-28 16:30:00,294,290.46
XGBoost,4273,2006-10-28 16:45:00,239,309.38
XGBoost,4273,2006-10-28 17:00:00,243,270.04
XGBoost,4273,2006-10-28 17:15:00,268,263.01
XGBoost,4273,2006-10-28 17:30:00,302,288.38
XGBoost,4273,2006-10-28 17:45:00,262,315.09
XGBoost,4273,2006-10-28 18:00:00,258,276.02
XGBoost,4273,2006-10-28 18:15:00,269,258.34
XGBoost,4273,2006-10-28 18:30:00,308,248.3
XGBoost,4273,2006-10-28 18:45:00,254,282.49
XGBoost,4273,2006-10-28 19:00:00,291,230.97
XGBoost,4273,2006-10-28 19:15:00,253,239.88
XGBoost,4273,2006-10-28 19:30:00,204,230.86
XGBoost,4273,2006-10-28 19:45:00,152,190.59
XGBoost,4273,2006-10-28 20:00:00,152,165.75
XGBoost,4273,2006-10-28 20:15:00,166,133.72
XGBoost,4273,2006-10-28 20:30:00,154,153.64
XGBoost,4273,2006-10-28 20:45:00,152,138.51
XGBoost,4273,2006-10-28 21:00:00,121,141.04
XGBoost,4273,2006-10-28 21:15:00,115,124.72
XGBoost,4273,2006-10-28 21:30:00,140,116.43
XGBoost,4273,2006-10-28 21:45:00,150,127.43
XGBoost,4273,2006-10-28 22:00:00,133,142.34
XGBoost,4273,2006-10-28 22:15:00,130,140.61
XGBoost,4273,2006-10-28 22:30:00,135,123.86
XGBoost,4273,2006-10-28 22:45:00,135,131.35
XGBoost,4273,2006-10-28 23:00:00,146,125.19
XGBoost,4273,2006-10-28 23:15:00,134,129.98
XGBoost,4273,2006-10-28 23:30:00,108,128.85
XGBoost,4273,2006-10-28 23:45:00,95,104.81
XGBoost,4273,2006-10-29 00:00:00,101,88.09
XGBoost,4273,2006-10-29 00:15:00,99,88.95
XGBoost,4273,2006-10-29 00:30:00,82,85.4
XGBoost,4273,2006-10-29 00:45:00,62,73.31
XGBoost,4273,2006-10-29 01:00:00,79,62.34
XGBoost,4273,2006-10-29 01:15:00,38,64.99
XGBoost,4273,2006-10-29 01:30:00,60,44.93
XGBoost,4273,2006-10-29 01:45:00,0,43.47
XGBoost,4273,2006-10-29 02:00:00,0,29.2
XGBoost,4273,2006-10-29 02:15:00,0,18.34
XGBoost,4273,2006-10-29 02:30:00,0,15.75
XGBoost,4273,2006-10-29 02:45:00,41,11.37
XGBoost,4273,2006-10-29 03:00:00,43,24.88
XGBoost,4273,2006-10-29 03:15:00,31,31.61
XGBoost,4273,2006-10-29 03:30:00,37,27.08
XGBoost,4273,2006-10-29 03:45:00,46,31.69
XGBoost,4273,2006-10-29 04:00:00,29,40.05
XGBoost,4273,2006-10-29 04:15:00,33,29.15
XGBoost,4273,2006-10-29 04:30:00,43,33.32
XGBoost,4273,2006-10-29 04:45:00,32,36.93
XGBoost,4273,2006-10-29 05:00:00,42,39.87
XGBoost,4273,2006-10-29 05:15:00,36,43.99
XGBoost,4273,2006-10-29 05:30:00,32,46.92
XGBoost,4273,2006-10-29 05:45:00,14,45.13
XGBoost,4273,2006-10-29 06:00:00,40,31.85
XGBoost,4273,2006-10-29 06:15:00,45,51.06
XGBoost,4273,2006-10-29 06:30:00,75,57.82
XGBoost,4273,2006-10-29 06:45:00,65,80.71
XGBoost,4273,2006-10-29 07:00:00,49,72.63
XGBoost,4273,2006-10-29 07:15:00,65,60.03
XGBoost,4273,2006-10-29 07:30:00,80,70.87
XGBoost,4273,2006-10-29 07:45:00,90,86.12
XGBoost,4273,2006-10-29 08:00:00,91,99.49
XGBoost,4273,2006-10-29 08:15:00,100,107.1
XGBoost,4273,2006-10-29 08:30:00,114,110.46
XGBoost,4273,2006-10-29 08:45:00,158,127.67
XGBoost,4273,2006-10-29 09:00:00,120,171.19
XGBoost,4273,2006-10-29 09:15:00,138,149.45
XGBoost,4273,2006-10-29 09:30:00,197,156.54
XGBoost,4273,2006-10-29 09:45:00,215,209.38
XGBoost,4273,2006-10-29 10:00:00,159,223.24
XGBoost,4273,2006-10-29 10:15:00,219,187.94
XGBoost,4273,2006-10-29 10:30:00,240,222.08
XGBoost,4273,2006-10-29 10:45:00,222,257.27
XGBoost,4273,2006-10-29 11:00:00,146,235.29
XGBoost,4273,2006-10-29 11:15:00,250,181.24
XGBoost,4273,2006-10-29 11:30:00,197,238.38
XGBoost,4273,2006-10-29 11:45:00,180,234.4
XGBoost,4273,2006-10-29 12:00:00,265,206.48
XGBoost,4273,2006-10-29 12:15:00,309,262.57
XGBoost,4273,2006-10-29 12:30:00,294,303.76
XGBoost,4273,2006-10-29 12:45:00,283,304.33
XGBoost,4273,2006-10-29 13:00:00,311,290.45
XGBoost,4273,2006-10-29 13:15:00,280,291.15
XGBoost,4273,2006-10-29 13:30:00,245,292.94
XGBoost,4273,2006-10-29 13:45:00,249,247.34
XGBoost,4273,2006-10-29 14:00:00,251,231.58
XGBoost,4273,2006-10-29 14:15:00,274,247.94
XGBoost,4273,2006-10-29 14:30:00,232,275.82
XGBoost,4273,2006-10-29 14:45:00,223,231.36
XGBoost,4273,2006-10-29 15:00:00,199,231.43
XGBoost,4273,2006-10-29 15:15:00,233,209.28
XGBoost,4273,2006-10-29 15:30:00,226,221.01
XGBoost,4273,2006-10-29 15:45:00,246,215.35
XGBoost,4273,2006-10-29 16:00:00,233,239.92
XGBoost,4273,2006-10-29 16:15:00,253,227.9
XGBoost,4273,2006-10-29 16:30:00,247,242.8
XGBoost,4273,2006-10-29 16:45:00,249,233.29
XGBoost,4273,2006-10-29 17:00:00,270,233.35
XGBoost,4273,2006-10-29 17:15:00,252,258.6
XGBoost,4273,2006-10-29 17:30:00,268,242.55
XGBoost,4273,2006-10-29 17:45:00,285,251.7
XGBoost,4273,2006-10-29 18:00:00,248,243.93
XGBoost,4273,2006-10-29 18:15:00,238,229.3
XGBoost,4273,2006-10-29 18:30:00,222,220.48
XGBoost,4273,2006-10-29 18:45:00,217,206.23
XGBoost,4273,2006-10-29 19:00:00,187,199.68
XGBoost,4273,2006-10-29 19:15:00,162,181.76
XGBoost,4273,2006-10-29 19:30:00,148,154.95
XGBoost,4273,2006-10-29 19:45:00,168,133.14
XGBoost,4273,2006-10-29 20:00:00,153,152.03
XGBoost,4273,2006-10-29 20:15:00,131,148.37
XGBoost,4273,2006-10-29 20:30:00,140,136.2
XGBoost,4273,2006-10-29 20:45:00,116,129.78
XGBoost,4273,2006-10-29 21:00:00,143,114.5
XGBoost,4273,2006-10-29 21:15:00,120,121.03
XGBoost,4273,2006-10-29 21:30:00,129,123.19
XGBoost,4273,2006-10-29 21:45:00,102,120.58
XGBoost,4273,2006-10-29 22:00:00,104,101.55
XGBoost,4273,2006-10-29 22:15:00,107,95.26
XGBoost,4273,2006-10-29 22:30:00,96,96.58
XGBoost,4273,2006-10-29 22:45:00,83,91.5
XGBoost,4273,2006-10-29 23:00:00,45,74.18
XGBoost,4273,2006-10-29 23:15:00,57,53.38
XGBoost,4273,2006-10-29 23:30:00,44,53.01
XGBoost,4273,2006-10-29 23:45:00,33,45.3
XGBoost,4273,2006-10-30 00:00:00,32,30.49
XGBoost,4273,2006-10-30 00:15:00,31,29.14
XGBoost,4273,2006-10-30 00:30:00,28,26.84
XGBoost,4273,2006-10-30 00:45:00,25,25.12
XGBoost,4273,2006-10-30 01:00:00,19,21.84
XGBoost,4273,2006-10-30 01:15:00,13,18.37
XGBoost,4273,2006-10-30 01:30:00,14,14.64
XGBoost,4273,2006-10-30 01:45:00,18,10.96
XGBoost,4273,2006-10-30 02:00:00,8,12.31
XGBoost,4273,2006-10-30 02:15:00,10,10.36
XGBoost,4273,2006-10-30 02:30:00,6,9.54
XGBoost,4273,2006-10-30 02:45:00,13,11.48
XGBoost,4273,2006-10-30 03:00:00,11,12.02
XGBoost,4273,2006-10-30 03:15:00,12,11.71
XGBoost,4273,2006-10-30 03:30:00,11,11.63
XGBoost,4273,2006-10-30 03:45:00,12,12.66
XGBoost,4273,2006-10-30 04:00:00,17,17.96
XGBoost,4273,2006-10-30 04:15:00,17,20.63
XGBoost,4273,2006-10-30 04:30:00,21,22.25
XGBoost,4273,2006-10-30 04:45:00,31,24.84
XGBoost,4273,2006-10-30 05:00:00,48,40.79
XGBoost,4273,2006-10-30 05:15:00,60,55.07
XGBoost,4273,2006-10-30 05:30:00,108,67.02
XGBoost,4273,2006-10-30 05:45:00,110,119.98
XGBoost,4273,2006-10-30 06:00:00,144,171.6
XGBoost,4273,2006-10-30 06:15:00,228,196.05
XGBoost,4273,2006-10-30 06:30:00,306,304.15
XGBoost,4273,2006-10-30 06:45:00,312,384.41
XGBoost,4273,2006-10-30 07:00:00,436,388.26
XGBoost,4273,2006-10-30 07:15:00,502,491.57
XGBoost,4273,2006-10-30 07:30:00,589,581.53
XGBoost,4273,2006-10-30 07:45:00,547,642.19
XGBoost,4273,2006-10-30 08:00:00,588,575.79
XGBoost,4273,2006-10-30 08:15:00,584,550.04
XGBoost,4273,2006-10-30 08:30:00,610,555.47
XGBoost,4273,2006-10-30 08:45:00,507,564.45
XGBoost,4273,2006-10-30 09:00:00,543,455.81
XGBoost,4273,2006-10-30 09:15:00,430,460.53
XGBoost,4273,2006-10-30 09:30:00,382,409.71
XGBoost,4273,2006-10-30 09:45:00,340,361.69
XGBoost,4273,2006-10-30 10:00:00,291,318.64
XGBoost,4273,2006-10-30 10:15:00,277,287.06
XGBoost,4273,2006-10-30 10:30:00,292,280.53
XGBoost,4273,2006-10-30 10:45:00,269,274.34
XGBoost,4273,2006-10-30 11:00:00,300,256.0
XGBoost,4273,2006-10-30 11:15:00,280,290.9
XGBoost,4273,2006-10-30 11:30:00,291,272.66
XGBoost,4273,2006-10-30 11:45:00,297,266.95
XGBoost,4273,2006-10-30 12:00:00,297,292.01
XGBoost,4273,2006-10-30 12:15:00,305,308.15
XGBoost,4273,2006-10-30 12:30:00,310,309.25
XGBoost,4273,2006-10-30 12:45:00,271,302.7
XGBoost,4273,2006-10-30 13:00:00,324,299.58
XGBoost,4273,2006-10-30 13:15:00,302,297.57
XGBoost,4273,2006-10-30 13:30:00,309,293.28
XGBoost,4273,2006-10-30 13:45:00,311,295.93
XGBoost,4273,2006-10-30 14:00:00,282,308.06
XGBoost,4273,2006-10-30 14:15:00,263,305.67
XGBoost,4273,2006-10-30 14:30:00,281,266.72
XGBoost,4273,2006-10-30 14:45:00,296,275.56
XGBoost,4273,2006-10-30 15:00:00,316,300.92
XGBoost,4273,2006-10-30 15:15:00,303,317.64
XGBoost,4273,2006-10-30 15:30:00,359,317.34
XGBoost,4273,2006-10-30 15:45:00,360,352.0
XGBoost,4273,2006-10-30 16:00:00,425,350.04
XGBoost,4273,2006-10-30 16:15:00,431,402.29
XGBoost,4273,2006-10-30 16:30:00,448,435.7
XGBoost,4273,2006-10-30 16:45:00,382,456.93
XGBoost,4273,2006-10-30 17:00:00,461,418.17
XGBoost,4273,2006-10-30 17:15:00,469,448.91
XGBoost,4273,2006-10-30 17:30:00,454,487.14
XGBoost,4273,2006-10-30 17:45:00,485,478.39
XGBoost,4273,2006-10-30 18:00:00,427,429.72
XGBoost,4273,2006-10-30 18:15:00,368,396.17
XGBoost,4273,2006-10-30 18:30:00,400,339.92
XGBoost,4273,2006-10-30 18:45:00,300,358.7
XGBoost,4273,2006-10-30 19:00:00,243,278.14
XGBoost,4273,2006-10-30 19:15:00,233,223.09
XGBoost,4273,2006-10-30 19:30:00,208,203.81
XGBoost,4273,2006-10-30 19:45:00,168,191.35
XGBoost,4273,2006-10-30 20:00:00,171,165.54
XGBoost,4273,2006-10-30 20:15:00,149,154.56
XGBoost,4273,2006-10-30 20:30:00,127,143.54
XGBoost,4273,2006-10-30 20:45:00,123,126.07
XGBoost,4273,2006-10-30 21:00:00,109,131.98
XGBoost,4273,2006-10-30 21:15:00,107,114.03
XGBoost,4273,2006-10-30 21:30:00,117,110.95
XGBoost,4273,2006-10-30 21:45:00,114,109.51
XGBoost,4273,2006-10-30 22:00:00,101,106.82
XGBoost,4273,2006-10-30 22:15:00,87,97.34
XGBoost,4273,2006-10-30 22:30:00,81,83.17
XGBoost,4273,2006-10-30 22:45:00,69,73.38
XGBoost,4273,2006-10-30 23:00:00,37,57.72
XGBoost,4273,2006-10-30 23:15:00,51,40.33
XGBoost,4273,2006-10-30 23:30:00,30,43.59
XGBoost,4273,2006-10-30 23:45:00,27,33.11
XGBoost,4273,2006-10-31 00:00:00,25,24.46
XGBoost,4273,2006-10-31 00:15:00,25,23.17
XGBoost,4273,2006-10-31 00:30:00,20,21.45
XGBoost,4273,2006-10-31 00:45:00,21,19.52
XGBoost,4273,2006-10-31 01:00:00,23,17.4
XGBoost,4273,2006-10-31 01:15:00,7,17.73
XGBoost,4273,2006-10-31 01:30:00,5,13.48
XGBoost,4273,2006-10-31 01:45:00,13,10.45
XGBoost,4273,2006-10-31 02:00:00,12,10.5
XGBoost,4273,2006-10-31 02:15:00,13,8.72
XGBoost,4273,2006-10-31 02:30:00,8,9.19
XGBoost,4273,2006-10-31 02:45:00,12,10.76
XGBoost,4273,2006-10-31 03:00:00,7,11.39
XGBoost,4273,2006-10-31 03:15:00,10,11.14
XGBoost,4273,2006-10-31 03:30:00,11,9.51
XGBoost,4273,2006-10-31 03:45:00,13,11.14
XGBoost,4273,2006-10-31 04:00:00,7,14.85
XGBoost,4273,2006-10-31 04:15:00,10,14.86
XGBoost,4273,2006-10-31 04:30:00,16,15.43
XGBoost,4273,2006-10-31 04:45:00,29,20.56
XGBoost,4273,2006-10-31 05:00:00,34,39.83
XGBoost,4273,2006-10-31 05:15:00,70,48.46
XGBoost,4273,2006-10-31 05:30:00,89,96.53
XGBoost,4273,2006-10-31 05:45:00,126,125.01
XGBoost,4273,2006-10-31 06:00:00,145,171.22
XGBoost,4273,2006-10-31 06:15:00,252,218.39
XGBoost,4273,2006-10-31 06:30:00,337,329.35
XGBoost,4273,2006-10-31 06:45:00,395,402.14
XGBoost,4273,2006-10-31 07:00:00,428,465.17
XGBoost,4273,2006-10-31 07:15:00,446,527.74
XGBoost,4273,2006-10-31 07:30:00,584,554.95
XGBoost,4273,2006-10-31 07:45:00,551,601.52
XGBoost,4273,2006-10-31 08:00:00,552,578.03
XGBoost,4273,2006-10-31 08:15:00,513,557.52
XGBoost,4273,2006-10-31 08:30:00,535,549.45
XGBoost,4273,2006-10-31 08:45:00,527,514.23
XGBoost,4273,2006-10-31 09:00:00,542,502.76
XGBoost,4273,2006-10-31 09:15:00,430,472.22
XGBoost,4273,2006-10-31 09:30:00,397,422.56
XGBoost,4273,2006-10-31 09:45:00,399,372.9
XGBoost,4273,2006-10-31 10:00:00,311,363.67
XGBoost,4273,2006-10-31 10:15:00,338,318.54
XGBoost,4273,2006-10-31 10:30:00,348,320.48
XGBoost,4273,2006-10-31 10:45:00,314,321.55
XGBoost,4273,2006-10-31 11:00:00,271,324.59
XGBoost,4273,2006-10-31 11:15:00,297,292.11
XGBoost,4273,2006-10-31 11:30:00,293,297.33
XGBoost,4273,2006-10-31 11:45:00,328,309.7
XGBoost,4273,2006-10-31 12:00:00,314,314.6
XGBoost,4273,2006-10-31 12:15:00,307,315.39
XGBoost,4273,2006-10-31 12:30:00,287,312.02
XGBoost,4273,2006-10-31 12:45:00,296,293.16
XGBoost,4273,2006-10-31 13:00:00,277,314.81
XGBoost,4273,2006-10-31 13:15:00,329,303.65
XGBoost,4273,2006-10-31 13:30:00,306,307.13
XGBoost,4273,2006-10-31 13:45:00,294,313.35
XGBoost,4273,2006-10-31 14:00:00,290,306.61
XGBoost,4273,2006-10-31 14:15:00,273,295.17
XGBoost,4273,2006-10-31 14:30:00,256,297.99
XGBoost,4273,2006-10-31 14:45:00,263,287.05
XGBoost,4273,2006-10-31 15:00:00,270,300.45
XGBoost,4273,2006-10-31 15:15:00,231,303.15
XGBoost,4273,2006-10-31 15:30:00,345,303.22
XGBoost,4273,2006-10-31 15:45:00,396,352.37
XGBoost,4273,2006-10-31 16:00:00,404,401.25
XGBoost,4273,2006-10-31 16:15:00,362,415.66
XGBoost,4273,2006-10-31 16:30:00,324,410.86
XGBoost,4273,2006-10-31 16:45:00,358,361.84
XGBoost,4273,2006-10-31 17:00:00,342,398.78
XGBoost,4273,2006-10-31 17:15:00,420,393.43
XGBoost,4273,2006-10-31 17:30:00,451,445.6
XGBoost,4273,2006-10-31 17:45:00,412,475.92
XGBoost,4273,2006-10-31 18:00:00,391,406.97
XGBoost,4273,2006-10-31 18:15:00,362,382.45
XGBoost,4273,2006-10-31 18:30:00,382,366.07
XGBoost,4273,2006-10-31 18:45:00,351,345.99
XGBoost,4273,2006-10-31 19:00:00,306,308.87
XGBoost,4273,2006-10-31 19:15:00,222,278.95
XGBoost,4273,2006-10-31 19:30:00,196,221.84
XGBoost,4273,2006-10-31 19:45:00,187,184.77
XGBoost,4273,2006-10-31 20:00:00,178,181.82
XGBoost,4273,2006-10-31 20:15:00,169,167.19
XGBoost,4273,2006-10-31 20:30:00,147,151.49
XGBoost,4273,2006-10-31 20:45:00,123,136.57
XGBoost,4273,2006-10-31 21:00:00,146,125.11
XGBoost,4273,2006-10-31 21:15:00,171,130.87
XGBoost,4273,2006-10-31 21:30:00,117,150.56
XGBoost,4273,2006-10-31 21:45:00,144,126.2
XGBoost,4273,2006-10-31 22:00:00,148,120.08
XGBoost,4273,2006-10-31 22:15:00,119,126.81
XGBoost,4273,2006-10-31 22:30:00,97,111.49
XGBoost,4273,2006-10-31 22:45:00,79,87.88
XGBoost,4273,2006-10-31 23:00:00,54,68.01
XGBoost,4273,2006-10-31 23:15:00,69,54.31
XGBoost,4273,2006-10-31 23:30:00,52,53.2
XGBoost,4273,2006-10-31 23:45:00,39,48.31
XGBoost,4321,2006-10-27 12:00:00,435,377.44
XGBoost,4321,2006-10-27 12:15:00,405,402.08
XGBoost,4321,2006-10-27 12:30:00,419,406.57
XGBoost,4321,2006-10-27 12:45:00,394,399.93
XGBoost,4321,2006-10-27 13:00:00,420,384.15
XGBoost,4321,2006-10-27 13:15:00,409,401.18
XGBoost,4321,2006-10-27 13:30:00,374,417.06
XGBoost,4321,2006-10-27 13:45:00,384,380.35
XGBoost,4321,2006-10-27 14:00:00,362,393.27
XGBoost,4321,2006-10-27 14:15:00,386,382.7
XGBoost,4321,2006-10-27 14:30:00,421,388.68
XGBoost,4321,2006-10-27 14:45:00,438,426.36
XGBoost,4321,2006-10-27 15:00:00,511,459.53
XGBoost,4321,2006-10-27 15:15:00,541,501.55
XGBoost,4321,2006-10-27 15:30:00,591,556.78
XGBoost,4321,2006-10-27 15:45:00,549,567.95
XGBoost,4321,2006-10-27 16:00:00,459,556.22
XGBoost,4321,2006-10-27 16:15:00,494,515.3
XGBoost,4321,2006-10-27 16:30:00,499,524.85
XGBoost,4321,2006-10-27 16:45:00,582,526.64
XGBoost,4321,2006-10-27 17:00:00,549,566.92
XGBoost,4321,2006-10-27 17:15:00,560,566.57
XGBoost,4321,2006-10-27 17:30:00,557,581.27
XGBoost,4321,2006-10-27 17:45:00,597,585.34
XGBoost,4321,2006-10-27 18:00:00,541,539.09
XGBoost,4321,2006-10-27 18:15:00,571,557.92
XGBoost,4321,2006-10-27 18:30:00,505,517.45
XGBoost,4321,2006-10-27 18:45:00,430,512.48
XGBoost,4321,2006-10-27 19:00:00,417,417.66
XGBoost,4321,2006-10-27 19:15:00,407,381.81
XGBoost,4321,2006-10-27 19:30:00,367,366.26
XGBoost,4321,2006-10-27 19:45:00,304,337.48
XGBoost,4321,2006-10-27 20:00:00,272,287.64
XGBoost,4321,2006-10-27 20:15:00,240,259.27
XGBoost,4321,2006-10-27 20:30:00,239,231.11
XGBoost,4321,2006-10-27 20:45:00,184,220.54
XGBoost,4321,2006-10-27 21:00:00,204,199.72
XGBoost,4321,2006-10-27 21:15:00,201,201.56
XGBoost,4321,2006-10-27 21:30:00,190,202.12
XGBoost,4321,2006-10-27 21:45:00,192,194.58
XGBoost,4321,2006-10-27 22:00:00,161,194.2
XGBoost,4321,2006-10-27 22:15:00,144,171.78
XGBoost,4321,2006-10-27 22:30:00,180,151.01
XGBoost,4321,2006-10-27 22:45:00,155,154.41
XGBoost,4321,2006-10-27 23:00:00,154,145.32
XGBoost,4321,2006-10-27 23:15:00,155,137.57
XGBoost,4321,2006-10-27 23:30:00,138,136.32
XGBoost,4321,2006-10-27 23:45:00,133,125.58
XGBoost,4321,2006-10-28 00:00:00,98,117.4
XGBoost,4321,2006-10-28 00:15:00,80,92.65
XGBoost,4321,2006-10-28 00:30:00,82,72.98
XGBoost,4321,2006-10-28 00:45:00,84,71.8
XGBoost,4321,2006-10-28 01:00:00,71,70.8
XGBoost,4321,2006-10-28 01:15:00,54,63.48
XGBoost,4321,2006-10-28 01:30:00,50,49.61
XGBoost,4321,2006-10-28 01:45:00,45,43.89
XGBoost,4321,2006-10-28 02:00:00,38,40.24
XGBoost,4321,2006-10-28 02:15:00,40,34.8
XGBoost,4321,2006-10-28 02:30:00,51,34.88
XGBoost,4321,2006-10-28 02:45:00,42,39.28
XGBoost,4321,2006-10-28 03:00:00,34,36.1
XGBoost,4321,2006-10-28 03:15:00,50,32.5
XGBoost,4321,2006-10-28 03:30:00,40,37.99
XGBoost,4321,2006-10-28 03:45:00,34,35.8
XGBoost,4321,2006-10-28 04:00:00,29,35.0
XGBoost,4321,2006-10-28 04:15:00,18,31.63
XGBoost,4321,2006-10-28 04:30:00,34,26.04
XGBoost,4321,2006-10-28 04:45:00,40,30.82
XGBoost,4321,2006-10-28 05:00:00,21,41.55
XGBoost,4321,2006-10-28 05:15:00,27,31.42
XGBoost,4321,2006-10-28 05:30:00,32,35.95
XGBoost,4321,2006-10-28 05:45:00,49,49.49
XGBoost,4321,2006-10-28 06:00:00,56,64.23
XGBoost,4321,2006-10-28 06:15:00,82,73.17
XGBoost,4321,2006-10-28 06:30:00,102,104.9
XGBoost,4321,2006-10-28 06:45:00,105,131.49
XGBoost,4321,2006-10-28 07:00:00,108,127.15
XGBoost,4321,2006-10-28 07:15:00,119,132.78
XGBoost,4321,2006-10-28 07:30:00,168,149.99
XGBoost,4321,2006-10-28 07:45:00,216,193.52
XGBoost,4321,2006-10-28 08:00:00,192,234.95
XGBoost,4321,2006-10-28 08:15:00,232,234.94
XGBoost,4321,2006-10-28 08:30:00,305,262.78
XGBoost,4321,2006-10-28 08:45:00,335,342.11
XGBoost,4321,2006-10-28 09:00:00,316,347.81
XGBoost,4321,2006-10-28 09:15:00,409,342.63
XGBoost,4321,2006-10-28 09:30:00,409,385.46
XGBoost,4321,2006-10-28 09:45:00,428,409.19
XGBoost,4321,2006-10-28 10:00:00,449,413.59
XGBoost,4321,2006-10-28 10:15:00,432,451.4
XGBoost,4321,2006-10-28 10:30:00,470,439.31
XGBoost,4321,2006-10-28 10:45:00,471,464.93
XGBoost,4321,2006-10-28 11:00:00,471,470.74
XGBoost,4321,2006-10-28 11:15:00,504,468.66
XGBoost,4321,2006-10-28 11:30:00,501,485.18
XGBoost,4321,2006-10-28 11:45:00,496,487.52
XGBoost,4321,2006-10-28 12:00:00,511,487.58
XGBoost,4321,2006-10-28 12:15:00,519,485.45
XGBoost,4321,2006-10-28 12:30:00,529,502.07
XGBoost,4321,2006-10-28 12:45:00,483,512.83
XGBoost,4321,2006-10-28 13:00:00,472,487.8
XGBoost,4321,2006-10-28 13:15:00,399,465.53
XGBoost,4321,2006-10-28 13:30:00,424,415.59
XGBoost,4321,2006-10-28 13:45:00,464,408.76
XGBoost,4321,2006-10-28 14:00:00,447,444.32
XGBoost,4321,2006-10-28 14:15:00,435,439.06
XGBoost,4321,2006-10-28 14:30:00,427,421.25
XGBoost,4321,2006-10-28 14:45:00,404,425.36
XGBoost,4321,2006-10-28 15:00:00,399,421.01
XGBoost,4321,2006-10-28 15:15:00,411,402.87
XGBoost,4321,2006-10-28 15:30:00,402,417.35
XGBoost,4321,2006-10-28 15:45:00,430,424.44
XGBoost,4321,2006-10-28 16:00:00,428,423.12
XGBoost,4321,2006-10-28 16:15:00,357,436.01
XGBoost,4321,2006-10-28 16:30:00,344,380.45
XGBoost,4321,2006-10-28 16:45:00,437,361.61
XGBoost,4321,2006-10-28 17:00:00,348,421.17
XGBoost,4321,2006-10-28 17:15:00,420,384.54
XGBoost,4321,2006-10-28 17:30:00,387,420.47
XGBoost,4321,2006-10-28 17:45:00,432,411.47
XGBoost,4321,2006-10-28 18:00:00,393,401.16
XGBoost,4321,2006-10-28 18:15:00,382,396.47
XGBoost,4321,2006-10-28 18:30:00,416,366.45
XGBoost,4321,2006-10-28 18:45:00,356,376.15
XGBoost,4321,2006-10-28 19:00:00,324,331.45
XGBoost,4321,2006-10-28 19:15:00,314,308.43
XGBoost,4321,2006-10-28 19:30:00,273,288.11
XGBoost,4321,2006-10-28 19:45:00,258,256.14
XGBoost,4321,2006-10-28 20:00:00,219,250.1
XGBoost,4321,2006-10-28 20:15:00,211,212.54
XGBoost,4321,2006-10-28 20:30:00,165,203.81
XGBoost,4321,2006-10-28 20:45:00,195,172.58
XGBoost,4321,2006-10-28 21:00:00,171,187.03
XGBoost,4321,2006-10-28 21:15:00,162,182.03
XGBoost,4321,2006-10-28 21:30:00,188,164.94
XGBoost,4321,2006-10-28 21:45:00,157,174.95
XGBoost,4321,2006-10-28 22:00:00,174,165.75
XGBoost,4321,2006-10-28 22:15:00,154,163.01
XGBoost,4321,2006-10-28 22:30:00,170,167.12
XGBoost,4321,2006-10-28 22:45:00,176,165.83
XGBoost,4321,2006-10-28 23:00:00,161,169.17
XGBoost,4321,2006-10-28 23:15:00,160,161.28
XGBoost,4321,2006-10-28 23:30:00,140,150.02
XGBoost,4321,2006-10-28 23:45:00,150,141.25
XGBoost,4321,2006-10-29 00:00:00,126,130.22
XGBoost,4321,2006-10-29 00:15:00,127,116.71
XGBoost,4321,2006-10-29 00:30:00,119,108.22
XGBoost,4321,2006-10-29 00:45:00,95,106.54
XGBoost,4321,2006-10-29 01:00:00,101,88.26
XGBoost,4321,2006-10-29 01:15:00,64,87.69
XGBoost,4321,2006-10-29 01:30:00,71,64.38
XGBoost,4321,2006-10-29 01:45:00,0,60.22
XGBoost,4321,2006-10-29 02:00:00,0,39.04
XGBoost,4321,2006-10-29 02:15:00,0,20.81
XGBoost,4321,2006-10-29 02:30:00,0,19.57
XGBoost,4321,2006-10-29 02:45:00,59,15.09
XGBoost,4321,2006-10-29 03:00:00,51,39.38
XGBoost,4321,2006-10-29 03:15:00,58,43.96
XGBoost,4321,2006-10-29 03:30:00,43,46.57
XGBoost,4321,2006-10-29 03:45:00,45,44.65
XGBoost,4321,2006-10-29 04:00:00,44,42.72
XGBoost,4321,2006-10-29 04:15:00,42,42.13
XGBoost,4321,2006-10-29 04:30:00,34,43.39
XGBoost,4321,2006-10-29 04:45:00,33,38.56
XGBoost,4321,2006-10-29 05:00:00,30,36.01
XGBoost,4321,2006-10-29 05:15:00,34,35.04
XGBoost,4321,2006-10-29 05:30:00,32,37.54
XGBoost,4321,2006-10-29 05:45:00,33,42.81
XGBoost,4321,2006-10-29 06:00:00,30,43.14
XGBoost,4321,2006-10-29 06:15:00,52,41.48
XGBoost,4321,2006-10-29 06:30:00,60,61.69
XGBoost,4321,2006-10-29 06:45:00,53,70.72
XGBoost,4321,2006-10-29 07:00:00,64,65.2
XGBoost,4321,2006-10-29 07:15:00,59,70.7
XGBoost,4321,2006-10-29 07:30:00,71,69.36
XGBoost,4321,2006-10-29 07:45:00,93,79.72
XGBoost,4321,2006-10-29 08:00:00,84,97.48
XGBoost,4321,2006-10-29 08:15:00,100,97.64
XGBoost,4321,2006-10-29 08:30:00,115,112.1
XGBoost,4321,2006-10-29 08:45:00,168,132.86
XGBoost,4321,2006-10-29 09:00:00,188,176.55
XGBoost,4321,2006-10-29 09:15:00,194,202.31
XGBoost,4321,2006-10-29 09:30:00,203,214.81
XGBoost,4321,2006-10-29 09:45:00,234,232.55
XGBoost,4321,2006-10-29 10:00:00,222,264.08
XGBoost,4321,2006-10-29 10:15:00,262,254.89
XGBoost,4321,2006-10-29 10:30:00,233,292.43
XGBoost,4321,2006-10-29 10:45:00,275,269.15
XGBoost,4321,2006-10-29 11:00:00,263,303.18
XGBoost,4321,2006-10-29 11:15:00,307,302.7
XGBoost,4321,2006-10-29 11:30:00,342,334.67
XGBoost,4321,2006-10-29 11:45:00,342,360.35
XGBoost,4321,2006-10-29 12:00:00,366,357.98
XGBoost,4321,2006-10-29 12:15:00,328,371.89
XGBoost,4321,2006-10-29 12:30:00,322,353.75
XGBoost,4321,2006-10-29 12:45:00,354,342.02
XGBoost,4321,2006-10-29 13:00:00,371,349.61
XGBoost,4321,2006-10-29 13:15:00,372,360.3
XGBoost,4321,2006-10-29 13:30:00,365,365.24
XGBoost,4321,2006-10-29 13:45:00,351,364.4
XGBoost,4321,2006-10-29 14:00:00,360,358.15
XGBoost,4321,2006-10-29 14:15:00,375,358.29
XGBoost,4321,2006-10-29 14:30:00,348,368.03
XGBoost,4321,2006-10-29 14:45:00,330,349.56
XGBoost,4321,2006-10-29 15:00:00,329,337.97
XGBoost,4321,2006-10-29 15:15:00,350,334.73
XGBoost,4321,2006-10-29 15:30:00,337,346.79
XGBoost,4321,2006-10-29 15:45:00,347,347.3
XGBoost,4321,2006-10-29 16:00:00,361,345.59
XGBoost,4321,2006-10-29 16:15:00,360,351.58
XGBoost,4321,2006-10-29 16:30:00,371,350.7
XGBoost,4321,2006-10-29 16:45:00,364,366.97
XGBoost,4321,2006-10-29 17:00:00,385,353.03
XGBoost,4321,2006-10-29 17:15:00,377,371.24
XGBoost,4321,2006-10-29 17:30:00,391,373.39
XGBoost,4321,2006-10-29 17:45:00,347,374.61
XGBoost,4321,2006-10-29 18:00:00,333,333.51
XGBoost,4321,2006-10-29 18:15:00,345,310.55
XGBoost,4321,2006-10-29 18:30:00,347,313.5
XGBoost,4321,2006-10-29 18:45:00,306,321.87
XGBoost,4321,2006-10-29 19:00:00,278,283.16
XGBoost,4321,2006-10-29 19:15:00,240,255.23
XGBoost,4321,2006-10-29 19:30:00,243,217.89
XGBoost,4321,2006-10-29 19:45:00,208,210.17
XGBoost,4321,2006-10-29 20:00:00,180,200.86
XGBoost,4321,2006-10-29 20:15:00,191,179.54
XGBoost,4321,2006-10-29 20:30:00,186,173.28
XGBoost,4321,2006-10-29 20:45:00,190,177.51
XGBoost,4321,2006-10-29 21:00:00,207,174.18
XGBoost,4321,2006-10-29 21:15:00,158,180.15
XGBoost,4321,2006-10-29 21:30:00,148,166.69
XGBoost,4321,2006-10-29 21:45:00,120,142.77
XGBoost,4321,2006-10-29 22:00:00,136,122.12
XGBoost,4321,2006-10-29 22:15:00,127,118.42
XGBoost,4321,2006-10-29 22:30:00,101,116.83
XGBoost,4321,2006-10-29 22:45:00,94,98.17
XGBoost,4321,2006-10-29 23:00:00,91,82.3
XGBoost,4321,2006-10-29 23:15:00,71,77.5
XGBoost,4321,2006-10-29 23:30:00,65,66.52
XGBoost,4321,2006-10-29 23:45:00,55,57.89
XGBoost,4321,2006-10-30 00:00:00,62,48.02
XGBoost,4321,2006-10-30 00:15:00,42,48.54
XGBoost,4321,2006-10-30 00:30:00,36,38.65
XGBoost,4321,2006-10-30 00:45:00,30,31.47
XGBoost,4321,2006-10-30 01:00:00,42,27.35
XGBoost,4321,2006-10-30 01:15:00,26,31.91
XGBoost,4321,2006-10-30 01:30:00,26,25.51
XGBoost,4321,2006-10-30 01:45:00,17,19.33
XGBoost,4321,2006-10-30 02:00:00,13,17.12
XGBoost,4321,2006-10-30 02:15:00,14,12.78
XGBoost,4321,2006-10-30 02:30:00,8,11.76
XGBoost,4321,2006-10-30 02:45:00,9,12.62
XGBoost,4321,2006-10-30 03:00:00,14,12.66
XGBoost,4321,2006-10-30 03:15:00,11,13.7
XGBoost,4321,2006-10-30 03:30:00,11,11.97
XGBoost,4321,2006-10-30 03:45:00,15,12.2
XGBoost,4321,2006-10-30 04:00:00,13,20.49
XGBoost,4321,2006-10-30 04:15:00,18,19.71
XGBoost,4321,2006-10-30 04:30:00,23,21.34
XGBoost,4321,2006-10-30 04:45:00,13,27.11
XGBoost,4321,2006-10-30 05:00:00,30,28.57
XGBoost,4321,2006-10-30 05:15:00,44,36.84
XGBoost,4321,2006-10-30 05:30:00,44,50.01
XGBoost,4321,2006-10-30 05:45:00,70,55.95
XGBoost,4321,2006-10-30 06:00:00,86,81.72
XGBoost,4321,2006-10-30 06:15:00,142,114.11
XGBoost,4321,2006-10-30 06:30:00,219,173.81
XGBoost,4321,2006-10-30 06:45:00,311,286.79
XGBoost,4321,2006-10-30 07:00:00,396,374.36
XGBoost,4321,2006-10-30 07:15:00,517,467.58
XGBoost,4321,2006-10-30 07:30:00,567,613.23
XGBoost,4321,2006-10-30 07:45:00,680,662.67
XGBoost,4321,2006-10-30 08:00:00,715,689.29
XGBoost,4321,2006-10-30 08:15:00,665,721.31
XGBoost,4321,2006-10-30 08:30:00,639,659.27
XGBoost,4321,2006-10-30 08:45:00,593,601.54
XGBoost,4321,2006-10-30 09:00:00,490,501.17
XGBoost,4321,2006-10-30 09:15:00,380,450.82
XGBoost,4321,2006-10-30 09:30:00,381,366.29
XGBoost,4321,2006-10-30 09:45:00,413,342.09
XGBoost,4321,2006-10-30 10:00:00,330,370.56
XGBoost,4321,2006-10-30 10:15:00,330,328.5
XGBoost,4321,2006-10-30 10:30:00,342,305.87
XGBoost,4321,2006-10-30 10:45:00,349,322.66
XGBoost,4321,2006-10-30 11:00:00,360,330.93
XGBoost,4321,2006-10-30 11:15:00,356,346.98
XGBoost,4321,2006-10-30 11:30:00,349,359.24
XGBoost,4321,2006-10-30 11:45:00,382,357.87
XGBoost,4321,2006-10-30 12:00:00,353,370.2
XGBoost,4321,2006-10-30 12:15:00,369,357.15
XGBoost,4321,2006-10-30 12:30:00,371,350.3
XGBoost,4321,2006-10-30 12:45:00,347,366.23
XGBoost,4321,2006-10-30 13:00:00,330,357.8
XGBoost,4321,2006-10-30 13:15:00,360,341.61
XGBoost,4321,2006-10-30 13:30:00,387,355.86
XGBoost,4321,2006-10-30 13:45:00,391,372.23
XGBoost,4321,2006-10-30 14:00:00,384,401.28
XGBoost,4321,2006-10-30 14:15:00,365,402.87
XGBoost,4321,2006-10-30 14:30:00,396,383.42
XGBoost,4321,2006-10-30 14:45:00,413,386.82
XGBoost,4321,2006-10-30 15:00:00,467,425.01
XGBoost,4321,2006-10-30 15:15:00,529,475.72
XGBoost,4321,2006-10-30 15:30:00,577,523.99
XGBoost,4321,2006-10-30 15:45:00,518,570.22
XGBoost,4321,2006-10-30 16:00:00,537,531.18
XGBoost,4321,2006-10-30 16:15:00,480,534.15
XGBoost,4321,2006-10-30 16:30:00,471,517.36
XGBoost,4321,2006-10-30 16:45:00,452,489.31
XGBoost,4321,2006-10-30 17:00:00,529,487.0
XGBoost,4321,2006-10-30 17:15:00,561,517.23
XGBoost,4321,2006-10-30 17:30:00,542,559.5
XGBoost,4321,2006-10-30 17:45:00,588,555.54
XGBoost,4321,2006-10-30 18:00:00,533,519.49
XGBoost,4321,2006-10-30 18:15:00,496,504.77
XGBoost,4321,2006-10-30 18:30:00,495,461.26
XGBoost,4321,2006-10-30 18:45:00,397,450.69
XGBoost,4321,2006-10-30 19:00:00,353,356.05
XGBoost,4321,2006-10-30 19:15:00,315,311.33
XGBoost,4321,2006-10-30 19:30:00,278,286.64
XGBoost,4321,2006-10-30 19:45:00,266,251.52
XGBoost,4321,2006-10-30 20:00:00,236,236.33
XGBoost,4321,2006-10-30 20:15:00,249,226.15
XGBoost,4321,2006-10-30 20:30:00,230,225.66
XGBoost,4321,2006-10-30 20:45:00,233,217.22
XGBoost,4321,2006-10-30 21:00:00,173,222.44
XGBoost,4321,2006-10-30 21:15:00,180,176.22
XGBoost,4321,2006-10-30 21:30:00,146,166.02
XGBoost,4321,2006-10-30 21:45:00,137,142.71
XGBoost,4321,2006-10-30 22:00:00,146,133.12
XGBoost,4321,2006-10-30 22:15:00,139,132.08
XGBoost,4321,2006-10-30 22:30:00,120,120.33
XGBoost,4321,2006-10-30 22:45:00,117,109.76
XGBoost,4321,2006-10-30 23:00:00,79,93.35
XGBoost,4321,2006-10-30 23:15:00,60,70.58
XGBoost,4321,2006-10-30 23:30:00,65,56.12
XGBoost,4321,2006-10-30 23:45:00,57,52.42
XGBoost,4321,2006-10-31 00:00:00,50,49.1
XGBoost,4321,2006-10-31 00:15:00,33,40.5
XGBoost,4321,2006-10-31 00:30:00,36,31.47
XGBoost,4321,2006-10-31 00:45:00,28,29.26
XGBoost,4321,2006-10-31 01:00:00,14,27.69
XGBoost,4321,2006-10-31 01:15:00,19,18.11
XGBoost,4321,2006-10-31 01:30:00,10,17.3
XGBoost,4321,2006-10-31 01:45:00,17,13.13
XGBoost,4321,2006-10-31 02:00:00,13,13.08
XGBoost,4321,2006-10-31 02:15:00,6,12.4
XGBoost,4321,2006-10-31 02:30:00,8,10.07
XGBoost,4321,2006-10-31 02:45:00,17,10.32
XGBoost,4321,2006-10-31 03:00:00,10,13.33
XGBoost,4321,2006-10-31 03:15:00,12,11.2
XGBoost,4321,2006-10-31 03:30:00,12,11.13
XGBoost,4321,2006-10-31 03:45:00,10,12.21
XGBoost,4321,2006-10-31 04:00:00,8,14.98
XGBoost,4321,2006-10-31 04:15:00,16,15.22
XGBoost,4321,2006-10-31 04:30:00,17,18.93
XGBoost,4321,2006-10-31 04:45:00,18,17.42
XGBoost,4321,2006-10-31 05:00:00,32,29.06
XGBoost,4321,2006-10-31 05:15:00,46,43.79
XGBoost,4321,2006-10-31 05:30:00,67,53.42
XGBoost,4321,2006-10-31 05:45:00,92,81.77
XGBoost,4321,2006-10-31 06:00:00,100,124.23
XGBoost,4321,2006-10-31 06:15:00,176,156.4
XGBoost,4321,2006-10-31 06:30:00,230,234.91
XGBoost,4321,2006-10-31 06:45:00,336,326.56
XGBoost,4321,2006-10-31 07:00:00,406,405.96
XGBoost,4321,2006-10-31 07:15:00,552,523.68
XGBoost,4321,2006-10-31 07:30:00,671,616.23
XGBoost,4321,2006-10-31 07:45:00,723,726.64
XGBoost,4321,2006-10-31 08:00:00,692,736.5
XGBoost,4321,2006-10-31 08:15:00,663,698.62
XGBoost,4321,2006-10-31 08:30:00,565,654.09
XGBoost,4321,2006-10-31 08:45:00,631,595.52
XGBoost,4321,2006-10-31 09:00:00,538,520.35
XGBoost,4321,2006-10-31 09:15:00,434,479.35
XGBoost,4321,2006-10-31 09:30:00,404,423.63
XGBoost,4321,2006-10-31 09:45:00,385,398.01
XGBoost,4321,2006-10-31 10:00:00,366,374.17
XGBoost,4321,2006-10-31 10:15:00,357,359.12
XGBoost,4321,2006-10-31 10:30:00,350,355.24
XGBoost,4321,2006-10-31 10:45:00,372,353.98
XGBoost,4321,2006-10-31 11:00:00,341,370.08
XGBoost,4321,2006-10-31 11:15:00,350,354.33
XGBoost,4321,2006-10-31 11:30:00,352,354.79
XGBoost,4321,2006-10-31 11:45:00,363,364.27
XGBoost,4321,2006-10-31 12:00:00,370,359.63
XGBoost,4321,2006-10-31 12:15:00,426,372.22
XGBoost,4321,2006-10-31 12:30:00,389,395.03
XGBoost,4321,2006-10-31 12:45:00,390,387.91
XGBoost,4321,2006-10-31 13:00:00,389,371.09
XGBoost,4321,2006-10-31 13:15:00,384,380.06
XGBoost,4321,2006-10-31 13:30:00,370,388.01
XGBoost,4321,2006-10-31 13:45:00,394,383.19
XGBoost,4321,2006-10-31 14:00:00,360,394.98
XGBoost,4321,2006-10-31 14:15:00,360,384.45
XGBoost,4321,2006-10-31 14:30:00,387,386.27
XGBoost,4321,2006-10-31 14:45:00,372,401.58
XGBoost,4321,2006-10-31 15:00:00,437,427.84
XGBoost,4321,2006-10-31 15:15:00,535,493.25
XGBoost,4321,2006-10-31 15:30:00,575,554.49
XGBoost,4321,2006-10-31 15:45:00,530,559.93
XGBoost,4321,2006-10-31 16:00:00,503,551.88
XGBoost,4321,2006-10-31 16:15:00,484,523.36
XGBoost,4321,2006-10-31 16:30:00,516,521.83
XGBoost,4321,2006-10-31 16:45:00,503,510.66
XGBoost,4321,2006-10-31 17:00:00,555,528.84
XGBoost,4321,2006-10-31 17:15:00,562,552.13
XGBoost,4321,2006-10-31 17:30:00,548,574.0
XGBoost,4321,2006-10-31 17:45:00,565,587.02
XGBoost,4321,2006-10-31 18:00:00,542,529.19
XGBoost,4321,2006-10-31 18:15:00,512,518.15
XGBoost,4321,2006-10-31 18:30:00,495,505.18
XGBoost,4321,2006-10-31 18:45:00,438,454.08
XGBoost,4321,2006-10-31 19:00:00,417,396.58
XGBoost,4321,2006-10-31 19:15:00,372,369.92
XGBoost,4321,2006-10-31 19:30:00,306,327.74
XGBoost,4321,2006-10-31 19:45:00,279,289.34
XGBoost,4321,2006-10-31 20:00:00,248,262.96
XGBoost,4321,2006-10-31 20:15:00,250,251.33
XGBoost,4321,2006-10-31 20:30:00,213,241.36
XGBoost,4321,2006-10-31 20:45:00,210,217.08
XGBoost,4321,2006-10-31 21:00:00,208,198.1
XGBoost,4321,2006-10-31 21:15:00,221,203.46
XGBoost,4321,2006-10-31 21:30:00,188,197.04
XGBoost,4321,2006-10-31 21:45:00,162,177.0
XGBoost,4321,2006-10-31 22:00:00,179,154.73
XGBoost,4321,2006-10-31 22:15:00,142,153.04
XGBoost,4321,2006-10-31 22:30:00,135,135.1
XGBoost,4321,2006-10-31 22:45:00,117,127.1
XGBoost,4321,2006-10-31 23:00:00,103,96.04
XGBoost,4321,2006-10-31 23:15:00,80,85.05
XGBoost,4321,2006-10-31 23:30:00,73,71.01
XGBoost,4321,2006-10-31 23:45:00,74,63.75
XGBoost,4324,2006-10-27 12:00:00,353,359.94
XGBoost,4324,2006-10-27 12:15:00,361,340.01
XGBoost,4324,2006-10-27 12:30:00,361,348.66
XGBoost,4324,2006-10-27 12:45:00,356,351.63
XGBoost,4324,2006-10-27 13:00:00,372,348.29
XGBoost,4324,2006-10-27 13:15:00,337,352.01
XGBoost,4324,2006-10-27 13:30:00,297,343.22
XGBoost,4324,2006-10-27 13:45:00,317,313.44
XGBoost,4324,2006-10-27 14:00:00,335,321.65
XGBoost,4324,2006-10-27 14:15:00,338,341.72
XGBoost,4324,2006-10-27 14:30:00,334,353.78
XGBoost,4324,2006-10-27 14:45:00,362,341.01
XGBoost,4324,2006-10-27 15:00:00,392,373.57
XGBoost,4324,2006-10-27 15:15:00,384,401.58
XGBoost,4324,2006-10-27 15:30:00,389,398.94
XGBoost,4324,2006-10-27 15:45:00,426,406.49
XGBoost,4324,2006-10-27 16:00:00,392,410.43
XGBoost,4324,2006-10-27 16:15:00,387,408.28
XGBoost,4324,2006-10-27 16:30:00,407,393.03
XGBoost,4324,2006-10-27 16:45:00,449,406.38
XGBoost,4324,2006-10-27 17:00:00,419,447.45
XGBoost,4324,2006-10-27 17:15:00,458,442.64
XGBoost,4324,2006-10-27 17:30:00,443,459.33
XGBoost,4324,2006-10-27 17:45:00,468,466.88
XGBoost,4324,2006-10-27 18:00:00,442,423.05
XGBoost,4324,2006-10-27 18:15:00,401,429.52
XGBoost,4324,2006-10-27 18:30:00,398,399.48
XGBoost,4324,2006-10-27 18:45:00,345,382.31
XGBoost,4324,2006-10-27 19:00:00,336,339.6
XGBoost,4324,2006-10-27 19:15:00,350,318.83
XGBoost,4324,2006-10-27 19:30:00,322,296.73
XGBoost,4324,2006-10-27 19:45:00,275,292.98
XGBoost,4324,2006-10-27 20:00:00,258,252.42
XGBoost,4324,2006-10-27 20:15:00,207,237.31
XGBoost,4324,2006-10-27 20:30:00,193,211.72
XGBoost,4324,2006-10-27 20:45:00,172,197.8
XGBoost,4324,2006-10-27 21:00:00,207,170.68
XGBoost,4324,2006-10-27 21:15:00,168,191.29
XGBoost,4324,2006-10-27 21:30:00,184,175.97
XGBoost,4324,2006-10-27 21:45:00,171,176.6
XGBoost,4324,2006-10-27 22:00:00,153,182.56
XGBoost,4324,2006-10-27 22:15:00,145,163.16
XGBoost,4324,2006-10-27 22:30:00,145,149.15
XGBoost,4324,2006-10-27 22:45:00,137,149.23
XGBoost,4324,2006-10-27 23:00:00,134,135.84
XGBoost,4324,2006-10-27 23:15:00,137,123.42
XGBoost,4324,2006-10-27 23:30:00,138,119.21
XGBoost,4324,2006-10-27 23:45:00,126,119.68
XGBoost,4324,2006-10-28 00:00:00,96,111.76
XGBoost,4324,2006-10-28 00:15:00,97,88.9
XGBoost,4324,2006-10-28 00:30:00,77,83.71
XGBoost,4324,2006-10-28 00:45:00,68,71.29
XGBoost,4324,2006-10-28 01:00:00,65,61.94
XGBoost,4324,2006-10-28 01:15:00,64,56.06
XGBoost,4324,2006-10-28 01:30:00,62,57.2
XGBoost,4324,2006-10-28 01:45:00,40,53.82
XGBoost,4324,2006-10-28 02:00:00,43,39.79
XGBoost,4324,2006-10-28 02:15:00,39,36.93
XGBoost,4324,2006-10-28 02:30:00,50,36.4
XGBoost,4324,2006-10-28 02:45:00,42,38.43
XGBoost,4324,2006-10-28 03:00:00,36,36.77
XGBoost,4324,2006-10-28 03:15:00,51,32.34
XGBoost,4324,2006-10-28 03:30:00,32,39.84
XGBoost,4324,2006-10-28 03:45:00,21,32.27
XGBoost,4324,2006-10-28 04:00:00,16,23.2
XGBoost,4324,2006-10-28 04:15:00,27,19.93
XGBoost,4324,2006-10-28 04:30:00,20,23.83
XGBoost,4324,2006-10-28 04:45:00,31,25.03
XGBoost,4324,2006-10-28 05:00:00,36,31.05
XGBoost,4324,2006-10-28 05:15:00,22,42.77
XGBoost,4324,2006-10-28 05:30:00,40,35.4
XGBoost,4324,2006-10-28 05:45:00,47,54.6
XGBoost,4324,2006-10-28 06:00:00,48,63.21
XGBoost,4324,2006-10-28 06:15:00,53,65.78
XGBoost,4324,2006-10-28 06:30:00,86,76.75
XGBoost,4324,2006-10-28 06:45:00,82,110.48
XGBoost,4324,2006-10-28 07:00:00,111,100.66
XGBoost,4324,2006-10-28 07:15:00,86,131.18
XGBoost,4324,2006-10-28 07:30:00,130,117.43
XGBoost,4324,2006-10-28 07:45:00,161,147.17
XGBoost,4324,2006-10-28 08:00:00,192,186.22
XGBoost,4324,2006-10-28 08:15:00,202,213.98
XGBoost,4324,2006-10-28 08:30:00,260,237.11
XGBoost,4324,2006-10-28 08:45:00,265,288.02
XGBoost,4324,2006-10-28 09:00:00,282,293.73
XGBoost,4324,2006-10-28 09:15:00,287,300.0
XGBoost,4324,2006-10-28 09:30:00,308,308.27
XGBoost,4324,2006-10-28 09:45:00,342,330.14
XGBoost,4324,2006-10-28 10:00:00,286,318.97
XGBoost,4324,2006-10-28 10:15:00,366,319.1
XGBoost,4324,2006-10-28 10:30:00,353,357.7
XGBoost,4324,2006-10-28 10:45:00,347,357.38
XGBoost,4324,2006-10-28 11:00:00,375,342.51
XGBoost,4324,2006-10-28 11:15:00,345,350.65
XGBoost,4324,2006-10-28 11:30:00,381,363.45
XGBoost,4324,2006-10-28 11:45:00,393,381.98
XGBoost,4324,2006-10-28 12:00:00,361,384.41
XGBoost,4324,2006-10-28 12:15:00,423,375.63
XGBoost,4324,2006-10-28 12:30:00,400,404.29
XGBoost,4324,2006-10-28 12:45:00,365,408.59
XGBoost,4324,2006-10-28 13:00:00,364,382.3
XGBoost,4324,2006-10-28 13:15:00,370,363.35
XGBoost,4324,2006-10-28 13:30:00,370,355.77
XGBoost,4324,2006-10-28 13:45:00,337,356.61
XGBoost,4324,2006-10-28 14:00:00,383,343.66
XGBoost,4324,2006-10-28 14:15:00,345,356.93
XGBoost,4324,2006-10-28 14:30:00,318,355.67
XGBoost,4324,2006-10-28 14:45:00,337,334.33
XGBoost,4324,2006-10-28 15:00:00,358,338.88
XGBoost,4324,2006-10-28 15:15:00,327,352.7
XGBoost,4324,2006-10-28 15:30:00,321,342.14
XGBoost,4324,2006-10-28 15:45:00,296,335.77
XGBoost,4324,2006-10-28 16:00:00,325,311.36
XGBoost,4324,2006-10-28 16:15:00,325,323.49
XGBoost,4324,2006-10-28 16:30:00,352,324.57
XGBoost,4324,2006-10-28 16:45:00,336,348.96
XGBoost,4324,2006-10-28 17:00:00,340,345.71
XGBoost,4324,2006-10-28 17:15:00,345,342.4
XGBoost,4324,2006-10-28 17:30:00,319,350.31
XGBoost,4324,2006-10-28 17:45:00,308,332.03
XGBoost,4324,2006-10-28 18:00:00,281,303.87
XGBoost,4324,2006-10-28 18:15:00,330,274.19
XGBoost,4324,2006-10-28 18:30:00,286,299.13
XGBoost,4324,2006-10-28 18:45:00,322,282.15
XGBoost,4324,2006-10-28 19:00:00,306,276.84
XGBoost,4324,2006-10-28 19:15:00,274,280.13
XGBoost,4324,2006-10-28 19:30:00,265,259.32
XGBoost,4324,2006-10-28 19:45:00,233,239.29
XGBoost,4324,2006-10-28 20:00:00,218,226.94
XGBoost,4324,2006-10-28 20:15:00,187,205.71
XGBoost,4324,2006-10-28 20:30:00,199,188.11
XGBoost,4324,2006-10-28 20:45:00,190,180.12
XGBoost,4324,2006-10-28 21:00:00,147,190.88
XGBoost,4324,2006-10-28 21:15:00,142,154.99
XGBoost,4324,2006-10-28 21:30:00,162,147.61
XGBoost,4324,2006-10-28 21:45:00,136,154.38
XGBoost,4324,2006-10-28 22:00:00,142,147.19
XGBoost,4324,2006-10-28 22:15:00,128,139.16
XGBoost,4324,2006-10-28 22:30:00,152,137.29
XGBoost,4324,2006-10-28 22:45:00,153,140.47
XGBoost,4324,2006-10-28 23:00:00,180,146.47
XGBoost,4324,2006-10-28 23:15:00,124,161.82
XGBoost,4324,2006-10-28 23:30:00,133,136.06
XGBoost,4324,2006-10-28 23:45:00,127,130.83
XGBoost,4324,2006-10-29 00:00:00,129,112.85
XGBoost,4324,2006-10-29 00:15:00,117,112.32
XGBoost,4324,2006-10-29 00:30:00,130,102.31
XGBoost,4324,2006-10-29 00:45:00,94,105.36
XGBoost,4324,2006-10-29 01:00:00,87,88.74
XGBoost,4324,2006-10-29 01:15:00,87,79.13
XGBoost,4324,2006-10-29 01:30:00,70,78.51
XGBoost,4324,2006-10-29 01:45:00,0,65.18
XGBoost,4324,2006-10-29 02:00:00,0,39.04
XGBoost,4324,2006-10-29 02:15:00,0,21.25
XGBoost,4324,2006-10-29 02:30:00,0,19.13
XGBoost,4324,2006-10-29 02:45:00,48,15.09
XGBoost,4324,2006-10-29 03:00:00,61,33.49
XGBoost,4324,2006-10-29 03:15:00,51,50.88
XGBoost,4324,2006-10-29 03:30:00,42,43.33
XGBoost,4324,2006-10-29 03:45:00,45,38.35
XGBoost,4324,2006-10-29 04:00:00,42,42.25
XGBoost,4324,2006-10-29 04:15:00,37,41.28
XGBoost,4324,2006-10-29 04:30:00,36,35.4
XGBoost,4324,2006-10-29 04:45:00,37,35.82
XGBoost,4324,2006-10-29 05:00:00,37,42.1
XGBoost,4324,2006-10-29 05:15:00,39,38.2
XGBoost,4324,2006-10-29 05:30:00,37,43.47
XGBoost,4324,2006-10-29 05:45:00,40,45.36
XGBoost,4324,2006-10-29 06:00:00,35,46.88
XGBoost,4324,2006-10-29 06:15:00,53,46.05
XGBoost,4324,2006-10-29 06:30:00,56,62.99
XGBoost,4324,2006-10-29 06:45:00,51,70.07
XGBoost,4324,2006-10-29 07:00:00,41,59.22
XGBoost,4324,2006-10-29 07:15:00,52,48.6
XGBoost,4324,2006-10-29 07:30:00,61,60.42
XGBoost,4324,2006-10-29 07:45:00,86,68.9
XGBoost,4324,2006-10-29 08:00:00,71,90.8
XGBoost,4324,2006-10-29 08:15:00,88,85.82
XGBoost,4324,2006-10-29 08:30:00,110,94.71
XGBoost,4324,2006-10-29 08:45:00,107,128.72
XGBoost,4324,2006-10-29 09:00:00,144,121.76
XGBoost,4324,2006-10-29 09:15:00,140,159.0
XGBoost,4324,2006-10-29 09:30:00,154,160.06
XGBoost,4324,2006-10-29 09:45:00,192,175.59
XGBoost,4324,2006-10-29 10:00:00,178,199.44
XGBoost,4324,2006-10-29 10:15:00,211,199.98
XGBoost,4324,2006-10-29 10:30:00,211,229.26
XGBoost,4324,2006-10-29 10:45:00,228,241.16
XGBoost,4324,2006-10-29 11:00:00,232,251.3
XGBoost,4324,2006-10-29 11:15:00,258,249.57
XGBoost,4324,2006-10-29 11:30:00,259,278.31
XGBoost,4324,2006-10-29 11:45:00,300,280.78
XGBoost,4324,2006-10-29 12:00:00,298,306.91
XGBoost,4324,2006-10-29 12:15:00,321,312.86
XGBoost,4324,2006-10-29 12:30:00,293,324.87
XGBoost,4324,2006-10-29 12:45:00,321,312.74
XGBoost,4324,2006-10-29 13:00:00,286,319.18
XGBoost,4324,2006-10-29 13:15:00,328,300.53
XGBoost,4324,2006-10-29 13:30:00,293,318.4
XGBoost,4324,2006-10-29 13:45:00,310,308.3
XGBoost,4324,2006-10-29 14:00:00,304,313.02
XGBoost,4324,2006-10-29 14:15:00,275,309.88
XGBoost,4324,2006-10-29 14:30:00,291,288.29
XGBoost,4324,2006-10-29 14:45:00,268,291.3
XGBoost,4324,2006-10-29 15:00:00,287,285.23
XGBoost,4324,2006-10-29 15:15:00,286,290.23
XGBoost,4324,2006-10-29 15:30:00,297,294.48
XGBoost,4324,2006-10-29 15:45:00,313,296.8
XGBoost,4324,2006-10-29 16:00:00,321,309.39
XGBoost,4324,2006-10-29 16:15:00,277,315.08
XGBoost,4324,2006-10-29 16:30:00,325,294.16
XGBoost,4324,2006-10-29 16:45:00,313,309.34
XGBoost,4324,2006-10-29 17:00:00,351,310.35
XGBoost,4324,2006-10-29 17:15:00,320,331.14
XGBoost,4324,2006-10-29 17:30:00,284,317.23
XGBoost,4324,2006-10-29 17:45:00,289,289.39
XGBoost,4324,2006-10-29 18:00:00,290,254.63
XGBoost,4324,2006-10-29 18:15:00,299,266.9
XGBoost,4324,2006-10-29 18:30:00,239,268.02
XGBoost,4324,2006-10-29 18:45:00,264,236.66
XGBoost,4324,2006-10-29 19:00:00,225,229.58
XGBoost,4324,2006-10-29 19:15:00,220,207.64
XGBoost,4324,2006-10-29 19:30:00,221,198.33
XGBoost,4324,2006-10-29 19:45:00,205,191.5
XGBoost,4324,2006-10-29 20:00:00,175,197.08
XGBoost,4324,2006-10-29 20:15:00,162,172.82
XGBoost,4324,2006-10-29 20:30:00,163,162.45
XGBoost,4324,2006-10-29 20:45:00,161,155.06
XGBoost,4324,2006-10-29 21:00:00,155,147.31
XGBoost,4324,2006-10-29 21:15:00,158,139.21
XGBoost,4324,2006-10-29 21:30:00,143,152.23
XGBoost,4324,2006-10-29 21:45:00,107,133.48
XGBoost,4324,2006-10-29 22:00:00,137,104.55
XGBoost,4324,2006-10-29 22:15:00,89,118.09
XGBoost,4324,2006-10-29 22:30:00,92,94.7
XGBoost,4324,2006-10-29 22:45:00,88,83.41
XGBoost,4324,2006-10-29 23:00:00,77,76.88
XGBoost,4324,2006-10-29 23:15:00,59,69.05
XGBoost,4324,2006-10-29 23:30:00,74,55.9
XGBoost,4324,2006-10-29 23:45:00,55,59.24
XGBoost,4324,2006-10-30 00:00:00,57,50.03
XGBoost,4324,2006-10-30 00:15:00,30,47.41
XGBoost,4324,2006-10-30 00:30:00,33,31.29
XGBoost,4324,2006-10-30 00:45:00,21,28.62
XGBoost,4324,2006-10-30 01:00:00,21,21.06
XGBoost,4324,2006-10-30 01:15:00,13,18.02
XGBoost,4324,2006-10-30 01:30:00,31,14.99
XGBoost,4324,2006-10-30 01:45:00,15,18.48
XGBoost,4324,2006-10-30 02:00:00,13,15.73
XGBoost,4324,2006-10-30 02:15:00,11,11.83
XGBoost,4324,2006-10-30 02:30:00,11,11.27
XGBoost,4324,2006-10-30 02:45:00,13,12.06
XGBoost,4324,2006-10-30 03:00:00,8,13.59
XGBoost,4324,2006-10-30 03:15:00,7,12.12
XGBoost,4324,2006-10-30 03:30:00,12,11.88
XGBoost,4324,2006-10-30 03:45:00,15,12.63
XGBoost,4324,2006-10-30 04:00:00,17,19.26
XGBoost,4324,2006-10-30 04:15:00,10,20.78
XGBoost,4324,2006-10-30 04:30:00,17,20.48
XGBoost,4324,2006-10-30 04:45:00,29,22.17
XGBoost,4324,2006-10-30 05:00:00,28,37.8
XGBoost,4324,2006-10-30 05:15:00,32,39.08
XGBoost,4324,2006-10-30 05:30:00,39,44.14
XGBoost,4324,2006-10-30 05:45:00,60,51.17
XGBoost,4324,2006-10-30 06:00:00,78,66.78
XGBoost,4324,2006-10-30 06:15:00,112,96.89
XGBoost,4324,2006-10-30 06:30:00,153,147.41
XGBoost,4324,2006-10-30 06:45:00,215,204.91
XGBoost,4324,2006-10-30 07:00:00,262,269.75
XGBoost,4324,2006-10-30 07:15:00,315,347.14
XGBoost,4324,2006-10-30 07:30:00,401,391.02
XGBoost,4324,2006-10-30 07:45:00,457,476.54
XGBoost,4324,2006-10-30 08:00:00,496,520.34
XGBoost,4324,2006-10-30 08:15:00,547,536.26
XGBoost,4324,2006-10-30 08:30:00,530,528.99
XGBoost,4324,2006-10-30 08:45:00,424,504.7
XGBoost,4324,2006-10-30 09:00:00,392,402.78
XGBoost,4324,2006-10-30 09:15:00,300,353.94
XGBoost,4324,2006-10-30 09:30:00,287,300.15
XGBoost,4324,2006-10-30 09:45:00,282,274.71
XGBoost,4324,2006-10-30 10:00:00,273,269.08
XGBoost,4324,2006-10-30 10:15:00,259,263.39
XGBoost,4324,2006-10-30 10:30:00,285,252.2
XGBoost,4324,2006-10-30 10:45:00,324,269.29
XGBoost,4324,2006-10-30 11:00:00,317,296.17
XGBoost,4324,2006-10-30 11:15:00,282,304.01
XGBoost,4324,2006-10-30 11:30:00,290,291.74
XGBoost,4324,2006-10-30 11:45:00,347,303.65
XGBoost,4324,2006-10-30 12:00:00,288,327.97
XGBoost,4324,2006-10-30 12:15:00,317,316.23
XGBoost,4324,2006-10-30 12:30:00,317,310.95
XGBoost,4324,2006-10-30 12:45:00,315,323.57
XGBoost,4324,2006-10-30 13:00:00,320,306.1
XGBoost,4324,2006-10-30 13:15:00,325,326.55
XGBoost,4324,2006-10-30 13:30:00,326,314.45
XGBoost,4324,2006-10-30 13:45:00,338,316.46
XGBoost,4324,2006-10-30 14:00:00,293,337.81
XGBoost,4324,2006-10-30 14:15:00,327,310.6
XGBoost,4324,2006-10-30 14:30:00,335,324.96
XGBoost,4324,2006-10-30 14:45:00,356,320.99
XGBoost,4324,2006-10-30 15:00:00,343,361.47
XGBoost,4324,2006-10-30 15:15:00,388,358.52
XGBoost,4324,2006-10-30 15:30:00,398,396.3
XGBoost,4324,2006-10-30 15:45:00,374,405.42
XGBoost,4324,2006-10-30 16:00:00,406,396.19
XGBoost,4324,2006-10-30 16:15:00,366,386.56
XGBoost,4324,2006-10-30 16:30:00,414,395.52
XGBoost,4324,2006-10-30 16:45:00,373,404.86
XGBoost,4324,2006-10-30 17:00:00,424,409.61
XGBoost,4324,2006-10-30 17:15:00,454,425.36
XGBoost,4324,2006-10-30 17:30:00,460,471.21
XGBoost,4324,2006-10-30 17:45:00,413,471.1
XGBoost,4324,2006-10-30 18:00:00,411,391.03
XGBoost,4324,2006-10-30 18:15:00,410,378.0
XGBoost,4324,2006-10-30 18:30:00,345,367.55
XGBoost,4324,2006-10-30 18:45:00,367,328.65
XGBoost,4324,2006-10-30 19:00:00,312,309.02
XGBoost,4324,2006-10-30 19:15:00,285,279.43
XGBoost,4324,2006-10-30 19:30:00,245,251.08
XGBoost,4324,2006-10-30 19:45:00,235,228.6
XGBoost,4324,2006-10-30 20:00:00,215,210.21
XGBoost,4324,2006-10-30 20:15:00,190,197.75
XGBoost,4324,2006-10-30 20:30:00,203,184.23
XGBoost,4324,2006-10-30 20:45:00,163,185.41
XGBoost,4324,2006-10-30 21:00:00,162,162.89
XGBoost,4324,2006-10-30 21:15:00,162,160.37
XGBoost,4324,2006-10-30 21:30:00,164,155.27
XGBoost,4324,2006-10-30 21:45:00,151,144.91
XGBoost,4324,2006-10-30 22:00:00,118,138.34
XGBoost,4324,2006-10-30 22:15:00,134,108.25
XGBoost,4324,2006-10-30 22:30:00,105,115.38
XGBoost,4324,2006-10-30 22:45:00,95,96.19
XGBoost,4324,2006-10-30 23:00:00,90,76.46
XGBoost,4324,2006-10-30 23:15:00,72,71.59
XGBoost,4324,2006-10-30 23:30:00,47,62.86
XGBoost,4324,2006-10-30 23:45:00,56,46.99
XGBoost,4324,2006-10-31 00:00:00,52,43.48
XGBoost,4324,2006-10-31 00:15:00,37,39.81
XGBoost,4324,2006-10-31 00:30:00,36,31.36
XGBoost,4324,2006-10-31 00:45:00,30,28.04
XGBoost,4324,2006-10-31 01:00:00,24,24.95
XGBoost,4324,2006-10-31 01:15:00,17,20.62
XGBoost,4324,2006-10-31 01:30:00,18,18.91
XGBoost,4324,2006-10-31 01:45:00,10,15.2
XGBoost,4324,2006-10-31 02:00:00,11,13.38
XGBoost,4324,2006-10-31 02:15:00,12,10.91
XGBoost,4324,2006-10-31 02:30:00,18,10.61
XGBoost,4324,2006-10-31 02:45:00,18,12.45
XGBoost,4324,2006-10-31 03:00:00,11,14.6
XGBoost,4324,2006-10-31 03:15:00,16,12.78
XGBoost,4324,2006-10-31 03:30:00,16,13.7
XGBoost,4324,2006-10-31 03:45:00,21,14.85
XGBoost,4324,2006-10-31 04:00:00,13,19.86
XGBoost,4324,2006-10-31 04:15:00,6,16.71
XGBoost,4324,2006-10-31 04:30:00,11,16.35
XGBoost,4324,2006-10-31 04:45:00,31,19.17
XGBoost,4324,2006-10-31 05:00:00,30,36.24
XGBoost,4324,2006-10-31 05:15:00,32,38.99
XGBoost,4324,2006-10-31 05:30:00,49,44.56
XGBoost,4324,2006-10-31 05:45:00,76,64.6
XGBoost,4324,2006-10-31 06:00:00,78,96.6
XGBoost,4324,2006-10-31 06:15:00,123,117.48
XGBoost,4324,2006-10-31 06:30:00,182,167.6
XGBoost,4324,2006-10-31 06:45:00,207,240.2
XGBoost,4324,2006-10-31 07:00:00,267,270.27
XGBoost,4324,2006-10-31 07:15:00,326,321.85
XGBoost,4324,2006-10-31 07:30:00,388,405.22
XGBoost,4324,2006-10-31 07:45:00,427,453.72
XGBoost,4324,2006-10-31 08:00:00,496,495.88
XGBoost,4324,2006-10-31 08:15:00,556,538.79
XGBoost,4324,2006-10-31 08:30:00,461,525.98
XGBoost,4324,2006-10-31 08:45:00,431,458.15
XGBoost,4324,2006-10-31 09:00:00,352,412.46
XGBoost,4324,2006-10-31 09:15:00,350,351.7
XGBoost,4324,2006-10-31 09:30:00,289,326.71
XGBoost,4324,2006-10-31 09:45:00,332,300.55
XGBoost,4324,2006-10-31 10:00:00,288,306.87
XGBoost,4324,2006-10-31 10:15:00,312,288.19
XGBoost,4324,2006-10-31 10:30:00,317,301.72
XGBoost,4324,2006-10-31 10:45:00,294,321.45
XGBoost,4324,2006-10-31 11:00:00,324,310.57
XGBoost,4324,2006-10-31 11:15:00,280,307.01
XGBoost,4324,2006-10-31 11:30:00,309,300.17
XGBoost,4324,2006-10-31 11:45:00,342,324.12
XGBoost,4324,2006-10-31 12:00:00,321,322.81
XGBoost,4324,2006-10-31 12:15:00,316,321.81
XGBoost,4324,2006-10-31 12:30:00,317,315.33
XGBoost,4324,2006-10-31 12:45:00,307,315.4
XGBoost,4324,2006-10-31 13:00:00,322,320.76
XGBoost,4324,2006-10-31 13:15:00,311,324.91
XGBoost,4324,2006-10-31 13:30:00,304,322.66
XGBoost,4324,2006-10-31 13:45:00,297,323.76
XGBoost,4324,2006-10-31 14:00:00,286,315.07
XGBoost,4324,2006-10-31 14:15:00,288,322.97
XGBoost,4324,2006-10-31 14:30:00,341,322.33
XGBoost,4324,2006-10-31 14:45:00,338,348.62
XGBoost,4324,2006-10-31 15:00:00,355,363.54
XGBoost,4324,2006-10-31 15:15:00,401,376.67
XGBoost,4324,2006-10-31 15:30:00,396,409.4
XGBoost,4324,2006-10-31 15:45:00,348,407.47
XGBoost,4324,2006-10-31 16:00:00,364,386.13
XGBoost,4324,2006-10-31 16:15:00,413,384.59
XGBoost,4324,2006-10-31 16:30:00,373,410.87
XGBoost,4324,2006-10-31 16:45:00,398,399.51
XGBoost,4324,2006-10-31 17:00:00,407,413.14
XGBoost,4324,2006-10-31 17:15:00,452,446.84
XGBoost,4324,2006-10-31 17:30:00,470,465.22
XGBoost,4324,2006-10-31 17:45:00,462,462.53
XGBoost,4324,2006-10-31 18:00:00,412,424.46
XGBoost,4324,2006-10-31 18:15:00,448,404.26
XGBoost,4324,2006-10-31 18:30:00,422,401.53
XGBoost,4324,2006-10-31 18:45:00,339,396.47
XGBoost,4324,2006-10-31 19:00:00,335,318.09
XGBoost,4324,2006-10-31 19:15:00,321,291.63
XGBoost,4324,2006-10-31 19:30:00,277,281.34
XGBoost,4324,2006-10-31 19:45:00,234,249.92
XGBoost,4324,2006-10-31 20:00:00,231,230.45
XGBoost,4324,2006-10-31 20:15:00,247,214.92
XGBoost,4324,2006-10-31 20:30:00,227,229.93
XGBoost,4324,2006-10-31 20:45:00,196,202.15
XGBoost,4324,2006-10-31 21:00:00,175,192.3
XGBoost,4324,2006-10-31 21:15:00,185,175.96
XGBoost,4324,2006-10-31 21:30:00,202,179.52
XGBoost,4324,2006-10-31 21:45:00,180,186.29
XGBoost,4324,2006-10-31 22:00:00,165,161.03
XGBoost,4324,2006-10-31 22:15:00,136,152.13
XGBoost,4324,2006-10-31 22:30:00,146,126.81
XGBoost,4324,2006-10-31 22:45:00,137,122.79
XGBoost,4324,2006-10-31 23:00:00,83,113.47
XGBoost,4324,2006-10-31 23:15:00,86,79.62
XGBoost,4324,2006-10-31 23:30:00,68,69.83
XGBoost,4324,2006-10-31 23:45:00,54,59.98
XGBoost,4812,2006-10-29 00:00:00,231,49.47
XGBoost,4812,2006-10-29 00:15:00,225,150.55
XGBoost,4812,2006-10-29 00:30:00,192,207.6
XGBoost,4812,2006-10-29 00:45:00,169,177.27
XGBoost,4812,2006-10-29 01:00:00,137,156.07
XGBoost,4812,2006-10-29 01:15:00,145,146.5
XGBoost,4812,2006-10-29 01:30:00,123,161.19
XGBoost,4812,2006-10-29 01:45:00,45,160.35
XGBoost,4812,2006-10-29 02:00:00,45,56.75
XGBoost,4812,2006-10-29 02:15:00,48,44.01
XGBoost,4812,2006-10-29 02:30:00,46,42.42
XGBoost,4812,2006-10-29 02:45:00,115,39.0
XGBoost,4812,2006-10-29 03:00:00,87,87.08
XGBoost,4812,2006-10-29 03:15:00,89,82.21
XGBoost,4812,2006-10-29 03:30:00,78,79.3
XGBoost,4812,2006-10-29 03:45:00,87,88.22
XGBoost,4812,2006-10-29 04:00:00,89,90.73
XGBoost,4812,2006-10-29 04:15:00,77,98.58
XGBoost,4812,2006-10-29 04:30:00,71,88.68
XGBoost,4812,2006-10-29 04:45:00,42,66.04
XGBoost,4812,2006-10-29 05:00:00,71,55.49
XGBoost,4812,2006-10-29 05:15:00,54,66.53
XGBoost,4812,2006-10-29 05:30:00,76,66.49
XGBoost,4812,2006-10-29 05:45:00,56,79.95
XGBoost,4812,2006-10-29 06:00:00,44,73.17
XGBoost,4812,2006-10-29 06:15:00,66,61.14
XGBoost,4812,2006-10-29 06:30:00,78,76.86
XGBoost,4812,2006-10-29 06:45:00,75,99.26
XGBoost,4812,2006-10-29 07:00:00,72,90.53
XGBoost,4812,2006-10-29 07:15:00,91,97.18
XGBoost,4812,2006-10-29 07:30:00,92,115.55
XGBoost,4812,2006-10-29 07:45:00,99,125.89
XGBoost,4812,2006-10-29 08:00:00,79,128.21
XGBoost,4812,2006-10-29 08:15:00,112,122.46
XGBoost,4812,2006-10-29 08:30:00,118,140.65
XGBoost,4812,2006-10-29 08:45:00,166,147.59
XGBoost,4812,2006-10-29 09:00:00,147,191.06
XGBoost,4812,2006-10-29 09:15:00,153,179.06
XGBoost,4812,2006-10-29 09:30:00,201,178.49
XGBoost,4812,2006-10-29 09:45:00,202,214.4
XGBoost,4812,2006-10-29 10:00:00,224,227.12
XGBoost,4812,2006-10-29 10:15:00,220,228.97
XGBoost,4812,2006-10-29 10:30:00,256,237.59
XGBoost,4812,2006-10-29 10:45:00,228,261.59
XGBoost,4812,2006-10-29 11:00:00,243,250.55
XGBoost,4812,2006-10-29 11:15:00,275,248.4
XGBoost,4812,2006-10-29 11:30:00,302,290.59
XGBoost,4812,2006-10-29 11:45:00,368,299.5
XGBoost,4812,2006-10-29 12:00:00,327,347.79
XGBoost,4812,2006-10-29 12:15:00,376,332.83
XGBoost,4812,2006-10-29 12:30:00,342,361.66
XGBoost,4812,2006-10-29 12:45:00,392,351.16
XGBoost,4812,2006-10-29 13:00:00,354,352.37
XGBoost,4812,2006-10-29 13:15:00,361,352.8
XGBoost,4812,2006-10-29 13:30:00,385,352.78
XGBoost,4812,2006-10-29 13:45:00,310,353.42
XGBoost,4812,2006-10-29 14:00:00,344,332.77
XGBoost,4812,2006-10-29 14:15:00,368,334.02
XGBoost,4812,2006-10-29 14:30:00,355,356.23
XGBoost,4812,2006-10-29 14:45:00,388,352.0
XGBoost,4812,2006-10-29 15:00:00,366,379.6
XGBoost,4812,2006-10-29 15:15:00,344,373.79
XGBoost,4812,2006-10-29 15:30:00,377,357.27
XGBoost,4812,2006-10-29 15:45:00,355,373.72
XGBoost,4812,2006-10-29 16:00:00,373,359.2
XGBoost,4812,2006-10-29 16:15:00,411,370.84
XGBoost,4812,2006-10-29 16:30:00,432,394.42
XGBoost,4812,2006-10-29 16:45:00,369,421.06
XGBoost,4812,2006-10-29 17:00:00,362,388.29
XGBoost,4812,2006-10-29 17:15:00,401,374.4
XGBoost,4812,2006-10-29 17:30:00,400,413.33
XGBoost,4812,2006-10-29 17:45:00,372,417.14
XGBoost,4812,2006-10-29 18:00:00,352,382.96
XGBoost,4812,2006-10-29 18:15:00,350,346.18
XGBoost,4812,2006-10-29 18:30:00,372,328.77
XGBoost,4812,2006-10-29 18:45:00,332,336.49
XGBoost,4812,2006-10-29 19:00:00,301,304.31
XGBoost,4812,2006-10-29 19:15:00,232,275.24
XGBoost,4812,2006-10-29 19:30:00,214,215.65
XGBoost,4812,2006-10-29 19:45:00,194,191.36
XGBoost,4812,2006-10-29 20:00:00,180,189.15
XGBoost,4812,2006-10-29 20:15:00,203,173.41
XGBoost,4812,2006-10-29 20:30:00,206,185.8
XGBoost,4812,2006-10-29 20:45:00,196,186.89
XGBoost,4812,2006-10-29 21:00:00,201,187.82
XGBoost,4812,2006-10-29 21:15:00,163,177.01
XGBoost,4812,2006-10-29 21:30:00,142,150.31
XGBoost,4812,2006-10-29 21:45:00,167,140.72
XGBoost,4812,2006-10-29 22:00:00,154,144.06
XGBoost,4812,2006-10-29 22:15:00,144,134.82
XGBoost,4812,2006-10-29 22:30:00,127,128.95
XGBoost,4812,2006-10-29 22:45:00,138,114.73
XGBoost,4812,2006-10-29 23:00:00,121,107.67
XGBoost,4812,2006-10-29 23:15:00,103,98.71
XGBoost,4812,2006-10-29 23:30:00,92,84.54
XGBoost,4812,2006-10-29 23:45:00,73,72.77
XGBoost,4812,2006-10-30 00:00:00,67,63.09
XGBoost,4812,2006-10-30 00:15:00,58,55.46
XGBoost,4812,2006-10-30 00:30:00,56,51.94
XGBoost,4812,2006-10-30 00:45:00,45,45.74
XGBoost,4812,2006-10-30 01:00:00,45,39.29
XGBoost,4812,2006-10-30 01:15:00,42,37.06
XGBoost,4812,2006-10-30 01:30:00,25,35.31
XGBoost,4812,2006-10-30 01:45:00,29,25.12
XGBoost,4812,2006-10-30 02:00:00,18,25.97
XGBoost,4812,2006-10-30 02:15:00,20,21.25
XGBoost,4812,2006-10-30 02:30:00,22,19.03
XGBoost,4812,2006-10-30 02:45:00,24,20.94
XGBoost,4812,2006-10-30 03:00:00,24,23.71
XGBoost,4812,2006-10-30 03:15:00,31,23.77
XGBoost,4812,2006-10-30 03:30:00,31,27.62
XGBoost,4812,2006-10-30 03:45:00,18,29.85
XGBoost,4812,2006-10-30 04:00:00,30,32.27
XGBoost,4812,2006-10-30 04:15:00,13,35.7
XGBoost,4812,2006-10-30 04:30:00,21,29.22
XGBoost,4812,2006-10-30 04:45:00,23,25.49
XGBoost,4812,2006-10-30 05:00:00,27,38.37
XGBoost,4812,2006-10-30 05:15:00,33,38.97
XGBoost,4812,2006-10-30 05:30:00,83,51.95
XGBoost,4812,2006-10-30 05:45:00,99,91.38
XGBoost,4812,2006-10-30 06:00:00,116,140.14
XGBoost,4812,2006-10-30 06:15:00,159,165.16
XGBoost,4812,2006-10-30 06:30:00,207,227.08
XGBoost,4812,2006-10-30 06:45:00,272,286.81
XGBoost,4812,2006-10-30 07:00:00,301,349.55
XGBoost,4812,2006-10-30 07:15:00,400,394.2
XGBoost,4812,2006-10-30 07:30:00,503,438.38
XGBoost,4812,2006-10-30 07:45:00,573,556.9
XGBoost,4812,2006-10-30 08:00:00,616,582.1
XGBoost,4812,2006-10-30 08:15:00,562,621.74
XGBoost,4812,2006-10-30 08:30:00,632,542.74
XGBoost,4812,2006-10-30 08:45:00,626,576.78
XGBoost,4812,2006-10-30 09:00:00,482,518.54
XGBoost,4812,2006-10-30 09:15:00,409,447.75
XGBoost,4812,2006-10-30 09:30:00,387,379.37
XGBoost,4812,2006-10-30 09:45:00,354,346.18
XGBoost,4812,2006-10-30 10:00:00,390,330.36
XGBoost,4812,2006-10-30 10:15:00,308,339.24
XGBoost,4812,2006-10-30 10:30:00,355,318.29
XGBoost,4812,2006-10-30 10:45:00,330,320.6
XGBoost,4812,2006-10-30 11:00:00,351,318.39
XGBoost,4812,2006-10-30 11:15:00,374,330.5
XGBoost,4812,2006-10-30 11:30:00,328,357.56
XGBoost,4812,2006-10-30 11:45:00,307,349.05
XGBoost,4812,2006-10-30 12:00:00,309,326.42
XGBoost,4812,2006-10-30 12:15:00,362,330.54
XGBoost,4812,2006-10-30 12:30:00,350,346.63
XGBoost,4812,2006-10-30 12:45:00,389,359.84
XGBoost,4812,2006-10-30 13:00:00,374,370.41
XGBoost,4812,2006-10-30 13:15:00,339,375.02
XGBoost,4812,2006-10-30 13:30:00,338,352.6
XGBoost,4812,2006-10-30 13:45:00,343,329.4
XGBoost,4812,2006-10-30 14:00:00,316,356.72
XGBoost,4812,2006-10-30 14:15:00,389,352.53
XGBoost,4812,2006-10-30 14:30:00,399,383.38
XGBoost,4812,2006-10-30 14:45:00,427,408.57
XGBoost,4812,2006-10-30 15:00:00,461,441.51
XGBoost,4812,2006-10-30 15:15:00,499,475.88
XGBoost,4812,2006-10-30 15:30:00,482,498.69
XGBoost,4812,2006-10-30 15:45:00,488,504.21
XGBoost,4812,2006-10-30 16:00:00,513,491.54
XGBoost,4812,2006-10-30 16:15:00,489,502.43
XGBoost,4812,2006-10-30 16:30:00,518,501.05
XGBoost,4812,2006-10-30 16:45:00,506,507.73
XGBoost,4812,2006-10-30 17:00:00,533,515.34
XGBoost,4812,2006-10-30 17:15:00,632,536.12
XGBoost,4812,2006-10-30 17:30:00,639,604.83
XGBoost,4812,2006-10-30 17:45:00,621,625.27
XGBoost,4812,2006-10-30 18:00:00,590,564.07
XGBoost,4812,2006-10-30 18:15:00,569,541.61
XGBoost,4812,2006-10-30 18:30:00,531,531.67
XGBoost,4812,2006-10-30 18:45:00,465,502.29
XGBoost,4812,2006-10-30 19:00:00,380,417.1
XGBoost,4812,2006-10-30 19:15:00,354,335.29
XGBoost,4812,2006-10-30 19:30:00,301,304.01
XGBoost,4812,2006-10-30 19:45:00,260,273.08
XGBoost,4812,2006-10-30 20:00:00,216,245.42
XGBoost,4812,2006-10-30 20:15:00,243,229.4
XGBoost,4812,2006-10-30 20:30:00,218,231.31
XGBoost,4812,2006-10-30 20:45:00,217,216.07
XGBoost,4812,2006-10-30 21:00:00,217,215.42
XGBoost,4812,2006-10-30 21:15:00,212,198.34
XGBoost,4812,2006-10-30 21:30:00,169,193.73
XGBoost,4812,2006-10-30 21:45:00,185,172.42
XGBoost,4812,2006-10-30 22:00:00,149,166.74
XGBoost,4812,2006-10-30 22:15:00,156,144.51
XGBoost,4812,2006-10-30 22:30:00,148,137.41
XGBoost,4812,2006-10-30 22:45:00,113,136.45
XGBoost,4812,2006-10-30 23:00:00,105,106.34
XGBoost,4812,2006-10-30 23:15:00,80,89.58
XGBoost,4812,2006-10-30 23:30:00,90,75.36
XGBoost,4812,2006-10-30 23:45:00,67,70.74
XGBoost,4812,2006-10-31 00:00:00,64,58.43
XGBoost,4812,2006-10-31 00:15:00,35,51.26
XGBoost,4812,2006-10-31 00:30:00,41,38.49
XGBoost,4812,2006-10-31 00:45:00,34,33.34
XGBoost,4812,2006-10-31 01:00:00,26,31.77
XGBoost,4812,2006-10-31 01:15:00,31,25.86
XGBoost,4812,2006-10-31 01:30:00,22,24.86
XGBoost,4812,2006-10-31 01:45:00,25,21.54
XGBoost,4812,2006-10-31 02:00:00,17,20.89
XGBoost,4812,2006-10-31 02:15:00,14,18.86
XGBoost,4812,2006-10-31 02:30:00,21,16.01
XGBoost,4812,2006-10-31 02:45:00,14,18.33
XGBoost,4812,2006-10-31 03:00:00,15,16.29
XGBoost,4812,2006-10-31 03:15:00,17,15.73
XGBoost,4812,2006-10-31 03:30:00,28,17.95
XGBoost,4812,2006-10-31 03:45:00,21,21.7
XGBoost,4812,2006-10-31 04:00:00,28,28.21
XGBoost,4812,2006-10-31 04:15:00,26,26.71
XGBoost,4812,2006-10-31 04:30:00,12,28.36
XGBoost,4812,2006-10-31 04:45:00,27,23.41
XGBoost,4812,2006-10-31 05:00:00,35,33.22
XGBoost,4812,2006-10-31 05:15:00,42,44.62
XGBoost,4812,2006-10-31 05:30:00,79,63.67
XGBoost,4812,2006-10-31 05:45:00,110,107.05
XGBoost,4812,2006-10-31 06:00:00,111,153.34
XGBoost,4812,2006-10-31 06:15:00,170,172.83
XGBoost,4812,2006-10-31 06:30:00,224,237.96
XGBoost,4812,2006-10-31 06:45:00,311,307.2
XGBoost,4812,2006-10-31 07:00:00,353,352.06
XGBoost,4812,2006-10-31 07:15:00,437,424.98
XGBoost,4812,2006-10-31 07:30:00,455,516.03
XGBoost,4812,2006-10-31 07:45:00,616,564.36
XGBoost,4812,2006-10-31 08:00:00,624,606.01
XGBoost,4812,2006-10-31 08:15:00,614,601.29
XGBoost,4812,2006-10-31 08:30:00,618,620.73
XGBoost,4812,2006-10-31 08:45:00,572,619.84
XGBoost,4812,2006-10-31 09:00:00,542,492.43
XGBoost,4812,2006-10-31 09:15:00,483,475.27
XGBoost,4812,2006-10-31 09:30:00,387,446.6
XGBoost,4812,2006-10-31 09:45:00,447,385.64
XGBoost,4812,2006-10-31 10:00:00,367,422.16
XGBoost,4812,2006-10-31 10:15:00,322,374.08
XGBoost,4812,2006-10-31 10:30:00,365,343.49
XGBoost,4812,2006-10-31 10:45:00,371,346.02
XGBoost,4812,2006-10-31 11:00:00,379,367.79
XGBoost,4812,2006-10-31 11:15:00,328,377.43
XGBoost,4812,2006-10-31 11:30:00,404,341.61
XGBoost,4812,2006-10-31 11:45:00,397,359.48
XGBoost,4812,2006-10-31 12:00:00,343,370.08
XGBoost,4812,2006-10-31 12:15:00,367,363.09
XGBoost,4812,2006-10-31 12:30:00,426,359.53
XGBoost,4812,2006-10-31 12:45:00,379,398.43
XGBoost,4812,2006-10-31 13:00:00,368,395.31
XGBoost,4812,2006-10-31 13:15:00,404,360.74
XGBoost,4812,2006-10-31 13:30:00,380,372.17
XGBoost,4812,2006-10-31 13:45:00,383,378.31
XGBoost,4812,2006-10-31 14:00:00,400,377.28
XGBoost,4812,2006-10-31 14:15:00,404,408.61
XGBoost,4812,2006-10-31 14:30:00,410,413.82
XGBoost,4812,2006-10-31 14:45:00,442,424.37
XGBoost,4812,2006-10-31 15:00:00,446,468.67
XGBoost,4812,2006-10-31 15:15:00,452,492.37
XGBoost,4812,2006-10-31 15:30:00,520,488.0
XGBoost,4812,2006-10-31 15:45:00,525,510.35
XGBoost,4812,2006-10-31 16:00:00,519,530.56
XGBoost,4812,2006-10-31 16:15:00,534,516.8
XGBoost,4812,2006-10-31 16:30:00,504,544.95
XGBoost,4812,2006-10-31 16:45:00,467,534.17
XGBoost,4812,2006-10-31 17:00:00,573,520.05
XGBoost,4812,2006-10-31 17:15:00,682,591.13
XGBoost,4812,2006-10-31 17:30:00,620,638.33
XGBoost,4812,2006-10-31 17:45:00,670,622.18
XGBoost,4812,2006-10-31 18:00:00,647,607.55
XGBoost,4812,2006-10-31 18:15:00,567,601.09
XGBoost,4812,2006-10-31 18:30:00,524,544.49
XGBoost,4812,2006-10-31 18:45:00,493,518.38
XGBoost,4812,2006-10-31 19:00:00,442,434.43
XGBoost,4812,2006-10-31 19:15:00,410,399.34
XGBoost,4812,2006-10-31 19:30:00,329,366.03
XGBoost,4812,2006-10-31 19:45:00,309,299.19
XGBoost,4812,2006-10-31 20:00:00,288,280.76
XGBoost,4812,2006-10-31 20:15:00,262,271.57
XGBoost,4812,2006-10-31 20:30:00,222,251.81
XGBoost,4812,2006-10-31 20:45:00,259,229.85
XGBoost,4812,2006-10-31 21:00:00,251,242.41
XGBoost,4812,2006-10-31 21:15:00,229,240.37
XGBoost,4812,2006-10-31 21:30:00,238,209.98
XGBoost,4812,2006-10-31 21:45:00,242,215.25
XGBoost,4812,2006-10-31 22:00:00,213,203.7
XGBoost,4812,2006-10-31 22:15:00,223,193.07
XGBoost,4812,2006-10-31 22:30:00,173,193.51
XGBoost,4812,2006-10-31 22:45:00,170,163.53
XGBoost,4812,2006-10-31 23:00:00,149,142.14
XGBoost,4812,2006-10-31 23:15:00,114,121.95
XGBoost,4812,2006-10-31 23:30:00,85,101.41
XGBoost,4812,2006-10-31 23:45:00,84,74.55
XGBoost,4821,2006-10-27 12:00:00,516,484.19
XGBoost,4821,2006-10-27 12:15:00,509,499.14
XGBoost,4821,2006-10-27 12:30:00,565,514.64
XGBoost,4821,2006-10-27 12:45:00,543,529.85
XGBoost,4821,2006-10-27 13:00:00,558,536.92
XGBoost,4821,2006-10-27 13:15:00,529,542.88
XGBoost,4821,2006-10-27 13:30:00,533,528.72
XGBoost,4821,2006-10-27 13:45:00,535,521.09
XGBoost,4821,2006-10-27 14:00:00,522,526.44
XGBoost,4821,2006-10-27 14:15:00,536,535.75
XGBoost,4821,2006-10-27 14:30:00,506,541.23
XGBoost,4821,2006-10-27 14:45:00,547,535.89
XGBoost,4821,2006-10-27 15:00:00,530,556.63
XGBoost,4821,2006-10-27 15:15:00,546,563.8
XGBoost,4821,2006-10-27 15:30:00,608,558.26
XGBoost,4821,2006-10-27 15:45:00,590,587.96
XGBoost,4821,2006-10-27 16:00:00,604,610.08
XGBoost,4821,2006-10-27 16:15:00,595,610.05
XGBoost,4821,2006-10-27 16:30:00,640,608.78
XGBoost,4821,2006-10-27 16:45:00,616,631.11
XGBoost,4821,2006-10-27 17:00:00,633,656.51
XGBoost,4821,2006-10-27 17:15:00,678,676.56
XGBoost,4821,2006-10-27 17:30:00,772,685.89
XGBoost,4821,2006-10-27 17:45:00,647,733.81
XGBoost,4821,2006-10-27 18:00:00,720,666.22
XGBoost,4821,2006-10-27 18:15:00,664,672.42
XGBoost,4821,2006-10-27 18:30:00,613,635.14
XGBoost,4821,2006-10-27 18:45:00,550,586.14
XGBoost,4821,2006-10-27 19:00:00,524,523.87
XGBoost,4821,2006-10-27 19:15:00,509,482.16
XGBoost,4821,2006-10-27 19:30:00,397,450.17
XGBoost,4821,2006-10-27 19:45:00,434,365.91
XGBoost,4821,2006-10-27 20:00:00,378,382.21
XGBoost,4821,2006-10-27 20:15:00,361,368.31
XGBoost,4821,2006-10-27 20:30:00,302,344.05
XGBoost,4821,2006-10-27 20:45:00,332,302.06
XGBoost,4821,2006-10-27 21:00:00,354,317.01
XGBoost,4821,2006-10-27 21:15:00,298,317.55
XGBoost,4821,2006-10-27 21:30:00,252,304.35
XGBoost,4821,2006-10-27 21:45:00,248,255.76
XGBoost,4821,2006-10-27 22:00:00,240,246.01
XGBoost,4821,2006-10-27 22:15:00,223,240.19
XGBoost,4821,2006-10-27 22:30:00,270,218.89
XGBoost,4821,2006-10-27 22:45:00,243,239.22
XGBoost,4821,2006-10-27 23:00:00,231,233.23
XGBoost,4821,2006-10-27 23:15:00,232,205.44
XGBoost,4821,2006-10-27 23:30:00,210,201.09
XGBoost,4821,2006-10-27 23:45:00,195,192.37
XGBoost,4821,2006-10-28 00:00:00,165,178.11
XGBoost,4821,2006-10-28 00:15:00,160,155.3
XGBoost,4821,2006-10-28 00:30:00,152,139.18
XGBoost,4821,2006-10-28 00:45:00,132,131.42
XGBoost,4821,2006-10-28 01:00:00,111,119.25
XGBoost,4821,2006-10-28 01:15:00,134,100.03
XGBoost,4821,2006-10-28 01:30:00,95,110.71
XGBoost,4821,2006-10-28 01:45:00,80,90.4
XGBoost,4821,2006-10-28 02:00:00,73,76.23
XGBoost,4821,2006-10-28 02:15:00,79,68.71
XGBoost,4821,2006-10-28 02:30:00,59,70.41
XGBoost,4821,2006-10-28 02:45:00,85,58.31
XGBoost,4821,2006-10-28 03:00:00,58,69.64
XGBoost,4821,2006-10-28 03:15:00,62,59.67
XGBoost,4821,2006-10-28 03:30:00,43,54.3
XGBoost,4821,2006-10-28 03:45:00,41,44.62
XGBoost,4821,2006-10-28 04:00:00,50,41.87
XGBoost,4821,2006-10-28 04:15:00,54,45.03
XGBoost,4821,2006-10-28 04:30:00,51,48.04
XGBoost,4821,2006-10-28 04:45:00,34,49.45
XGBoost,4821,2006-10-28 05:00:00,40,49.82
XGBoost,4821,2006-10-28 05:15:00,52,51.26
XGBoost,4821,2006-10-28 05:30:00,73,64.59
XGBoost,4821,2006-10-28 05:45:00,83,84.35
XGBoost,4821,2006-10-28 06:00:00,93,97.3
XGBoost,4821,2006-10-28 06:15:00,112,116.3
XGBoost,4821,2006-10-28 06:30:00,135,143.45
XGBoost,4821,2006-10-28 06:45:00,173,161.23
XGBoost,4821,2006-10-28 07:00:00,144,194.28
XGBoost,4821,2006-10-28 07:15:00,153,187.69
XGBoost,4821,2006-10-28 07:30:00,190,189.61
XGBoost,4821,2006-10-28 07:45:00,260,215.61
XGBoost,4821,2006-10-28 08:00:00,247,282.64
XGBoost,4821,2006-10-28 08:15:00,273,285.95
XGBoost,4821,2006-10-28 08:30:00,329,315.01
XGBoost,4821,2006-10-28 08:45:00,346,367.65
XGBoost,4821,2006-10-28 09:00:00,369,377.43
XGBoost,4821,2006-10-28 09:15:00,404,389.74
XGBoost,4821,2006-10-28 09:30:00,443,421.4
XGBoost,4821,2006-10-28 09:45:00,477,451.18
XGBoost,4821,2006-10-28 10:00:00,463,473.47
XGBoost,4821,2006-10-28 10:15:00,442,478.81
XGBoost,4821,2006-10-28 10:30:00,522,478.43
XGBoost,4821,2006-10-28 10:45:00,517,495.37
XGBoost,4821,2006-10-28 11:00:00,529,518.69
XGBoost,4821,2006-10-28 11:15:00,544,514.21
XGBoost,4821,2006-10-28 11:30:00,595,549.3
XGBoost,4821,2006-10-28 11:45:00,613,583.88
XGBoost,4821,2006-10-28 12:00:00,619,597.01
XGBoost,4821,2006-10-28 12:15:00,611,595.4
XGBoost,4821,2006-10-28 12:30:00,622,622.74
XGBoost,4821,2006-10-28 12:45:00,606,619.05
XGBoost,4821,2006-10-28 13:00:00,604,606.87
XGBoost,4821,2006-10-28 13:15:00,548,591.49
XGBoost,4821,2006-10-28 13:30:00,600,579.83
XGBoost,4821,2006-10-28 13:45:00,596,583.9
XGBoost,4821,2006-10-28 14:00:00,585,582.87
XGBoost,4821,2006-10-28 14:15:00,624,584.54
XGBoost,4821,2006-10-28 14:30:00,628,583.03
XGBoost,4821,2006-10-28 14:45:00,584,601.8
XGBoost,4821,2006-10-28 15:00:00,544,583.61
XGBoost,4821,2006-10-28 15:15:00,583,570.15
XGBoost,4821,2006-10-28 15:30:00,544,579.5
XGBoost,4821,2006-10-28 15:45:00,565,561.52
XGBoost,4821,2006-10-28 16:00:00,565,566.23
XGBoost,4821,2006-10-28 16:15:00,628,565.93
XGBoost,4821,2006-10-28 16:30:00,574,593.47
XGBoost,4821,2006-10-28 16:45:00,532,590.44
XGBoost,4821,2006-10-28 17:00:00,544,557.55
XGBoost,4821,2006-10-28 17:15:00,480,558.62
XGBoost,4821,2006-10-28 17:30:00,516,559.08
XGBoost,4821,2006-10-28 17:45:00,503,527.11
XGBoost,4821,2006-10-28 18:00:00,458,504.07
XGBoost,4821,2006-10-28 18:15:00,427,453.94
XGBoost,4821,2006-10-28 18:30:00,432,433.21
XGBoost,4821,2006-10-28 18:45:00,399,421.64
XGBoost,4821,2006-10-28 19:00:00,381,361.9
XGBoost,4821,2006-10-28 19:15:00,369,352.69
XGBoost,4821,2006-10-28 19:30:00,322,334.43
XGBoost,4821,2006-10-28 19:45:00,335,316.77
XGBoost,4821,2006-10-28 20:00:00,292,310.44
XGBoost,4821,2006-10-28 20:15:00,276,287.47
XGBoost,4821,2006-10-28 20:30:00,274,273.05
XGBoost,4821,2006-10-28 20:45:00,286,267.32
XGBoost,4821,2006-10-28 21:00:00,263,282.85
XGBoost,4821,2006-10-28 21:15:00,238,266.63
XGBoost,4821,2006-10-28 21:30:00,190,231.68
XGBoost,4821,2006-10-28 21:45:00,211,203.8
XGBoost,4821,2006-10-28 22:00:00,209,207.07
XGBoost,4821,2006-10-28 22:15:00,214,210.69
XGBoost,4821,2006-10-28 22:30:00,238,219.55
XGBoost,4821,2006-10-28 22:45:00,240,224.09
XGBoost,4821,2006-10-28 23:00:00,194,226.95
XGBoost,4821,2006-10-28 23:15:00,221,205.3
XGBoost,4821,2006-10-28 23:30:00,192,207.96
XGBoost,4821,2006-10-28 23:45:00,232,200.65
XGBoost,4821,2006-10-29 00:00:00,211,188.74
XGBoost,4821,2006-10-29 00:15:00,164,191.52
XGBoost,4821,2006-10-29 00:30:00,159,162.06
XGBoost,4821,2006-10-29 00:45:00,133,147.54
XGBoost,4821,2006-10-29 01:00:00,168,127.03
XGBoost,4821,2006-10-29 01:15:00,134,145.69
XGBoost,4821,2006-10-29 01:30:00,110,124.9
XGBoost,4821,2006-10-29 01:45:00,53,101.6
XGBoost,4821,2006-10-29 02:00:00,55,67.43
XGBoost,4821,2006-10-29 02:15:00,47,56.3
XGBoost,4821,2006-10-29 02:30:00,53,50.1
XGBoost,4821,2006-10-29 02:45:00,113,50.68
XGBoost,4821,2006-10-29 03:00:00,109,90.01
XGBoost,4821,2006-10-29 03:15:00,96,98.81
XGBoost,4821,2006-10-29 03:30:00,76,90.58
XGBoost,4821,2006-10-29 03:45:00,80,84.36
XGBoost,4821,2006-10-29 04:00:00,76,76.61
XGBoost,4821,2006-10-29 04:15:00,86,81.19
XGBoost,4821,2006-10-29 04:30:00,81,84.32
XGBoost,4821,2006-10-29 04:45:00,55,74.56
XGBoost,4821,2006-10-29 05:00:00,68,65.1
XGBoost,4821,2006-10-29 05:15:00,74,69.14
XGBoost,4821,2006-10-29 05:30:00,69,76.29
XGBoost,4821,2006-10-29 05:45:00,72,77.86
XGBoost,4821,2006-10-29 06:00:00,68,78.47
XGBoost,4821,2006-10-29 06:15:00,69,77.87
XGBoost,4821,2006-10-29 06:30:00,84,78.24
XGBoost,4821,2006-10-29 06:45:00,96,92.75
XGBoost,4821,2006-10-29 07:00:00,64,99.57
XGBoost,4821,2006-10-29 07:15:00,97,77.56
XGBoost,4821,2006-10-29 07:30:00,93,96.27
XGBoost,4821,2006-10-29 07:45:00,113,107.83
XGBoost,4821,2006-10-29 08:00:00,89,126.22
XGBoost,4821,2006-10-29 08:15:00,121,108.63
XGBoost,4821,2006-10-29 08:30:00,136,132.13
XGBoost,4821,2006-10-29 08:45:00,140,149.11
XGBoost,4821,2006-10-29 09:00:00,169,162.05
XGBoost,4821,2006-10-29 09:15:00,208,181.45
XGBoost,4821,2006-10-29 09:30:00,221,232.92
XGBoost,4821,2006-10-29 09:45:00,303,260.48
XGBoost,4821,2006-10-29 10:00:00,279,323.13
XGBoost,4821,2006-10-29 10:15:00,307,312.14
XGBoost,4821,2006-10-29 10:30:00,318,343.75
XGBoost,4821,2006-10-29 10:45:00,356,349.8
XGBoost,4821,2006-10-29 11:00:00,354,373.38
XGBoost,4821,2006-10-29 11:15:00,397,374.46
XGBoost,4821,2006-10-29 11:30:00,433,402.1
XGBoost,4821,2006-10-29 11:45:00,456,454.02
XGBoost,4821,2006-10-29 12:00:00,449,479.34
XGBoost,4821,2006-10-29 12:15:00,507,483.38
XGBoost,4821,2006-10-29 12:30:00,529,506.55
XGBoost,4821,2006-10-29 12:45:00,535,530.68
XGBoost,4821,2006-10-29 13:00:00,570,529.86
XGBoost,4821,2006-10-29 13:15:00,544,540.45
XGBoost,4821,2006-10-29 13:30:00,521,549.07
XGBoost,4821,2006-10-29 13:45:00,546,538.16
XGBoost,4821,2006-10-29 14:00:00,541,534.4
XGBoost,4821,2006-10-29 14:15:00,524,546.78
XGBoost,4821,2006-10-29 14:30:00,559,533.61
XGBoost,4821,2006-10-29 14:45:00,560,543.58
XGBoost,4821,2006-10-29 15:00:00,590,553.6
XGBoost,4821,2006-10-29 15:15:00,556,564.83
XGBoost,4821,2006-10-29 15:30:00,546,557.82
XGBoost,4821,2006-10-29 15:45:00,505,552.23
XGBoost,4821,2006-10-29 16:00:00,549,538.98
XGBoost,4821,2006-10-29 16:15:00,543,539.26
XGBoost,4821,2006-10-29 16:30:00,539,545.13
XGBoost,4821,2006-10-29 16:45:00,522,532.2
XGBoost,4821,2006-10-29 17:00:00,549,527.43
XGBoost,4821,2006-10-29 17:15:00,525,518.28
XGBoost,4821,2006-10-29 17:30:00,478,530.19
XGBoost,4821,2006-10-29 17:45:00,491,494.0
XGBoost,4821,2006-10-29 18:00:00,483,443.42
XGBoost,4821,2006-10-29 18:15:00,391,432.88
XGBoost,4821,2006-10-29 18:30:00,370,389.99
XGBoost,4821,2006-10-29 18:45:00,325,349.81
XGBoost,4821,2006-10-29 19:00:00,311,304.98
XGBoost,4821,2006-10-29 19:15:00,254,279.1
XGBoost,4821,2006-10-29 19:30:00,230,237.21
XGBoost,4821,2006-10-29 19:45:00,242,216.25
XGBoost,4821,2006-10-29 20:00:00,233,229.31
XGBoost,4821,2006-10-29 20:15:00,234,218.8
XGBoost,4821,2006-10-29 20:30:00,216,216.96
XGBoost,4821,2006-10-29 20:45:00,231,209.08
XGBoost,4821,2006-10-29 21:00:00,232,213.67
XGBoost,4821,2006-10-29 21:15:00,198,211.63
XGBoost,4821,2006-10-29 21:30:00,193,191.8
XGBoost,4821,2006-10-29 21:45:00,213,185.78
XGBoost,4821,2006-10-29 22:00:00,158,179.35
XGBoost,4821,2006-10-29 22:15:00,150,160.87
XGBoost,4821,2006-10-29 22:30:00,133,139.98
XGBoost,4821,2006-10-29 22:45:00,165,131.42
XGBoost,4821,2006-10-29 23:00:00,138,134.12
XGBoost,4821,2006-10-29 23:15:00,110,126.96
XGBoost,4821,2006-10-29 23:30:00,123,101.64
XGBoost,4821,2006-10-29 23:45:00,83,103.36
XGBoost,4821,2006-10-30 00:00:00,71,80.12
XGBoost,4821,2006-10-30 00:15:00,73,61.84
XGBoost,4821,2006-10-30 00:30:00,61,55.74
XGBoost,4821,2006-10-30 00:45:00,53,52.38
XGBoost,4821,2006-10-30 01:00:00,43,45.7
XGBoost,4821,2006-10-30 01:15:00,36,37.35
XGBoost,4821,2006-10-30 01:30:00,35,32.25
XGBoost,4821,2006-10-30 01:45:00,29,30.17
XGBoost,4821,2006-10-30 02:00:00,39,27.78
XGBoost,4821,2006-10-30 02:15:00,20,32.12
XGBoost,4821,2006-10-30 02:30:00,27,23.0
XGBoost,4821,2006-10-30 02:45:00,37,23.94
XGBoost,4821,2006-10-30 03:00:00,25,32.42
XGBoost,4821,2006-10-30 03:15:00,25,27.28
XGBoost,4821,2006-10-30 03:30:00,21,24.73
XGBoost,4821,2006-10-30 03:45:00,26,22.95
XGBoost,4821,2006-10-30 04:00:00,27,32.91
XGBoost,4821,2006-10-30 04:15:00,34,34.45
XGBoost,4821,2006-10-30 04:30:00,29,42.24
XGBoost,4821,2006-10-30 04:45:00,43,36.82
XGBoost,4821,2006-10-30 05:00:00,40,57.81
XGBoost,4821,2006-10-30 05:15:00,65,64.17
XGBoost,4821,2006-10-30 05:30:00,92,78.87
XGBoost,4821,2006-10-30 05:45:00,127,121.14
XGBoost,4821,2006-10-30 06:00:00,146,171.91
XGBoost,4821,2006-10-30 06:15:00,171,190.76
XGBoost,4821,2006-10-30 06:30:00,245,248.59
XGBoost,4821,2006-10-30 06:45:00,335,343.4
XGBoost,4821,2006-10-30 07:00:00,407,393.84
XGBoost,4821,2006-10-30 07:15:00,490,470.51
XGBoost,4821,2006-10-30 07:30:00,540,550.52
XGBoost,4821,2006-10-30 07:45:00,602,609.13
XGBoost,4821,2006-10-30 08:00:00,605,601.89
XGBoost,4821,2006-10-30 08:15:00,696,598.3
XGBoost,4821,2006-10-30 08:30:00,584,645.88
XGBoost,4821,2006-10-30 08:45:00,616,585.17
XGBoost,4821,2006-10-30 09:00:00,660,530.41
XGBoost,4821,2006-10-30 09:15:00,503,552.38
XGBoost,4821,2006-10-30 09:30:00,489,463.02
XGBoost,4821,2006-10-30 09:45:00,469,456.35
XGBoost,4821,2006-10-30 10:00:00,403,473.3
XGBoost,4821,2006-10-30 10:15:00,423,403.03
XGBoost,4821,2006-10-30 10:30:00,428,400.9
XGBoost,4821,2006-10-30 10:45:00,404,417.66
XGBoost,4821,2006-10-30 11:00:00,411,405.43
XGBoost,4821,2006-10-30 11:15:00,462,407.77
XGBoost,4821,2006-10-30 11:30:00,414,443.06
XGBoost,4821,2006-10-30 11:45:00,450,455.56
XGBoost,4821,2006-10-30 12:00:00,466,435.38
XGBoost,4821,2006-10-30 12:15:00,474,473.73
XGBoost,4821,2006-10-30 12:30:00,493,480.39
XGBoost,4821,2006-10-30 12:45:00,498,492.03
XGBoost,4821,2006-10-30 13:00:00,469,501.95
XGBoost,4821,2006-10-30 13:15:00,475,490.07
XGBoost,4821,2006-10-30 13:30:00,513,486.83
XGBoost,4821,2006-10-30 13:45:00,434,500.79
XGBoost,4821,2006-10-30 14:00:00,516,509.47
XGBoost,4821,2006-10-30 14:15:00,489,516.57
XGBoost,4821,2006-10-30 14:30:00,496,530.92
XGBoost,4821,2006-10-30 14:45:00,484,525.59
XGBoost,4821,2006-10-30 15:00:00,497,551.38
XGBoost,4821,2006-10-30 15:15:00,547,542.33
XGBoost,4821,2006-10-30 15:30:00,558,560.35
XGBoost,4821,2006-10-30 15:45:00,531,578.93
XGBoost,4821,2006-10-30 16:00:00,568,575.98
XGBoost,4821,2006-10-30 16:15:00,563,584.52
XGBoost,4821,2006-10-30 16:30:00,619,595.21
XGBoost,4821,2006-10-30 16:45:00,563,616.15
XGBoost,4821,2006-10-30 17:00:00,605,626.38
XGBoost,4821,2006-10-30 17:15:00,720,623.58
XGBoost,4821,2006-10-30 17:30:00,715,712.56
XGBoost,4821,2006-10-30 17:45:00,704,709.73
XGBoost,4821,2006-10-30 18:00:00,679,655.33
XGBoost,4821,2006-10-30 18:15:00,601,622.94
XGBoost,4821,2006-10-30 18:30:00,542,554.83
XGBoost,4821,2006-10-30 18:45:00,453,508.42
XGBoost,4821,2006-10-30 19:00:00,433,414.53
XGBoost,4821,2006-10-30 19:15:00,328,380.33
XGBoost,4821,2006-10-30 19:30:00,312,310.3
XGBoost,4821,2006-10-30 19:45:00,337,275.39
XGBoost,4821,2006-10-30 20:00:00,284,294.06
XGBoost,4821,2006-10-30 20:15:00,254,266.97
XGBoost,4821,2006-10-30 20:30:00,249,244.76
XGBoost,4821,2006-10-30 20:45:00,258,238.44
XGBoost,4821,2006-10-30 21:00:00,227,243.56
XGBoost,4821,2006-10-30 21:15:00,218,222.59
XGBoost,4821,2006-10-30 21:30:00,187,212.7
XGBoost,4821,2006-10-30 21:45:00,189,201.56
XGBoost,4821,2006-10-30 22:00:00,195,170.31
XGBoost,4821,2006-10-30 22:15:00,155,175.75
XGBoost,4821,2006-10-30 22:30:00,164,145.8
XGBoost,4821,2006-10-30 22:45:00,111,157.49
XGBoost,4821,2006-10-30 23:00:00,127,110.47
XGBoost,4821,2006-10-30 23:15:00,97,103.57
XGBoost,4821,2006-10-30 23:30:00,102,89.95
XGBoost,4821,2006-10-30 23:45:00,102,79.92
XGBoost,4821,2006-10-31 00:00:00,62,82.19
XGBoost,4821,2006-10-31 00:15:00,63,59.08
XGBoost,4821,2006-10-31 00:30:00,48,50.46
XGBoost,4821,2006-10-31 00:45:00,50,43.6
XGBoost,4821,2006-10-31 01:00:00,37,38.53
XGBoost,4821,2006-10-31 01:15:00,27,32.4
XGBoost,4821,2006-10-31 01:30:00,27,26.69
XGBoost,4821,2006-10-31 01:45:00,26,23.55
XGBoost,4821,2006-10-31 02:00:00,18,26.04
XGBoost,4821,2006-10-31 02:15:00,15,19.27
XGBoost,4821,2006-10-31 02:30:00,19,17.38
XGBoost,4821,2006-10-31 02:45:00,23,18.21
XGBoost,4821,2006-10-31 03:00:00,21,21.81
XGBoost,4821,2006-10-31 03:15:00,17,21.04
XGBoost,4821,2006-10-31 03:30:00,26,17.69
XGBoost,4821,2006-10-31 03:45:00,29,23.35
XGBoost,4821,2006-10-31 04:00:00,34,31.48
XGBoost,4821,2006-10-31 04:15:00,23,39.38
XGBoost,4821,2006-10-31 04:30:00,27,31.39
XGBoost,4821,2006-10-31 04:45:00,45,31.62
XGBoost,4821,2006-10-31 05:00:00,43,53.99
XGBoost,4821,2006-10-31 05:15:00,66,62.96
XGBoost,4821,2006-10-31 05:30:00,81,91.56
XGBoost,4821,2006-10-31 05:45:00,136,120.07
XGBoost,4821,2006-10-31 06:00:00,123,178.52
XGBoost,4821,2006-10-31 06:15:00,194,185.11
XGBoost,4821,2006-10-31 06:30:00,326,275.34
XGBoost,4821,2006-10-31 06:45:00,364,386.46
XGBoost,4821,2006-10-31 07:00:00,429,441.4
XGBoost,4821,2006-10-31 07:15:00,536,515.59
XGBoost,4821,2006-10-31 07:30:00,511,603.36
XGBoost,4821,2006-10-31 07:45:00,618,598.38
XGBoost,4821,2006-10-31 08:00:00,569,610.01
XGBoost,4821,2006-10-31 08:15:00,621,621.26
XGBoost,4821,2006-10-31 08:30:00,575,581.69
XGBoost,4821,2006-10-31 08:45:00,582,595.25
XGBoost,4821,2006-10-31 09:00:00,565,580.17
XGBoost,4821,2006-10-31 09:15:00,574,519.16
XGBoost,4821,2006-10-31 09:30:00,445,513.92
XGBoost,4821,2006-10-31 09:45:00,490,465.08
XGBoost,4821,2006-10-31 10:00:00,404,455.45
XGBoost,4821,2006-10-31 10:15:00,416,429.26
XGBoost,4821,2006-10-31 10:30:00,478,415.05
XGBoost,4821,2006-10-31 10:45:00,425,437.79
XGBoost,4821,2006-10-31 11:00:00,426,435.33
XGBoost,4821,2006-10-31 11:15:00,474,463.95
XGBoost,4821,2006-10-31 11:30:00,456,448.02
XGBoost,4821,2006-10-31 11:45:00,499,462.25
XGBoost,4821,2006-10-31 12:00:00,490,471.35
XGBoost,4821,2006-10-31 12:15:00,488,484.01
XGBoost,4821,2006-10-31 12:30:00,467,485.6
XGBoost,4821,2006-10-31 12:45:00,495,483.85
XGBoost,4821,2006-10-31 13:00:00,452,479.05
XGBoost,4821,2006-10-31 13:15:00,501,476.45
XGBoost,4821,2006-10-31 13:30:00,496,491.01
XGBoost,4821,2006-10-31 13:45:00,496,474.56
XGBoost,4821,2006-10-31 14:00:00,508,510.91
XGBoost,4821,2006-10-31 14:15:00,480,507.5
XGBoost,4821,2006-10-31 14:30:00,496,500.2
XGBoost,4821,2006-10-31 14:45:00,525,500.03
XGBoost,4821,2006-10-31 15:00:00,559,525.67
XGBoost,4821,2006-10-31 15:15:00,541,562.28
XGBoost,4821,2006-10-31 15:30:00,503,572.68
XGBoost,4821,2006-10-31 15:45:00,530,550.56
XGBoost,4821,2006-10-31 16:00:00,608,554.91
XGBoost,4821,2006-10-31 16:15:00,550,587.48
XGBoost,4821,2006-10-31 16:30:00,564,605.84
XGBoost,4821,2006-10-31 16:45:00,598,580.57
XGBoost,4821,2006-10-31 17:00:00,692,617.79
XGBoost,4821,2006-10-31 17:15:00,697,700.42
XGBoost,4821,2006-10-31 17:30:00,706,715.09
XGBoost,4821,2006-10-31 17:45:00,665,717.47
XGBoost,4821,2006-10-31 18:00:00,687,677.48
XGBoost,4821,2006-10-31 18:15:00,574,632.82
XGBoost,4821,2006-10-31 18:30:00,528,565.78
XGBoost,4821,2006-10-31 18:45:00,525,504.33
XGBoost,4821,2006-10-31 19:00:00,457,469.87
XGBoost,4821,2006-10-31 19:15:00,413,407.76
XGBoost,4821,2006-10-31 19:30:00,341,371.27
XGBoost,4821,2006-10-31 19:45:00,343,329.99
XGBoost,4821,2006-10-31 20:00:00,290,313.86
XGBoost,4821,2006-10-31 20:15:00,329,285.84
XGBoost,4821,2006-10-31 20:30:00,275,292.55
XGBoost,4821,2006-10-31 20:45:00,306,275.63
XGBoost,4821,2006-10-31 21:00:00,271,278.29
XGBoost,4821,2006-10-31 21:15:00,245,259.34
XGBoost,4821,2006-10-31 21:30:00,256,229.73
XGBoost,4821,2006-10-31 21:45:00,224,230.76
XGBoost,4821,2006-10-31 22:00:00,194,213.56
XGBoost,4821,2006-10-31 22:15:00,187,179.61
XGBoost,4821,2006-10-31 22:30:00,190,176.72
XGBoost,4821,2006-10-31 22:45:00,190,164.0
XGBoost,4821,2006-10-31 23:00:00,148,154.53
XGBoost,4821,2006-10-31 23:15:00,122,125.59
XGBoost,4821,2006-10-31 23:30:00,106,106.25
XGBoost,4821,2006-10-31 23:45:00,96,93.47
