model_name,scats_number,hour_datetime,actual_flow_hourly,predicted_flow_hourly
XGBoost,970,2006-10-27 12:00:00,3473,3502.02
XGBoost,970,2006-10-27 13:00:00,3580,3560.6199
XGBoost,970,2006-10-27 14:00:00,3817,3705.26
XGBoost,970,2006-10-27 15:00:00,4371,4328.56
XGBoost,970,2006-10-27 16:00:00,4865,4823.13
XGBoost,970,2006-10-27 17:00:00,5061,5150.03
XGBoost,970,2006-10-27 18:00:00,4515,4556.69
XGBoost,970,2006-10-27 19:00:00,3125,3174.6401
XGBoost,970,2006-10-27 20:00:00,2093,2138.82
XGBoost,970,2006-10-27 21:00:00,1926,2060.22
XGBoost,970,2006-10-27 22:00:00,1375,1415.37
XGBoost,970,2006-10-27 23:00:00,1179,1163.33
XGBoost,970,2006-10-28 00:00:00,757,752.91003
XGBoost,970,2006-10-28 01:00:00,376,411.3
XGBoost,970,2006-10-28 02:00:00,264,257.63
XGBoost,970,2006-10-28 03:00:00,170,178.91
XGBoost,970,2006-10-28 04:00:00,182,175.45
XGBoost,970,2006-10-28 05:00:00,322,297.79
XGBoost,970,2006-10-28 06:00:00,715,757.19
XGBoost,970,2006-10-28 07:00:00,1295,1259.57
XGBoost,970,2006-10-28 08:00:00,2541,2466.33
XGBoost,970,2006-10-28 09:00:00,3264,3218.12
XGBoost,970,2006-10-28 10:00:00,3839,3613.65
XGBoost,970,2006-10-28 11:00:00,4341,4104.76
XGBoost,970,2006-10-28 12:00:00,4484,4434.19
XGBoost,970,2006-10-28 13:00:00,4384,4275.37
XGBoost,970,2006-10-28 14:00:00,4125,4121.2803
XGBoost,970,2006-10-28 15:00:00,4012,3954.71
XGBoost,970,2006-10-28 16:00:00,3910,3956.57
XGBoost,970,2006-10-28 17:00:00,3985,3990.22
XGBoost,970,2006-10-28 18:00:00,3337,3417.72
XGBoost,970,2006-10-28 19:00:00,2425,2563.07
XGBoost,970,2006-10-28 20:00:00,1737,1627.29
XGBoost,970,2006-10-28 21:00:00,1400,1441.17
XGBoost,970,2006-10-28 22:00:00,1382,1382.69
XGBoost,970,2006-10-28 23:00:00,1370,1327.1799
XGBoost,970,2006-10-29 00:00:00,1109,1103.3201
XGBoost,970,2006-10-29 01:00:00,403,583.57
XGBoost,970,2006-10-29 02:00:00,102,126.16
XGBoost,970,2006-10-29 03:00:00,405,402.82
XGBoost,970,2006-10-29 04:00:00,276,367.80002
XGBoost,970,2006-10-29 05:00:00,259,289.29
XGBoost,970,2006-10-29 06:00:00,461,428.91
XGBoost,970,2006-10-29 07:00:00,673,707.32
XGBoost,970,2006-10-29 08:00:00,1043,1095.0801
XGBoost,970,2006-10-29 09:00:00,1832,1802.81
XGBoost,970,2006-10-29 10:00:00,2548,2616.69
XGBoost,970,2006-10-29 11:00:00,3373,3206.6401
XGBoost,970,2006-10-29 12:00:00,3796,3893.54
XGBoost,970,2006-10-29 13:00:00,3617,3747.3198
XGBoost,970,2006-10-29 14:00:00,3670,3603.6
XGBoost,970,2006-10-29 15:00:00,3817,3800.58
XGBoost,970,2006-10-29 16:00:00,3875,3799.45
XGBoost,970,2006-10-29 17:00:00,3795,3811.29
XGBoost,970,2006-10-29 18:00:00,2906,2975.1401
XGBoost,970,2006-10-29 19:00:00,1905,1882.14
XGBoost,970,2006-10-29 20:00:00,1659,1551.73
XGBoost,970,2006-10-29 21:00:00,1424,1415.21
XGBoost,970,2006-10-29 22:00:00,974,1071.27
XGBoost,970,2006-10-29 23:00:00,591,593.86
XGBoost,970,2006-10-30 00:00:00,320,366.46
XGBoost,970,2006-10-30 01:00:00,187,168.84
XGBoost,970,2006-10-30 02:00:00,111,102.07
XGBoost,970,2006-10-30 03:00:00,91,88.46
XGBoost,970,2006-10-30 04:00:00,171,175.89
XGBoost,970,2006-10-30 05:00:00,447,435.22998
XGBoost,970,2006-10-30 06:00:00,1744,1644.06
XGBoost,970,2006-10-30 07:00:00,3971,3761.38
XGBoost,970,2006-10-30 08:00:00,5026,4923.2
XGBoost,970,2006-10-30 09:00:00,3539,3658.9302
XGBoost,970,2006-10-30 10:00:00,2988,2964.9102
XGBoost,970,2006-10-30 11:00:00,3057,3091.3599
XGBoost,970,2006-10-30 12:00:00,3194,3209.79
XGBoost,970,2006-10-30 13:00:00,3422,3341.26
XGBoost,970,2006-10-30 14:00:00,3399,3536.8901
XGBoost,970,2006-10-30 15:00:00,4031,3964.25
XGBoost,970,2006-10-30 16:00:00,4427,4529.91
XGBoost,970,2006-10-30 17:00:00,4950,4977.82
XGBoost,970,2006-10-30 18:00:00,4251,4308.05
XGBoost,970,2006-10-30 19:00:00,2523,2552.7
XGBoost,970,2006-10-30 20:00:00,1836,1781.4
XGBoost,970,2006-10-30 21:00:00,1463,1526.08
XGBoost,970,2006-10-30 22:00:00,1023,1109.15
XGBoost,970,2006-10-30 23:00:00,594,608.75
XGBoost,970,2006-10-31 00:00:00,298,295.64
XGBoost,970,2006-10-31 01:00:00,131,147.26
XGBoost,970,2006-10-31 02:00:00,107,102.729996
XGBoost,970,2006-10-31 03:00:00,90,91.06
XGBoost,970,2006-10-31 04:00:00,152,156.89
XGBoost,970,2006-10-31 05:00:00,437,443.0
XGBoost,970,2006-10-31 06:00:00,1864,1758.6699
XGBoost,970,2006-10-31 07:00:00,4119,3992.53
XGBoost,970,2006-10-31 08:00:00,5060,5096.12
XGBoost,970,2006-10-31 09:00:00,3835,3750.9
XGBoost,970,2006-10-31 10:00:00,3205,3216.72
XGBoost,970,2006-10-31 11:00:00,3255,3224.54
XGBoost,970,2006-10-31 12:00:00,3247,3260.24
XGBoost,970,2006-10-31 13:00:00,3460,3429.85
XGBoost,970,2006-10-31 14:00:00,3456,3500.0999
XGBoost,970,2006-10-31 15:00:00,4096,4061.24
XGBoost,970,2006-10-31 16:00:00,4767,4676.2197
XGBoost,970,2006-10-31 17:00:00,4925,4984.98
XGBoost,970,2006-10-31 18:00:00,4273,4423.99
XGBoost,970,2006-10-31 19:00:00,2815,2775.67
XGBoost,970,2006-10-31 20:00:00,1985,1945.0701
XGBoost,970,2006-10-31 21:00:00,1734,1716.06
XGBoost,970,2006-10-31 22:00:00,1292,1324.44
XGBoost,970,2006-10-31 23:00:00,678,725.97003
XGBoost,2000,2006-10-27 12:00:00,3569,3533.95
XGBoost,2000,2006-10-27 13:00:00,3447,3619.58
XGBoost,2000,2006-10-27 14:00:00,3706,3642.52
XGBoost,2000,2006-10-27 15:00:00,3993,4062.8901
XGBoost,2000,2006-10-27 16:00:00,4791,4610.76
XGBoost,2000,2006-10-27 17:00:00,5217,5054.35
XGBoost,2000,2006-10-27 18:00:00,4728,4779.7
XGBoost,2000,2006-10-27 19:00:00,3346,3414.14
XGBoost,2000,2006-10-27 20:00:00,2303,2352.27
XGBoost,2000,2006-10-27 21:00:00,2213,2284.97
XGBoost,2000,2006-10-27 22:00:00,1827,1797.4
XGBoost,2000,2006-10-27 23:00:00,1562,1535.91
XGBoost,2000,2006-10-28 00:00:00,1055,1093.81
XGBoost,2000,2006-10-28 01:00:00,562,582.17
XGBoost,2000,2006-10-28 02:00:00,404,397.28
XGBoost,2000,2006-10-28 03:00:00,271,257.2
XGBoost,2000,2006-10-28 04:00:00,257,253.47
XGBoost,2000,2006-10-28 05:00:00,465,443.69
XGBoost,2000,2006-10-28 06:00:00,975,1004.66003
XGBoost,2000,2006-10-28 07:00:00,1531,1577.04
XGBoost,2000,2006-10-28 08:00:00,2737,2625.98
XGBoost,2000,2006-10-28 09:00:00,3289,3337.21
XGBoost,2000,2006-10-28 10:00:00,3615,3591.1301
XGBoost,2000,2006-10-28 11:00:00,3898,3794.16
XGBoost,2000,2006-10-28 12:00:00,4077,4036.06
XGBoost,2000,2006-10-28 13:00:00,4034,3992.37
XGBoost,2000,2006-10-28 14:00:00,3895,3907.53
XGBoost,2000,2006-10-28 15:00:00,3868,3878.09
XGBoost,2000,2006-10-28 16:00:00,3859,3896.27
XGBoost,2000,2006-10-28 17:00:00,4057,4025.1401
XGBoost,2000,2006-10-28 18:00:00,3619,3552.94
XGBoost,2000,2006-10-28 19:00:00,2844,2852.43
XGBoost,2000,2006-10-28 20:00:00,2052,2058.65
XGBoost,2000,2006-10-28 21:00:00,1716,1732.51
XGBoost,2000,2006-10-28 22:00:00,1809,1725.19
XGBoost,2000,2006-10-28 23:00:00,1820,1713.81
XGBoost,2000,2006-10-29 00:00:00,1519,1499.01
XGBoost,2000,2006-10-29 01:00:00,693,875.25
XGBoost,2000,2006-10-29 02:00:00,348,279.76
XGBoost,2000,2006-10-29 03:00:00,646,611.5
XGBoost,2000,2006-10-29 04:00:00,459,569.01
XGBoost,2000,2006-10-29 05:00:00,418,428.93
XGBoost,2000,2006-10-29 06:00:00,653,597.57
XGBoost,2000,2006-10-29 07:00:00,851,893.32
XGBoost,2000,2006-10-29 08:00:00,1214,1264.92
XGBoost,2000,2006-10-29 09:00:00,2165,2101.6099
XGBoost,2000,2006-10-29 10:00:00,2883,2813.1401
XGBoost,2000,2006-10-29 11:00:00,3407,3412.94
XGBoost,2000,2006-10-29 12:00:00,3935,3903.43
XGBoost,2000,2006-10-29 13:00:00,3774,3855.9
XGBoost,2000,2006-10-29 14:00:00,3686,3663.26
XGBoost,2000,2006-10-29 15:00:00,3721,3718.9
XGBoost,2000,2006-10-29 16:00:00,3884,3749.96
XGBoost,2000,2006-10-29 17:00:00,3936,3845.98
XGBoost,2000,2006-10-29 18:00:00,3164,3245.42
XGBoost,2000,2006-10-29 19:00:00,2176,2084.65
XGBoost,2000,2006-10-29 20:00:00,1871,1670.68
XGBoost,2000,2006-10-29 21:00:00,1702,1637.21
XGBoost,2000,2006-10-29 22:00:00,1286,1371.63
XGBoost,2000,2006-10-29 23:00:00,840,900.64
XGBoost,2000,2006-10-30 00:00:00,465,522.27
XGBoost,2000,2006-10-30 01:00:00,255,256.73
XGBoost,2000,2006-10-30 02:00:00,149,159.92
XGBoost,2000,2006-10-30 03:00:00,144,134.44
XGBoost,2000,2006-10-30 04:00:00,240,237.91
XGBoost,2000,2006-10-30 05:00:00,665,678.02
XGBoost,2000,2006-10-30 06:00:00,2486,2270.5
XGBoost,2000,2006-10-30 07:00:00,4520,4356.78
XGBoost,2000,2006-10-30 08:00:00,5134,4967.75
XGBoost,2000,2006-10-30 09:00:00,3836,3852.9102
XGBoost,2000,2006-10-30 10:00:00,3201,3206.65
XGBoost,2000,2006-10-30 11:00:00,3164,3261.88
XGBoost,2000,2006-10-30 12:00:00,3286,3291.53
XGBoost,2000,2006-10-30 13:00:00,3522,3462.48
XGBoost,2000,2006-10-30 14:00:00,3227,3511.12
XGBoost,2000,2006-10-30 15:00:00,3772,3762.57
XGBoost,2000,2006-10-30 16:00:00,4510,4417.7197
XGBoost,2000,2006-10-30 17:00:00,5196,4952.8203
XGBoost,2000,2006-10-30 18:00:00,4494,4481.73
XGBoost,2000,2006-10-30 19:00:00,2688,2810.81
XGBoost,2000,2006-10-30 20:00:00,2026,1885.65
XGBoost,2000,2006-10-30 21:00:00,1709,1718.78
XGBoost,2000,2006-10-30 22:00:00,1274,1391.5801
XGBoost,2000,2006-10-30 23:00:00,738,832.95
XGBoost,2000,2006-10-31 00:00:00,379,417.25
XGBoost,2000,2006-10-31 01:00:00,213,195.41
XGBoost,2000,2006-10-31 02:00:00,132,133.56
XGBoost,2000,2006-10-31 03:00:00,135,127.100006
XGBoost,2000,2006-10-31 04:00:00,191,192.25
XGBoost,2000,2006-10-31 05:00:00,654,648.44
XGBoost,2000,2006-10-31 06:00:00,2614,2462.42
XGBoost,2000,2006-10-31 07:00:00,4631,4663.54
XGBoost,2000,2006-10-31 08:00:00,5188,5137.54
XGBoost,2000,2006-10-31 09:00:00,4065,4057.1401
XGBoost,2000,2006-10-31 10:00:00,3393,3361.81
XGBoost,2000,2006-10-31 11:00:00,3289,3339.88
XGBoost,2000,2006-10-31 12:00:00,3257,3338.94
XGBoost,2000,2006-10-31 13:00:00,3548,3462.74
XGBoost,2000,2006-10-31 14:00:00,3613,3559.81
XGBoost,2000,2006-10-31 15:00:00,3940,3935.02
XGBoost,2000,2006-10-31 16:00:00,4744,4659.19
XGBoost,2000,2006-10-31 17:00:00,5176,5105.94
XGBoost,2000,2006-10-31 18:00:00,4733,4712.43
XGBoost,2000,2006-10-31 19:00:00,3107,3114.84
XGBoost,2000,2006-10-31 20:00:00,2246,2134.5
XGBoost,2000,2006-10-31 21:00:00,2061,2009.5599
XGBoost,2000,2006-10-31 22:00:00,1638,1661.39
XGBoost,2000,2006-10-31 23:00:00,955,999.49
XGBoost,2200,2006-10-27 12:00:00,2110,2035.3099
XGBoost,2200,2006-10-27 13:00:00,1965,2008.0
XGBoost,2200,2006-10-27 14:00:00,2103,2035.85
XGBoost,2200,2006-10-27 15:00:00,2348,2411.2
XGBoost,2200,2006-10-27 16:00:00,2535,2518.07
XGBoost,2200,2006-10-27 17:00:00,2663,2725.4302
XGBoost,2200,2006-10-27 18:00:00,2483,2584.63
XGBoost,2200,2006-10-27 19:00:00,1752,1824.1599
XGBoost,2200,2006-10-27 20:00:00,1177,1231.1
XGBoost,2200,2006-10-27 21:00:00,978,1017.18
XGBoost,2200,2006-10-27 22:00:00,855,815.45
XGBoost,2200,2006-10-27 23:00:00,700,702.54
XGBoost,2200,2006-10-28 00:00:00,366,397.32
XGBoost,2200,2006-10-28 01:00:00,202,204.71
XGBoost,2200,2006-10-28 02:00:00,138,126.520004
XGBoost,2200,2006-10-28 03:00:00,120,116.08
XGBoost,2200,2006-10-28 04:00:00,84,87.96001
XGBoost,2200,2006-10-28 05:00:00,145,160.42
XGBoost,2200,2006-10-28 06:00:00,303,351.51
XGBoost,2200,2006-10-28 07:00:00,743,666.6
XGBoost,2200,2006-10-28 08:00:00,1325,1352.48
XGBoost,2200,2006-10-28 09:00:00,1851,1793.95
XGBoost,2200,2006-10-28 10:00:00,2157,2123.25
XGBoost,2200,2006-10-28 11:00:00,2317,2279.97
XGBoost,2200,2006-10-28 12:00:00,2453,2439.94
XGBoost,2200,2006-10-28 13:00:00,2341,2337.49
XGBoost,2200,2006-10-28 14:00:00,2181,2291.3699
XGBoost,2200,2006-10-28 15:00:00,2118,2158.5898
XGBoost,2200,2006-10-28 16:00:00,2108,2153.82
XGBoost,2200,2006-10-28 17:00:00,2108,2171.31
XGBoost,2200,2006-10-28 18:00:00,1842,1864.34
XGBoost,2200,2006-10-28 19:00:00,1569,1500.48
XGBoost,2200,2006-10-28 20:00:00,981,1063.34
XGBoost,2200,2006-10-28 21:00:00,832,854.93
XGBoost,2200,2006-10-28 22:00:00,785,785.52
XGBoost,2200,2006-10-28 23:00:00,781,766.67
XGBoost,2200,2006-10-29 00:00:00,525,537.09
XGBoost,2200,2006-10-29 01:00:00,245,309.86
XGBoost,2200,2006-10-29 02:00:00,46,92.06
XGBoost,2200,2006-10-29 03:00:00,212,161.01001
XGBoost,2200,2006-10-29 04:00:00,126,160.02
XGBoost,2200,2006-10-29 05:00:00,129,140.65
XGBoost,2200,2006-10-29 06:00:00,180,199.28
XGBoost,2200,2006-10-29 07:00:00,294,298.67
XGBoost,2200,2006-10-29 08:00:00,598,541.23
XGBoost,2200,2006-10-29 09:00:00,1077,1060.78
XGBoost,2200,2006-10-29 10:00:00,1389,1440.48
XGBoost,2200,2006-10-29 11:00:00,1683,1662.17
XGBoost,2200,2006-10-29 12:00:00,1970,1990.1599
XGBoost,2200,2006-10-29 13:00:00,1892,1940.61
XGBoost,2200,2006-10-29 14:00:00,1938,1957.83
XGBoost,2200,2006-10-29 15:00:00,1911,1948.4
XGBoost,2200,2006-10-29 16:00:00,2042,1967.41
XGBoost,2200,2006-10-29 17:00:00,1999,2015.65
XGBoost,2200,2006-10-29 18:00:00,1628,1586.8601
XGBoost,2200,2006-10-29 19:00:00,1211,1178.22
XGBoost,2200,2006-10-29 20:00:00,957,940.87
XGBoost,2200,2006-10-29 21:00:00,812,802.47
XGBoost,2200,2006-10-29 22:00:00,565,592.56
XGBoost,2200,2006-10-29 23:00:00,326,338.16
XGBoost,2200,2006-10-30 00:00:00,144,169.36
XGBoost,2200,2006-10-30 01:00:00,76,78.75
XGBoost,2200,2006-10-30 02:00:00,47,52.14
XGBoost,2200,2006-10-30 03:00:00,46,50.44
XGBoost,2200,2006-10-30 04:00:00,89,88.05
XGBoost,2200,2006-10-30 05:00:00,203,193.97
XGBoost,2200,2006-10-30 06:00:00,883,802.31
XGBoost,2200,2006-10-30 07:00:00,2395,2333.74
XGBoost,2200,2006-10-30 08:00:00,2991,2963.9
XGBoost,2200,2006-10-30 09:00:00,2086,2157.2
XGBoost,2200,2006-10-30 10:00:00,1796,1749.25
XGBoost,2200,2006-10-30 11:00:00,1859,1821.06
XGBoost,2200,2006-10-30 12:00:00,1800,1896.34
XGBoost,2200,2006-10-30 13:00:00,2028,1861.72
XGBoost,2200,2006-10-30 14:00:00,2010,2038.49
XGBoost,2200,2006-10-30 15:00:00,2323,2294.26
XGBoost,2200,2006-10-30 16:00:00,2526,2567.53
XGBoost,2200,2006-10-30 17:00:00,2722,2680.63
XGBoost,2200,2006-10-30 18:00:00,2398,2400.19
XGBoost,2200,2006-10-30 19:00:00,1485,1537.6
XGBoost,2200,2006-10-30 20:00:00,1074,1081.67
XGBoost,2200,2006-10-30 21:00:00,853,889.66003
XGBoost,2200,2006-10-30 22:00:00,565,603.49
XGBoost,2200,2006-10-30 23:00:00,313,311.86
XGBoost,2200,2006-10-31 00:00:00,159,158.57
XGBoost,2200,2006-10-31 01:00:00,72,77.52
XGBoost,2200,2006-10-31 02:00:00,52,47.27
XGBoost,2200,2006-10-31 03:00:00,54,53.800003
XGBoost,2200,2006-10-31 04:00:00,85,77.17
XGBoost,2200,2006-10-31 05:00:00,211,232.89
XGBoost,2200,2006-10-31 06:00:00,943,864.36
XGBoost,2200,2006-10-31 07:00:00,2534,2509.92
XGBoost,2200,2006-10-31 08:00:00,2963,2962.08
XGBoost,2200,2006-10-31 09:00:00,2248,2270.95
XGBoost,2200,2006-10-31 10:00:00,1926,1919.72
XGBoost,2200,2006-10-31 11:00:00,1905,1911.8099
XGBoost,2200,2006-10-31 12:00:00,1989,1922.18
XGBoost,2200,2006-10-31 13:00:00,1976,1985.23
XGBoost,2200,2006-10-31 14:00:00,2026,2050.27
XGBoost,2200,2006-10-31 15:00:00,2397,2356.08
XGBoost,2200,2006-10-31 16:00:00,2486,2584.65
XGBoost,2200,2006-10-31 17:00:00,2837,2773.05
XGBoost,2200,2006-10-31 18:00:00,2510,2504.67
XGBoost,2200,2006-10-31 19:00:00,1682,1675.66
XGBoost,2200,2006-10-31 20:00:00,1248,1260.99
XGBoost,2200,2006-10-31 21:00:00,1013,990.86
XGBoost,2200,2006-10-31 22:00:00,696,722.28
XGBoost,2200,2006-10-31 23:00:00,344,356.66998
XGBoost,2820,2006-10-27 12:00:00,1392,1230.54
XGBoost,2820,2006-10-27 13:00:00,1410,1260.4199
XGBoost,2820,2006-10-27 14:00:00,1609,1353.69
XGBoost,2820,2006-10-27 15:00:00,2089,1852.29
XGBoost,2820,2006-10-27 16:00:00,2112,1957.59
XGBoost,2820,2006-10-27 17:00:00,2156,2036.4199
XGBoost,2820,2006-10-27 18:00:00,1812,1694.39
XGBoost,2820,2006-10-27 19:00:00,1243,1161.59
XGBoost,2820,2006-10-27 20:00:00,752,728.24
XGBoost,2820,2006-10-27 21:00:00,662,578.28
XGBoost,2820,2006-10-27 22:00:00,616,524.02997
XGBoost,2820,2006-10-27 23:00:00,526,492.87
XGBoost,2820,2006-10-28 00:00:00,327,329.56
XGBoost,2820,2006-10-28 01:00:00,206,205.45999
XGBoost,2820,2006-10-28 02:00:00,115,106.55
XGBoost,2820,2006-10-28 03:00:00,85,91.39
XGBoost,2820,2006-10-28 04:00:00,93,80.65
XGBoost,2820,2006-10-28 05:00:00,132,173.78
XGBoost,2820,2006-10-28 06:00:00,286,312.77002
XGBoost,2820,2006-10-28 07:00:00,504,502.18
XGBoost,2820,2006-10-28 08:00:00,907,883.79
XGBoost,2820,2006-10-28 09:00:00,1241,1225.06
XGBoost,2820,2006-10-28 10:00:00,1418,1366.75
XGBoost,2820,2006-10-28 11:00:00,1619,1573.29
XGBoost,2820,2006-10-28 12:00:00,1634,1601.31
XGBoost,2820,2006-10-28 13:00:00,1588,1572.69
XGBoost,2820,2006-10-28 14:00:00,1500,1571.71
XGBoost,2820,2006-10-28 15:00:00,1448,1435.95
XGBoost,2820,2006-10-28 16:00:00,1377,1455.38
XGBoost,2820,2006-10-28 17:00:00,1428,1422.21
XGBoost,2820,2006-10-28 18:00:00,1301,1327.8
XGBoost,2820,2006-10-28 19:00:00,959,988.66003
XGBoost,2820,2006-10-28 20:00:00,642,681.21
XGBoost,2820,2006-10-28 21:00:00,571,564.07
XGBoost,2820,2006-10-28 22:00:00,597,599.02
XGBoost,2820,2006-10-28 23:00:00,580,572.25
XGBoost,2820,2006-10-29 00:00:00,440,446.15
XGBoost,2820,2006-10-29 01:00:00,183,249.64
XGBoost,2820,2006-10-29 02:00:00,46,79.66
XGBoost,2820,2006-10-29 03:00:00,189,144.38
XGBoost,2820,2006-10-29 04:00:00,128,143.89
XGBoost,2820,2006-10-29 05:00:00,121,147.06
XGBoost,2820,2006-10-29 06:00:00,171,197.82
XGBoost,2820,2006-10-29 07:00:00,270,267.2
XGBoost,2820,2006-10-29 08:00:00,394,376.59
XGBoost,2820,2006-10-29 09:00:00,739,712.49
XGBoost,2820,2006-10-29 10:00:00,903,980.41
XGBoost,2820,2006-10-29 11:00:00,1074,1088.02
XGBoost,2820,2006-10-29 12:00:00,1345,1322.9299
XGBoost,2820,2006-10-29 13:00:00,1350,1360.31
XGBoost,2820,2006-10-29 14:00:00,1274,1290.01
XGBoost,2820,2006-10-29 15:00:00,1259,1285.78
XGBoost,2820,2006-10-29 16:00:00,1277,1274.36
XGBoost,2820,2006-10-29 17:00:00,1384,1347.59
XGBoost,2820,2006-10-29 18:00:00,1138,1127.59
XGBoost,2820,2006-10-29 19:00:00,820,821.36
XGBoost,2820,2006-10-29 20:00:00,682,632.6
XGBoost,2820,2006-10-29 21:00:00,571,578.4
XGBoost,2820,2006-10-29 22:00:00,466,459.73
XGBoost,2820,2006-10-29 23:00:00,260,275.29
XGBoost,2820,2006-10-30 00:00:00,131,142.23
XGBoost,2820,2006-10-30 01:00:00,73,72.27
XGBoost,2820,2006-10-30 02:00:00,36,44.309998
XGBoost,2820,2006-10-30 03:00:00,46,47.989998
XGBoost,2820,2006-10-30 04:00:00,56,77.6
XGBoost,2820,2006-10-30 05:00:00,196,175.35
XGBoost,2820,2006-10-30 06:00:00,578,619.45
XGBoost,2820,2006-10-30 07:00:00,1251,1327.2
XGBoost,2820,2006-10-30 08:00:00,1285,1311.94
XGBoost,2820,2006-10-30 09:00:00,1284,1162.14
XGBoost,2820,2006-10-30 10:00:00,1131,1112.93
XGBoost,2820,2006-10-30 11:00:00,1179,1178.81
XGBoost,2820,2006-10-30 12:00:00,1259,1279.62
XGBoost,2820,2006-10-30 13:00:00,1329,1332.13
XGBoost,2820,2006-10-30 14:00:00,1433,1389.13
XGBoost,2820,2006-10-30 15:00:00,1926,1821.14
XGBoost,2820,2006-10-30 16:00:00,2121,2157.92
XGBoost,2820,2006-10-30 17:00:00,2115,2177.32
XGBoost,2820,2006-10-30 18:00:00,1900,1833.04
XGBoost,2820,2006-10-30 19:00:00,1089,1125.09
XGBoost,2820,2006-10-30 20:00:00,782,774.06
XGBoost,2820,2006-10-30 21:00:00,673,656.19995
XGBoost,2820,2006-10-30 22:00:00,572,557.74
XGBoost,2820,2006-10-30 23:00:00,237,262.71002
XGBoost,2820,2006-10-31 00:00:00,114,117.770004
XGBoost,2820,2006-10-31 01:00:00,51,60.63
XGBoost,2820,2006-10-31 02:00:00,35,41.010002
XGBoost,2820,2006-10-31 03:00:00,26,38.52
XGBoost,2820,2006-10-31 04:00:00,51,54.58
XGBoost,2820,2006-10-31 05:00:00,225,212.22
XGBoost,2820,2006-10-31 06:00:00,579,658.35
XGBoost,2820,2006-10-31 07:00:00,1291,1340.13
XGBoost,2820,2006-10-31 08:00:00,1158,1288.97
XGBoost,2820,2006-10-31 09:00:00,1233,1262.9
XGBoost,2820,2006-10-31 10:00:00,1209,1183.39
XGBoost,2820,2006-10-31 11:00:00,1148,1200.35
XGBoost,2820,2006-10-31 12:00:00,1251,1270.56
XGBoost,2820,2006-10-31 13:00:00,1384,1348.49
XGBoost,2820,2006-10-31 14:00:00,1466,1452.23
XGBoost,2820,2006-10-31 15:00:00,2029,1938.8401
XGBoost,2820,2006-10-31 16:00:00,2104,2197.01
XGBoost,2820,2006-10-31 17:00:00,2024,2157.3599
XGBoost,2820,2006-10-31 18:00:00,2014,1916.11
XGBoost,2820,2006-10-31 19:00:00,1313,1326.23
XGBoost,2820,2006-10-31 20:00:00,875,922.14
XGBoost,2820,2006-10-31 21:00:00,728,757.53
XGBoost,2820,2006-10-31 22:00:00,616,624.44
XGBoost,2820,2006-10-31 23:00:00,333,333.31
XGBoost,2825,2006-10-27 12:00:00,769,782.2
XGBoost,2825,2006-10-27 13:00:00,850,834.18
XGBoost,2825,2006-10-27 14:00:00,846,832.08
XGBoost,2825,2006-10-27 15:00:00,1060,1053.45
XGBoost,2825,2006-10-27 16:00:00,1206,1183.23
XGBoost,2825,2006-10-27 17:00:00,1350,1362.9
XGBoost,2825,2006-10-27 18:00:00,1116,1154.5701
XGBoost,2825,2006-10-27 19:00:00,683,722.64
XGBoost,2825,2006-10-27 20:00:00,481,497.97998
XGBoost,2825,2006-10-27 21:00:00,429,471.65
XGBoost,2825,2006-10-27 22:00:00,374,380.92
XGBoost,2825,2006-10-27 23:00:00,333,333.99
XGBoost,2825,2006-10-28 00:00:00,228,213.79001
XGBoost,2825,2006-10-28 01:00:00,109,125.33
XGBoost,2825,2006-10-28 02:00:00,64,59.93
XGBoost,2825,2006-10-28 03:00:00,50,48.510002
XGBoost,2825,2006-10-28 04:00:00,53,56.07
XGBoost,2825,2006-10-28 05:00:00,96,105.979996
XGBoost,2825,2006-10-28 06:00:00,252,258.44998
XGBoost,2825,2006-10-28 07:00:00,305,353.23
XGBoost,2825,2006-10-28 08:00:00,562,580.63
XGBoost,2825,2006-10-28 09:00:00,662,701.05
XGBoost,2825,2006-10-28 10:00:00,751,773.45
XGBoost,2825,2006-10-28 11:00:00,731,784.48
XGBoost,2825,2006-10-28 12:00:00,914,806.51
XGBoost,2825,2006-10-28 13:00:00,791,866.46
XGBoost,2825,2006-10-28 14:00:00,811,781.39
XGBoost,2825,2006-10-28 15:00:00,842,846.55
XGBoost,2825,2006-10-28 16:00:00,903,931.13
XGBoost,2825,2006-10-28 17:00:00,888,943.69995
XGBoost,2825,2006-10-28 18:00:00,785,848.4
XGBoost,2825,2006-10-28 19:00:00,549,608.75
XGBoost,2825,2006-10-28 20:00:00,439,429.9
XGBoost,2825,2006-10-28 21:00:00,369,362.41998
XGBoost,2825,2006-10-28 22:00:00,461,418.27002
XGBoost,2825,2006-10-28 23:00:00,437,440.67
XGBoost,2825,2006-10-29 00:00:00,356,328.06
XGBoost,2825,2006-10-29 01:00:00,130,193.70999
XGBoost,2825,2006-10-29 02:00:00,31,55.81
XGBoost,2825,2006-10-29 03:00:00,104,80.490005
XGBoost,2825,2006-10-29 04:00:00,66,76.59
XGBoost,2825,2006-10-29 05:00:00,64,85.56
XGBoost,2825,2006-10-29 06:00:00,145,151.06
XGBoost,2825,2006-10-29 07:00:00,178,198.63
XGBoost,2825,2006-10-29 08:00:00,269,284.33002
XGBoost,2825,2006-10-29 09:00:00,421,415.78
XGBoost,2825,2006-10-29 10:00:00,511,563.21
XGBoost,2825,2006-10-29 11:00:00,632,621.76
XGBoost,2825,2006-10-29 12:00:00,805,787.76
XGBoost,2825,2006-10-29 13:00:00,783,770.24
XGBoost,2825,2006-10-29 14:00:00,748,724.91
XGBoost,2825,2006-10-29 15:00:00,796,777.0
XGBoost,2825,2006-10-29 16:00:00,825,814.39
XGBoost,2825,2006-10-29 17:00:00,910,823.68
XGBoost,2825,2006-10-29 18:00:00,714,761.1
XGBoost,2825,2006-10-29 19:00:00,536,513.33
XGBoost,2825,2006-10-29 20:00:00,402,397.38
XGBoost,2825,2006-10-29 21:00:00,388,361.25
XGBoost,2825,2006-10-29 22:00:00,317,310.62
XGBoost,2825,2006-10-29 23:00:00,190,212.73
XGBoost,2825,2006-10-30 00:00:00,87,98.22
XGBoost,2825,2006-10-30 01:00:00,53,51.55
XGBoost,2825,2006-10-30 02:00:00,34,37.21
XGBoost,2825,2006-10-30 03:00:00,20,42.36
XGBoost,2825,2006-10-30 04:00:00,48,54.17
XGBoost,2825,2006-10-30 05:00:00,104,114.79
XGBoost,2825,2006-10-30 06:00:00,438,401.5
XGBoost,2825,2006-10-30 07:00:00,972,992.25
XGBoost,2825,2006-10-30 08:00:00,1531,1454.0
XGBoost,2825,2006-10-30 09:00:00,892,996.41003
XGBoost,2825,2006-10-30 10:00:00,736,655.04004
XGBoost,2825,2006-10-30 11:00:00,624,632.39
XGBoost,2825,2006-10-30 12:00:00,678,702.0
XGBoost,2825,2006-10-30 13:00:00,756,757.52
XGBoost,2825,2006-10-30 14:00:00,775,771.84
XGBoost,2825,2006-10-30 15:00:00,1022,1002.98
XGBoost,2825,2006-10-30 16:00:00,1092,1107.9299
XGBoost,2825,2006-10-30 17:00:00,1327,1282.72
XGBoost,2825,2006-10-30 18:00:00,1100,1097.97
XGBoost,2825,2006-10-30 19:00:00,623,651.32
XGBoost,2825,2006-10-30 20:00:00,470,448.91998
XGBoost,2825,2006-10-30 21:00:00,365,392.09
XGBoost,2825,2006-10-30 22:00:00,310,316.43
XGBoost,2825,2006-10-30 23:00:00,166,177.29001
XGBoost,2825,2006-10-31 00:00:00,71,79.83
XGBoost,2825,2006-10-31 01:00:00,40,43.3
XGBoost,2825,2006-10-31 02:00:00,29,34.67
XGBoost,2825,2006-10-31 03:00:00,26,35.850002
XGBoost,2825,2006-10-31 04:00:00,44,52.54
XGBoost,2825,2006-10-31 05:00:00,113,121.36
XGBoost,2825,2006-10-31 06:00:00,475,481.56
XGBoost,2825,2006-10-31 07:00:00,1087,1114.38
XGBoost,2825,2006-10-31 08:00:00,1511,1558.85
XGBoost,2825,2006-10-31 09:00:00,870,985.04
XGBoost,2825,2006-10-31 10:00:00,754,765.76
XGBoost,2825,2006-10-31 11:00:00,760,712.66
XGBoost,2825,2006-10-31 12:00:00,703,714.39
XGBoost,2825,2006-10-31 13:00:00,764,765.37
XGBoost,2825,2006-10-31 14:00:00,830,813.3
XGBoost,2825,2006-10-31 15:00:00,1057,1034.49
XGBoost,2825,2006-10-31 16:00:00,1140,1154.54
XGBoost,2825,2006-10-31 17:00:00,1297,1334.62
XGBoost,2825,2006-10-31 18:00:00,1177,1158.13
XGBoost,2825,2006-10-31 19:00:00,695,740.76
XGBoost,2825,2006-10-31 20:00:00,524,512.43
XGBoost,2825,2006-10-31 21:00:00,464,475.06
XGBoost,2825,2006-10-31 22:00:00,363,348.01
XGBoost,2825,2006-10-31 23:00:00,177,206.05
XGBoost,2827,2006-10-27 12:00:00,2593,2589.05
XGBoost,2827,2006-10-27 13:00:00,2523,2624.9302
XGBoost,2827,2006-10-27 14:00:00,2775,2730.49
XGBoost,2827,2006-10-27 15:00:00,3753,3579.56
XGBoost,2827,2006-10-27 16:00:00,4142,4183.2
XGBoost,2827,2006-10-27 17:00:00,4585,4714.28
XGBoost,2827,2006-10-27 18:00:00,4242,4233.65
XGBoost,2827,2006-10-27 19:00:00,2772,2805.6802
XGBoost,2827,2006-10-27 20:00:00,1711,1775.72
XGBoost,2827,2006-10-27 21:00:00,1432,1543.64
XGBoost,2827,2006-10-27 22:00:00,1422,1376.35
XGBoost,2827,2006-10-27 23:00:00,1153,1139.54
XGBoost,2827,2006-10-28 00:00:00,805,803.3
XGBoost,2827,2006-10-28 01:00:00,492,474.25
XGBoost,2827,2006-10-28 02:00:00,295,324.47
XGBoost,2827,2006-10-28 03:00:00,223,225.85
XGBoost,2827,2006-10-28 04:00:00,219,210.05
XGBoost,2827,2006-10-28 05:00:00,401,398.73
XGBoost,2827,2006-10-28 06:00:00,783,839.88
XGBoost,2827,2006-10-28 07:00:00,1140,1178.05
XGBoost,2827,2006-10-28 08:00:00,1886,1894.28
XGBoost,2827,2006-10-28 09:00:00,2259,2370.05
XGBoost,2827,2006-10-28 10:00:00,2534,2492.15
XGBoost,2827,2006-10-28 11:00:00,2887,2817.27
XGBoost,2827,2006-10-28 12:00:00,3114,2996.45
XGBoost,2827,2006-10-28 13:00:00,2823,2910.88
XGBoost,2827,2006-10-28 14:00:00,2782,2749.4
XGBoost,2827,2006-10-28 15:00:00,2824,2795.74
XGBoost,2827,2006-10-28 16:00:00,2783,2860.59
XGBoost,2827,2006-10-28 17:00:00,3060,3014.07
XGBoost,2827,2006-10-28 18:00:00,2796,2859.44
XGBoost,2827,2006-10-28 19:00:00,1810,2034.29
XGBoost,2827,2006-10-28 20:00:00,1282,1339.78
XGBoost,2827,2006-10-28 21:00:00,1260,1195.93
XGBoost,2827,2006-10-28 22:00:00,1356,1352.74
XGBoost,2827,2006-10-28 23:00:00,1311,1260.03
XGBoost,2827,2006-10-29 00:00:00,1064,1046.94
XGBoost,2827,2006-10-29 01:00:00,626,696.32
XGBoost,2827,2006-10-29 02:00:00,286,253.67
XGBoost,2827,2006-10-29 03:00:00,417,426.05
XGBoost,2827,2006-10-29 04:00:00,356,393.49
XGBoost,2827,2006-10-29 05:00:00,321,324.11
XGBoost,2827,2006-10-29 06:00:00,386,402.8
XGBoost,2827,2006-10-29 07:00:00,566,588.9
XGBoost,2827,2006-10-29 08:00:00,887,897.25
XGBoost,2827,2006-10-29 09:00:00,1437,1403.99
XGBoost,2827,2006-10-29 10:00:00,1913,1942.68
XGBoost,2827,2006-10-29 11:00:00,2230,2171.52
XGBoost,2827,2006-10-29 12:00:00,2647,2571.03
XGBoost,2827,2006-10-29 13:00:00,2534,2592.8398
XGBoost,2827,2006-10-29 14:00:00,2464,2437.73
XGBoost,2827,2006-10-29 15:00:00,2722,2665.13
XGBoost,2827,2006-10-29 16:00:00,2849,2710.1401
XGBoost,2827,2006-10-29 17:00:00,2940,2905.21
XGBoost,2827,2006-10-29 18:00:00,2457,2497.72
XGBoost,2827,2006-10-29 19:00:00,1628,1615.01
XGBoost,2827,2006-10-29 20:00:00,1479,1320.78
XGBoost,2827,2006-10-29 21:00:00,1289,1242.67
XGBoost,2827,2006-10-29 22:00:00,1074,1113.42
XGBoost,2827,2006-10-29 23:00:00,691,713.05
XGBoost,2827,2006-10-30 00:00:00,384,411.2
XGBoost,2827,2006-10-30 01:00:00,179,182.13
XGBoost,2827,2006-10-30 02:00:00,113,120.909996
XGBoost,2827,2006-10-30 03:00:00,104,100.08
XGBoost,2827,2006-10-30 04:00:00,200,170.61
XGBoost,2827,2006-10-30 05:00:00,459,514.43
XGBoost,2827,2006-10-30 06:00:00,1761,1708.53
XGBoost,2827,2006-10-30 07:00:00,3062,3081.65
XGBoost,2827,2006-10-30 08:00:00,3538,3487.07
XGBoost,2827,2006-10-30 09:00:00,2559,2543.37
XGBoost,2827,2006-10-30 10:00:00,2255,2222.79
XGBoost,2827,2006-10-30 11:00:00,2250,2245.81
XGBoost,2827,2006-10-30 12:00:00,2316,2390.26
XGBoost,2827,2006-10-30 13:00:00,2473,2394.55
XGBoost,2827,2006-10-30 14:00:00,2659,2590.49
XGBoost,2827,2006-10-30 15:00:00,3501,3257.72
XGBoost,2827,2006-10-30 16:00:00,4248,4074.83
XGBoost,2827,2006-10-30 17:00:00,4765,4870.98
XGBoost,2827,2006-10-30 18:00:00,4230,4022.5898
XGBoost,2827,2006-10-30 19:00:00,2443,2546.46
XGBoost,2827,2006-10-30 20:00:00,1618,1616.3201
XGBoost,2827,2006-10-30 21:00:00,1354,1430.2
XGBoost,2827,2006-10-30 22:00:00,1020,1073.6
XGBoost,2827,2006-10-30 23:00:00,598,636.0
XGBoost,2827,2006-10-31 00:00:00,297,327.37
XGBoost,2827,2006-10-31 01:00:00,162,160.98999
XGBoost,2827,2006-10-31 02:00:00,114,105.54
XGBoost,2827,2006-10-31 03:00:00,124,108.66
XGBoost,2827,2006-10-31 04:00:00,190,169.93
XGBoost,2827,2006-10-31 05:00:00,455,531.25
XGBoost,2827,2006-10-31 06:00:00,1797,1770.54
XGBoost,2827,2006-10-31 07:00:00,3149,3138.89
XGBoost,2827,2006-10-31 08:00:00,3433,3487.11
XGBoost,2827,2006-10-31 09:00:00,2770,2760.99
XGBoost,2827,2006-10-31 10:00:00,2239,2318.23
XGBoost,2827,2006-10-31 11:00:00,2228,2234.31
XGBoost,2827,2006-10-31 12:00:00,2468,2372.14
XGBoost,2827,2006-10-31 13:00:00,2392,2427.1099
XGBoost,2827,2006-10-31 14:00:00,2610,2619.21
XGBoost,2827,2006-10-31 15:00:00,3749,3451.24
XGBoost,2827,2006-10-31 16:00:00,4296,4328.6797
XGBoost,2827,2006-10-31 17:00:00,4619,4863.71
XGBoost,2827,2006-10-31 18:00:00,4176,4245.66
XGBoost,2827,2006-10-31 19:00:00,2686,2690.06
XGBoost,2827,2006-10-31 20:00:00,1748,1808.99
XGBoost,2827,2006-10-31 21:00:00,1578,1545.04
XGBoost,2827,2006-10-31 22:00:00,1288,1255.04
XGBoost,2827,2006-10-31 23:00:00,711,775.39
XGBoost,2846,2006-10-27 12:00:00,1525,1594.63
XGBoost,2846,2006-10-27 13:00:00,1511,1495.81
XGBoost,2846,2006-10-27 14:00:00,1611,1578.38
XGBoost,2846,2006-10-27 15:00:00,2043,2024.13
XGBoost,2846,2006-10-27 16:00:00,2398,2325.26
XGBoost,2846,2006-10-27 17:00:00,2735,2658.17
XGBoost,2846,2006-10-27 18:00:00,2321,2473.04
XGBoost,2846,2006-10-27 19:00:00,1533,1575.12
XGBoost,2846,2006-10-27 20:00:00,1005,1065.28
XGBoost,2846,2006-10-27 21:00:00,753,853.7
XGBoost,2846,2006-10-27 22:00:00,719,705.44
XGBoost,2846,2006-10-27 23:00:00,647,614.77
XGBoost,2846,2006-10-28 00:00:00,456,448.24
XGBoost,2846,2006-10-28 01:00:00,235,247.98999
XGBoost,2846,2006-10-28 02:00:00,182,171.14
XGBoost,2846,2006-10-28 03:00:00,120,120.08
XGBoost,2846,2006-10-28 04:00:00,97,103.520004
XGBoost,2846,2006-10-28 05:00:00,181,181.81999
XGBoost,2846,2006-10-28 06:00:00,381,421.36
XGBoost,2846,2006-10-28 07:00:00,595,638.3
XGBoost,2846,2006-10-28 08:00:00,1167,1160.64
XGBoost,2846,2006-10-28 09:00:00,1483,1499.74
XGBoost,2846,2006-10-28 10:00:00,1659,1635.29
XGBoost,2846,2006-10-28 11:00:00,1765,1768.87
XGBoost,2846,2006-10-28 12:00:00,1728,1757.34
XGBoost,2846,2006-10-28 13:00:00,1634,1640.01
XGBoost,2846,2006-10-28 14:00:00,1592,1563.63
XGBoost,2846,2006-10-28 15:00:00,1558,1611.75
XGBoost,2846,2006-10-28 16:00:00,1581,1579.88
XGBoost,2846,2006-10-28 17:00:00,1658,1789.17
XGBoost,2846,2006-10-28 18:00:00,1573,1550.5
XGBoost,2846,2006-10-28 19:00:00,1332,1298.1499
XGBoost,2846,2006-10-28 20:00:00,800,906.04
XGBoost,2846,2006-10-28 21:00:00,677,683.79
XGBoost,2846,2006-10-28 22:00:00,652,686.27
XGBoost,2846,2006-10-28 23:00:00,708,669.66003
XGBoost,2846,2006-10-29 00:00:00,551,569.01
XGBoost,2846,2006-10-29 01:00:00,262,325.94998
XGBoost,2846,2006-10-29 02:00:00,59,97.19
XGBoost,2846,2006-10-29 03:00:00,242,213.44
XGBoost,2846,2006-10-29 04:00:00,162,175.81
XGBoost,2846,2006-10-29 05:00:00,176,186.41
XGBoost,2846,2006-10-29 06:00:00,241,262.96002
XGBoost,2846,2006-10-29 07:00:00,310,321.53998
XGBoost,2846,2006-10-29 08:00:00,486,500.21997
XGBoost,2846,2006-10-29 09:00:00,814,774.69
XGBoost,2846,2006-10-29 10:00:00,1077,1171.5
XGBoost,2846,2006-10-29 11:00:00,1357,1285.0701
XGBoost,2846,2006-10-29 12:00:00,1470,1488.97
XGBoost,2846,2006-10-29 13:00:00,1361,1379.94
XGBoost,2846,2006-10-29 14:00:00,1401,1359.59
XGBoost,2846,2006-10-29 15:00:00,1433,1437.69
XGBoost,2846,2006-10-29 16:00:00,1521,1449.34
XGBoost,2846,2006-10-29 17:00:00,1571,1519.83
XGBoost,2846,2006-10-29 18:00:00,1203,1266.27
XGBoost,2846,2006-10-29 19:00:00,919,893.47
XGBoost,2846,2006-10-29 20:00:00,722,712.06
XGBoost,2846,2006-10-29 21:00:00,630,624.08
XGBoost,2846,2006-10-29 22:00:00,510,516.37
XGBoost,2846,2006-10-29 23:00:00,288,302.99
XGBoost,2846,2006-10-30 00:00:00,148,152.72
XGBoost,2846,2006-10-30 01:00:00,105,99.32
XGBoost,2846,2006-10-30 02:00:00,53,59.56
XGBoost,2846,2006-10-30 03:00:00,48,52.14
XGBoost,2846,2006-10-30 04:00:00,79,91.13
XGBoost,2846,2006-10-30 05:00:00,248,211.23
XGBoost,2846,2006-10-30 06:00:00,936,857.61
XGBoost,2846,2006-10-30 07:00:00,2455,2431.94
XGBoost,2846,2006-10-30 08:00:00,2782,2954.2998
XGBoost,2846,2006-10-30 09:00:00,1786,1806.02
XGBoost,2846,2006-10-30 10:00:00,1392,1379.87
XGBoost,2846,2006-10-30 11:00:00,1466,1425.52
XGBoost,2846,2006-10-30 12:00:00,1336,1451.52
XGBoost,2846,2006-10-30 13:00:00,1375,1288.55
XGBoost,2846,2006-10-30 14:00:00,1492,1569.0701
XGBoost,2846,2006-10-30 15:00:00,1983,1889.1301
XGBoost,2846,2006-10-30 16:00:00,2263,2152.1401
XGBoost,2846,2006-10-30 17:00:00,2580,2554.6099
XGBoost,2846,2006-10-30 18:00:00,2354,2292.9102
XGBoost,2846,2006-10-30 19:00:00,1312,1346.72
XGBoost,2846,2006-10-30 20:00:00,834,885.70996
XGBoost,2846,2006-10-30 21:00:00,712,698.98
XGBoost,2846,2006-10-30 22:00:00,531,544.09
XGBoost,2846,2006-10-30 23:00:00,334,314.27
XGBoost,2846,2006-10-31 00:00:00,135,142.81
XGBoost,2846,2006-10-31 01:00:00,75,82.2
XGBoost,2846,2006-10-31 02:00:00,60,56.1
XGBoost,2846,2006-10-31 03:00:00,36,47.91
XGBoost,2846,2006-10-31 04:00:00,87,73.229996
XGBoost,2846,2006-10-31 05:00:00,278,266.73
XGBoost,2846,2006-10-31 06:00:00,953,953.74
XGBoost,2846,2006-10-31 07:00:00,2387,2483.12
XGBoost,2846,2006-10-31 08:00:00,2768,2865.57
XGBoost,2846,2006-10-31 09:00:00,1913,1906.7
XGBoost,2846,2006-10-31 10:00:00,1409,1502.69
XGBoost,2846,2006-10-31 11:00:00,1400,1427.78
XGBoost,2846,2006-10-31 12:00:00,1381,1380.54
XGBoost,2846,2006-10-31 13:00:00,1585,1478.6699
XGBoost,2846,2006-10-31 14:00:00,1503,1543.57
XGBoost,2846,2006-10-31 15:00:00,1891,1951.2
XGBoost,2846,2006-10-31 16:00:00,2220,2227.7
XGBoost,2846,2006-10-31 17:00:00,2592,2550.78
XGBoost,2846,2006-10-31 18:00:00,2537,2512.93
XGBoost,2846,2006-10-31 19:00:00,1552,1608.64
XGBoost,2846,2006-10-31 20:00:00,1063,1045.48
XGBoost,2846,2006-10-31 21:00:00,849,837.0
XGBoost,2846,2006-10-31 22:00:00,673,651.73
XGBoost,2846,2006-10-31 23:00:00,311,345.8
XGBoost,3001,2006-10-27 12:00:00,2263,2218.8
XGBoost,3001,2006-10-27 13:00:00,2427,2366.19
XGBoost,3001,2006-10-27 14:00:00,2281,2318.06
XGBoost,3001,2006-10-27 15:00:00,2599,2497.18
XGBoost,3001,2006-10-27 16:00:00,2766,2750.38
XGBoost,3001,2006-10-27 17:00:00,2820,2941.67
XGBoost,3001,2006-10-27 18:00:00,2951,2942.69
XGBoost,3001,2006-10-27 19:00:00,2175,2086.54
XGBoost,3001,2006-10-27 20:00:00,1513,1642.22
XGBoost,3001,2006-10-27 21:00:00,1248,1316.42
XGBoost,3001,2006-10-27 22:00:00,1371,1288.15
XGBoost,3001,2006-10-27 23:00:00,1251,1082.1
XGBoost,3001,2006-10-28 00:00:00,1010,910.56
XGBoost,3001,2006-10-28 01:00:00,787,861.72
XGBoost,3001,2006-10-28 02:00:00,429,376.62
XGBoost,3001,2006-10-28 03:00:00,428,410.1
XGBoost,3001,2006-10-28 04:00:00,323,347.95
XGBoost,3001,2006-10-28 05:00:00,451,418.01
XGBoost,3001,2006-10-28 06:00:00,916,1040.0801
XGBoost,3001,2006-10-28 07:00:00,1023,1181.03
XGBoost,3001,2006-10-28 08:00:00,1884,1910.05
XGBoost,3001,2006-10-28 09:00:00,2721,2388.99
XGBoost,3001,2006-10-28 10:00:00,2582,2361.12
XGBoost,3001,2006-10-28 11:00:00,2938,2877.18
XGBoost,3001,2006-10-28 12:00:00,2927,2728.06
XGBoost,3001,2006-10-28 13:00:00,2504,2569.4
XGBoost,3001,2006-10-28 14:00:00,3134,2601.17
XGBoost,3001,2006-10-28 15:00:00,3552,3155.46
XGBoost,3001,2006-10-28 16:00:00,3328,3260.25
XGBoost,3001,2006-10-28 17:00:00,2413,2600.94
XGBoost,3001,2006-10-28 18:00:00,3028,2802.24
XGBoost,3001,2006-10-28 19:00:00,1554,1779.88
XGBoost,3001,2006-10-28 20:00:00,1434,1299.03
XGBoost,3001,2006-10-28 21:00:00,1315,1354.14
XGBoost,3001,2006-10-28 22:00:00,1297,1303.21
XGBoost,3001,2006-10-28 23:00:00,1051,1069.62
XGBoost,3001,2006-10-29 00:00:00,1464,1204.3201
XGBoost,3001,2006-10-29 01:00:00,717,1109.61
XGBoost,3001,2006-10-29 02:00:00,105,190.2
XGBoost,3001,2006-10-29 03:00:00,384,400.37
XGBoost,3001,2006-10-29 04:00:00,398,441.0
XGBoost,3001,2006-10-29 05:00:00,366,313.12
XGBoost,3001,2006-10-29 06:00:00,512,527.02
XGBoost,3001,2006-10-29 07:00:00,589,666.30005
XGBoost,3001,2006-10-29 08:00:00,907,858.83997
XGBoost,3001,2006-10-29 09:00:00,1457,1370.0701
XGBoost,3001,2006-10-29 10:00:00,1814,1944.98
XGBoost,3001,2006-10-29 11:00:00,2058,2243.55
XGBoost,3001,2006-10-29 12:00:00,2996,2458.29
XGBoost,3001,2006-10-29 13:00:00,2740,2477.71
XGBoost,3001,2006-10-29 14:00:00,2635,2632.28
XGBoost,3001,2006-10-29 15:00:00,2057,2453.13
XGBoost,3001,2006-10-29 16:00:00,3483,2379.58
XGBoost,3001,2006-10-29 17:00:00,2862,2574.82
XGBoost,3001,2006-10-29 18:00:00,1841,1996.36
XGBoost,3001,2006-10-29 19:00:00,1722,1503.8201
XGBoost,3001,2006-10-29 20:00:00,1165,1176.39
XGBoost,3001,2006-10-29 21:00:00,942,960.78
XGBoost,3001,2006-10-29 22:00:00,761,783.93
XGBoost,3001,2006-10-29 23:00:00,790,631.29
XGBoost,3001,2006-10-30 00:00:00,471,559.45996
XGBoost,3001,2006-10-30 01:00:00,164,189.51
XGBoost,3001,2006-10-30 02:00:00,100,87.93
XGBoost,3001,2006-10-30 03:00:00,160,139.3
XGBoost,3001,2006-10-30 04:00:00,184,194.25
XGBoost,3001,2006-10-30 05:00:00,539,614.53
XGBoost,3001,2006-10-30 06:00:00,1842,1669.71
XGBoost,3001,2006-10-30 07:00:00,3159,3145.85
XGBoost,3001,2006-10-30 08:00:00,3039,3145.02
XGBoost,3001,2006-10-30 09:00:00,2555,2533.42
XGBoost,3001,2006-10-30 10:00:00,2483,2173.45
XGBoost,3001,2006-10-30 11:00:00,1870,2210.83
XGBoost,3001,2006-10-30 12:00:00,2298,2273.6401
XGBoost,3001,2006-10-30 13:00:00,2055,2223.59
XGBoost,3001,2006-10-30 14:00:00,2166,2330.43
XGBoost,3001,2006-10-30 15:00:00,2662,2449.68
XGBoost,3001,2006-10-30 16:00:00,2547,2744.0
XGBoost,3001,2006-10-30 17:00:00,2695,2912.18
XGBoost,3001,2006-10-30 18:00:00,2367,2354.36
XGBoost,3001,2006-10-30 19:00:00,2233,2079.77
XGBoost,3001,2006-10-30 20:00:00,1682,1607.75
XGBoost,3001,2006-10-30 21:00:00,988,1135.73
XGBoost,3001,2006-10-30 22:00:00,1361,1120.37
XGBoost,3001,2006-10-30 23:00:00,642,729.15
XGBoost,3001,2006-10-31 00:00:00,543,547.7
XGBoost,3001,2006-10-31 01:00:00,176,183.86
XGBoost,3001,2006-10-31 02:00:00,82,93.24
XGBoost,3001,2006-10-31 03:00:00,101,95.83
XGBoost,3001,2006-10-31 04:00:00,166,145.56
XGBoost,3001,2006-10-31 05:00:00,941,749.66003
XGBoost,3001,2006-10-31 06:00:00,1780,1987.4199
XGBoost,3001,2006-10-31 07:00:00,3600,3300.3901
XGBoost,3001,2006-10-31 08:00:00,3018,3137.0
XGBoost,3001,2006-10-31 09:00:00,2688,2542.78
XGBoost,3001,2006-10-31 10:00:00,1977,2342.8398
XGBoost,3001,2006-10-31 11:00:00,2185,2045.36
XGBoost,3001,2006-10-31 12:00:00,2264,2308.3699
XGBoost,3001,2006-10-31 13:00:00,2547,2142.94
XGBoost,3001,2006-10-31 14:00:00,2305,2438.87
XGBoost,3001,2006-10-31 15:00:00,2225,2423.34
XGBoost,3001,2006-10-31 16:00:00,2412,2523.6802
XGBoost,3001,2006-10-31 17:00:00,3123,2858.67
XGBoost,3001,2006-10-31 18:00:00,2554,2605.21
XGBoost,3001,2006-10-31 19:00:00,2011,1990.41
XGBoost,3001,2006-10-31 20:00:00,1381,1603.37
XGBoost,3001,2006-10-31 21:00:00,1271,1202.09
XGBoost,3001,2006-10-31 22:00:00,973,1100.6901
XGBoost,3001,2006-10-31 23:00:00,828,795.8
XGBoost,3002,2006-10-29 00:00:00,1076,710.41
XGBoost,3002,2006-10-29 01:00:00,514,674.96
XGBoost,3002,2006-10-29 02:00:00,162,123.96
XGBoost,3002,2006-10-29 03:00:00,457,485.34
XGBoost,3002,2006-10-29 04:00:00,370,475.9
XGBoost,3002,2006-10-29 05:00:00,280,307.13
XGBoost,3002,2006-10-29 06:00:00,439,475.66998
XGBoost,3002,2006-10-29 07:00:00,519,651.02
XGBoost,3002,2006-10-29 08:00:00,824,861.89996
XGBoost,3002,2006-10-29 09:00:00,1469,1432.99
XGBoost,3002,2006-10-29 10:00:00,1964,1985.42
XGBoost,3002,2006-10-29 11:00:00,2306,2208.08
XGBoost,3002,2006-10-29 12:00:00,2791,2628.2
XGBoost,3002,2006-10-29 13:00:00,2611,2598.1802
XGBoost,3002,2006-10-29 14:00:00,2752,2663.98
XGBoost,3002,2006-10-29 15:00:00,2887,2821.6301
XGBoost,3002,2006-10-29 16:00:00,2902,2890.22
XGBoost,3002,2006-10-29 17:00:00,2832,2873.51
XGBoost,3002,2006-10-29 18:00:00,2417,2508.4102
XGBoost,3002,2006-10-29 19:00:00,1668,1709.14
XGBoost,3002,2006-10-29 20:00:00,1416,1332.7
XGBoost,3002,2006-10-29 21:00:00,1205,1236.61
XGBoost,3002,2006-10-29 22:00:00,961,913.39
XGBoost,3002,2006-10-29 23:00:00,621,612.65
XGBoost,3002,2006-10-30 00:00:00,327,346.64
XGBoost,3002,2006-10-30 01:00:00,167,163.47
XGBoost,3002,2006-10-30 02:00:00,113,103.979996
XGBoost,3002,2006-10-30 03:00:00,104,106.16
XGBoost,3002,2006-10-30 04:00:00,150,167.29001
XGBoost,3002,2006-10-30 05:00:00,367,367.68
XGBoost,3002,2006-10-30 06:00:00,1526,1369.12
XGBoost,3002,2006-10-30 07:00:00,3431,3359.32
XGBoost,3002,2006-10-30 08:00:00,3812,3820.99
XGBoost,3002,2006-10-30 09:00:00,2989,2881.03
XGBoost,3002,2006-10-30 10:00:00,2532,2447.03
XGBoost,3002,2006-10-30 11:00:00,2545,2487.8901
XGBoost,3002,2006-10-30 12:00:00,2752,2655.18
XGBoost,3002,2006-10-30 13:00:00,2679,2684.19
XGBoost,3002,2006-10-30 14:00:00,2825,2816.82
XGBoost,3002,2006-10-30 15:00:00,3242,3223.58
XGBoost,3002,2006-10-30 16:00:00,3532,3440.91
XGBoost,3002,2006-10-30 17:00:00,3829,3859.79
XGBoost,3002,2006-10-30 18:00:00,3532,3452.55
XGBoost,3002,2006-10-30 19:00:00,2275,2326.35
XGBoost,3002,2006-10-30 20:00:00,1603,1595.01
XGBoost,3002,2006-10-30 21:00:00,1329,1367.49
XGBoost,3002,2006-10-30 22:00:00,1017,1056.51
XGBoost,3002,2006-10-30 23:00:00,577,595.25
XGBoost,3002,2006-10-31 00:00:00,276,303.21
XGBoost,3002,2006-10-31 01:00:00,128,134.52
XGBoost,3002,2006-10-31 02:00:00,88,94.64
XGBoost,3002,2006-10-31 03:00:00,86,81.6
XGBoost,3002,2006-10-31 04:00:00,151,146.12
XGBoost,3002,2006-10-31 05:00:00,380,381.85
XGBoost,3002,2006-10-31 06:00:00,1627,1541.2799
XGBoost,3002,2006-10-31 07:00:00,3589,3540.7402
XGBoost,3002,2006-10-31 08:00:00,3730,3850.83
XGBoost,3002,2006-10-31 09:00:00,3152,3093.47
XGBoost,3002,2006-10-31 10:00:00,2606,2629.1
XGBoost,3002,2006-10-31 11:00:00,2722,2623.8198
XGBoost,3002,2006-10-31 12:00:00,2872,2813.45
XGBoost,3002,2006-10-31 13:00:00,2765,2771.0
XGBoost,3002,2006-10-31 14:00:00,2925,2888.8599
XGBoost,3002,2006-10-31 15:00:00,3483,3387.86
XGBoost,3002,2006-10-31 16:00:00,3523,3588.99
XGBoost,3002,2006-10-31 17:00:00,3853,3902.62
XGBoost,3002,2006-10-31 18:00:00,3709,3649.03
XGBoost,3002,2006-10-31 19:00:00,2552,2558.63
XGBoost,3002,2006-10-31 20:00:00,1818,1766.0599
XGBoost,3002,2006-10-31 21:00:00,1507,1536.0701
XGBoost,3002,2006-10-31 22:00:00,1153,1184.9
XGBoost,3002,2006-10-31 23:00:00,710,716.83
XGBoost,3120,2006-10-27 12:00:00,2800,2699.6
XGBoost,3120,2006-10-27 13:00:00,2457,2643.5898
XGBoost,3120,2006-10-27 14:00:00,2799,2688.48
XGBoost,3120,2006-10-27 15:00:00,2951,2993.76
XGBoost,3120,2006-10-27 16:00:00,2972,3049.9
XGBoost,3120,2006-10-27 17:00:00,3095,3214.48
XGBoost,3120,2006-10-27 18:00:00,2986,2962.67
XGBoost,3120,2006-10-27 19:00:00,2474,2473.47
XGBoost,3120,2006-10-27 20:00:00,1842,1829.14
XGBoost,3120,2006-10-27 21:00:00,1632,1690.78
XGBoost,3120,2006-10-27 22:00:00,1540,1483.64
XGBoost,3120,2006-10-27 23:00:00,1348,1351.66
XGBoost,3120,2006-10-28 00:00:00,1109,1061.9299
XGBoost,3120,2006-10-28 01:00:00,798,773.69
XGBoost,3120,2006-10-28 02:00:00,630,628.36
XGBoost,3120,2006-10-28 03:00:00,576,550.17
XGBoost,3120,2006-10-28 04:00:00,533,543.83
XGBoost,3120,2006-10-28 05:00:00,619,624.23
XGBoost,3120,2006-10-28 06:00:00,1047,1057.39
XGBoost,3120,2006-10-28 07:00:00,1469,1613.95
XGBoost,3120,2006-10-28 08:00:00,1999,2111.53
XGBoost,3120,2006-10-28 09:00:00,2512,2564.88
XGBoost,3120,2006-10-28 10:00:00,2733,2805.5
XGBoost,3120,2006-10-28 11:00:00,2899,2865.5498
XGBoost,3120,2006-10-28 12:00:00,2933,2980.52
XGBoost,3120,2006-10-28 13:00:00,3003,2845.1602
XGBoost,3120,2006-10-28 14:00:00,2801,2870.17
XGBoost,3120,2006-10-28 15:00:00,2687,2747.3599
XGBoost,3120,2006-10-28 16:00:00,2660,2654.56
XGBoost,3120,2006-10-28 17:00:00,2797,2771.25
XGBoost,3120,2006-10-28 18:00:00,2699,2628.74
XGBoost,3120,2006-10-28 19:00:00,2240,2176.08
XGBoost,3120,2006-10-28 20:00:00,1748,1657.45
XGBoost,3120,2006-10-28 21:00:00,1625,1556.7
XGBoost,3120,2006-10-28 22:00:00,1664,1609.1599
XGBoost,3120,2006-10-28 23:00:00,1522,1543.67
XGBoost,3120,2006-10-29 00:00:00,1271,1316.24
XGBoost,3120,2006-10-29 01:00:00,780,871.27
XGBoost,3120,2006-10-29 02:00:00,472,414.84
XGBoost,3120,2006-10-29 03:00:00,715,682.83997
XGBoost,3120,2006-10-29 04:00:00,626,685.06
XGBoost,3120,2006-10-29 05:00:00,628,605.05
XGBoost,3120,2006-10-29 06:00:00,827,802.6
XGBoost,3120,2006-10-29 07:00:00,986,1042.9501
XGBoost,3120,2006-10-29 08:00:00,1296,1332.04
XGBoost,3120,2006-10-29 09:00:00,1840,1845.1699
XGBoost,3120,2006-10-29 10:00:00,2178,2211.77
XGBoost,3120,2006-10-29 11:00:00,2463,2406.24
XGBoost,3120,2006-10-29 12:00:00,2729,2679.48
XGBoost,3120,2006-10-29 13:00:00,2620,2691.17
XGBoost,3120,2006-10-29 14:00:00,2503,2502.51
XGBoost,3120,2006-10-29 15:00:00,2623,2576.56
XGBoost,3120,2006-10-29 16:00:00,2681,2628.48
XGBoost,3120,2006-10-29 17:00:00,2654,2652.27
XGBoost,3120,2006-10-29 18:00:00,2319,2327.2
XGBoost,3120,2006-10-29 19:00:00,1759,1700.11
XGBoost,3120,2006-10-29 20:00:00,1531,1466.21
XGBoost,3120,2006-10-29 21:00:00,1449,1414.36
XGBoost,3120,2006-10-29 22:00:00,1300,1265.22
XGBoost,3120,2006-10-29 23:00:00,882,967.94
XGBoost,3120,2006-10-30 00:00:00,605,632.06
XGBoost,3120,2006-10-30 01:00:00,489,458.81
XGBoost,3120,2006-10-30 02:00:00,435,431.97
XGBoost,3120,2006-10-30 03:00:00,420,444.77
XGBoost,3120,2006-10-30 04:00:00,480,497.12
XGBoost,3120,2006-10-30 05:00:00,714,682.48
XGBoost,3120,2006-10-30 06:00:00,1789,1527.3201
XGBoost,3120,2006-10-30 07:00:00,3137,3091.97
XGBoost,3120,2006-10-30 08:00:00,3477,3448.6602
XGBoost,3120,2006-10-30 09:00:00,2754,2739.26
XGBoost,3120,2006-10-30 10:00:00,2427,2381.62
XGBoost,3120,2006-10-30 11:00:00,2363,2402.9102
XGBoost,3120,2006-10-30 12:00:00,2544,2556.67
XGBoost,3120,2006-10-30 13:00:00,2539,2511.87
XGBoost,3120,2006-10-30 14:00:00,2509,2615.6099
XGBoost,3120,2006-10-30 15:00:00,2707,2868.99
XGBoost,3120,2006-10-30 16:00:00,2910,2955.1
XGBoost,3120,2006-10-30 17:00:00,3083,3130.48
XGBoost,3120,2006-10-30 18:00:00,2758,2828.25
XGBoost,3120,2006-10-30 19:00:00,2021,1981.2
XGBoost,3120,2006-10-30 20:00:00,1628,1603.55
XGBoost,3120,2006-10-30 21:00:00,1500,1509.41
XGBoost,3120,2006-10-30 22:00:00,1113,1226.6799
XGBoost,3120,2006-10-30 23:00:00,851,851.11
XGBoost,3120,2006-10-31 00:00:00,634,599.82
XGBoost,3120,2006-10-31 01:00:00,473,461.5
XGBoost,3120,2006-10-31 02:00:00,453,436.6
XGBoost,3120,2006-10-31 03:00:00,443,432.28998
XGBoost,3120,2006-10-31 04:00:00,473,453.0
XGBoost,3120,2006-10-31 05:00:00,719,704.47003
XGBoost,3120,2006-10-31 06:00:00,1949,1836.59
XGBoost,3120,2006-10-31 07:00:00,3249,3231.65
XGBoost,3120,2006-10-31 08:00:00,3466,3522.07
XGBoost,3120,2006-10-31 09:00:00,2965,2828.85
XGBoost,3120,2006-10-31 10:00:00,2519,2560.27
XGBoost,3120,2006-10-31 11:00:00,2573,2487.8
XGBoost,3120,2006-10-31 12:00:00,2553,2553.83
XGBoost,3120,2006-10-31 13:00:00,2565,2571.1099
XGBoost,3120,2006-10-31 14:00:00,2664,2656.03
XGBoost,3120,2006-10-31 15:00:00,2801,2845.31
XGBoost,3120,2006-10-31 16:00:00,2780,2955.8901
XGBoost,3120,2006-10-31 17:00:00,3011,3064.31
XGBoost,3120,2006-10-31 18:00:00,2848,2866.2
XGBoost,3120,2006-10-31 19:00:00,2314,2250.65
XGBoost,3120,2006-10-31 20:00:00,1786,1742.21
XGBoost,3120,2006-10-31 21:00:00,1653,1624.47
XGBoost,3120,2006-10-31 22:00:00,1401,1376.64
XGBoost,3120,2006-10-31 23:00:00,955,975.72
XGBoost,3122,2006-10-27 12:00:00,2483,2334.86
XGBoost,3122,2006-10-27 13:00:00,2378,2391.14
XGBoost,3122,2006-10-27 14:00:00,2440,2418.85
XGBoost,3122,2006-10-27 15:00:00,2757,2820.48
XGBoost,3122,2006-10-27 16:00:00,2950,3038.68
XGBoost,3122,2006-10-27 17:00:00,3210,3108.98
XGBoost,3122,2006-10-27 18:00:00,2836,2925.74
XGBoost,3122,2006-10-27 19:00:00,1938,1996.5801
XGBoost,3122,2006-10-27 20:00:00,1151,1243.76
XGBoost,3122,2006-10-27 21:00:00,1025,1061.52
XGBoost,3122,2006-10-27 22:00:00,855,866.52
XGBoost,3122,2006-10-27 23:00:00,760,714.38
XGBoost,3122,2006-10-28 00:00:00,469,470.43
XGBoost,3122,2006-10-28 01:00:00,268,266.43
XGBoost,3122,2006-10-28 02:00:00,161,176.56
XGBoost,3122,2006-10-28 03:00:00,109,99.840004
XGBoost,3122,2006-10-28 04:00:00,111,120.979996
XGBoost,3122,2006-10-28 05:00:00,170,166.45
XGBoost,3122,2006-10-28 06:00:00,426,434.88998
XGBoost,3122,2006-10-28 07:00:00,740,741.61
XGBoost,3122,2006-10-28 08:00:00,1486,1421.14
XGBoost,3122,2006-10-28 09:00:00,1914,2046.4099
XGBoost,3122,2006-10-28 10:00:00,2298,2262.89
XGBoost,3122,2006-10-28 11:00:00,2667,2525.93
XGBoost,3122,2006-10-28 12:00:00,2639,2749.15
XGBoost,3122,2006-10-28 13:00:00,2657,2609.98
XGBoost,3122,2006-10-28 14:00:00,2419,2525.6
XGBoost,3122,2006-10-28 15:00:00,2299,2405.93
XGBoost,3122,2006-10-28 16:00:00,2215,2279.63
XGBoost,3122,2006-10-28 17:00:00,2268,2358.37
XGBoost,3122,2006-10-28 18:00:00,1991,2078.22
XGBoost,3122,2006-10-28 19:00:00,1520,1517.58
XGBoost,3122,2006-10-28 20:00:00,1005,1033.58
XGBoost,3122,2006-10-28 21:00:00,918,933.47
XGBoost,3122,2006-10-28 22:00:00,869,846.02
XGBoost,3122,2006-10-28 23:00:00,870,854.73
XGBoost,3122,2006-10-29 00:00:00,646,672.47
XGBoost,3122,2006-10-29 01:00:00,283,353.06
XGBoost,3122,2006-10-29 02:00:00,70,100.94
XGBoost,3122,2006-10-29 03:00:00,241,218.64
XGBoost,3122,2006-10-29 04:00:00,188,191.59
XGBoost,3122,2006-10-29 05:00:00,172,183.47
XGBoost,3122,2006-10-29 06:00:00,296,291.6
XGBoost,3122,2006-10-29 07:00:00,411,435.41998
XGBoost,3122,2006-10-29 08:00:00,734,682.41
XGBoost,3122,2006-10-29 09:00:00,1201,1189.21
XGBoost,3122,2006-10-29 10:00:00,1590,1617.05
XGBoost,3122,2006-10-29 11:00:00,1751,1899.69
XGBoost,3122,2006-10-29 12:00:00,2164,2120.82
XGBoost,3122,2006-10-29 13:00:00,2027,2108.63
XGBoost,3122,2006-10-29 14:00:00,1938,1992.59
XGBoost,3122,2006-10-29 15:00:00,2013,2016.41
XGBoost,3122,2006-10-29 16:00:00,2075,2007.1799
XGBoost,3122,2006-10-29 17:00:00,2050,2105.31
XGBoost,3122,2006-10-29 18:00:00,1587,1606.57
XGBoost,3122,2006-10-29 19:00:00,1098,1130.4299
XGBoost,3122,2006-10-29 20:00:00,893,850.16003
XGBoost,3122,2006-10-29 21:00:00,778,778.58
XGBoost,3122,2006-10-29 22:00:00,572,593.35
XGBoost,3122,2006-10-29 23:00:00,309,342.66
XGBoost,3122,2006-10-30 00:00:00,161,161.78
XGBoost,3122,2006-10-30 01:00:00,86,87.950005
XGBoost,3122,2006-10-30 02:00:00,62,58.31
XGBoost,3122,2006-10-30 03:00:00,47,57.27
XGBoost,3122,2006-10-30 04:00:00,84,99.88
XGBoost,3122,2006-10-30 05:00:00,227,222.42001
XGBoost,3122,2006-10-30 06:00:00,980,839.94
XGBoost,3122,2006-10-30 07:00:00,2463,2620.79
XGBoost,3122,2006-10-30 08:00:00,2631,2668.44
XGBoost,3122,2006-10-30 09:00:00,2326,2199.09
XGBoost,3122,2006-10-30 10:00:00,1906,1888.99
XGBoost,3122,2006-10-30 11:00:00,1904,1842.84
XGBoost,3122,2006-10-30 12:00:00,2025,2047.04
XGBoost,3122,2006-10-30 13:00:00,2013,1964.27
XGBoost,3122,2006-10-30 14:00:00,2170,2122.99
XGBoost,3122,2006-10-30 15:00:00,2668,2546.51
XGBoost,3122,2006-10-30 16:00:00,2730,2825.4
XGBoost,3122,2006-10-30 17:00:00,3036,3000.29
XGBoost,3122,2006-10-30 18:00:00,2576,2608.56
XGBoost,3122,2006-10-30 19:00:00,1569,1606.99
XGBoost,3122,2006-10-30 20:00:00,1043,1076.37
XGBoost,3122,2006-10-30 21:00:00,859,847.35
XGBoost,3122,2006-10-30 22:00:00,616,661.5
XGBoost,3122,2006-10-30 23:00:00,294,288.96
XGBoost,3122,2006-10-31 00:00:00,149,147.91
XGBoost,3122,2006-10-31 01:00:00,57,76.12
XGBoost,3122,2006-10-31 02:00:00,56,50.72
XGBoost,3122,2006-10-31 03:00:00,48,48.15
XGBoost,3122,2006-10-31 04:00:00,76,73.97
XGBoost,3122,2006-10-31 05:00:00,235,234.73999
XGBoost,3122,2006-10-31 06:00:00,1106,1007.59
XGBoost,3122,2006-10-31 07:00:00,2512,2603.58
XGBoost,3122,2006-10-31 08:00:00,2652,2667.52
XGBoost,3122,2006-10-31 09:00:00,2518,2378.5
XGBoost,3122,2006-10-31 10:00:00,2028,2101.7
XGBoost,3122,2006-10-31 11:00:00,2115,2033.2
XGBoost,3122,2006-10-31 12:00:00,2111,2114.3
XGBoost,3122,2006-10-31 13:00:00,2100,2094.1802
XGBoost,3122,2006-10-31 14:00:00,2315,2266.59
XGBoost,3122,2006-10-31 15:00:00,2686,2695.23
XGBoost,3122,2006-10-31 16:00:00,2783,2856.4102
XGBoost,3122,2006-10-31 17:00:00,3023,3069.52
XGBoost,3122,2006-10-31 18:00:00,2599,2733.3398
XGBoost,3122,2006-10-31 19:00:00,1729,1708.9299
XGBoost,3122,2006-10-31 20:00:00,1250,1256.53
XGBoost,3122,2006-10-31 21:00:00,1007,979.42
XGBoost,3122,2006-10-31 22:00:00,858,809.08
XGBoost,3122,2006-10-31 23:00:00,389,412.85
XGBoost,3126,2006-10-27 12:00:00,2159,2305.68
XGBoost,3126,2006-10-27 13:00:00,2263,2271.56
XGBoost,3126,2006-10-27 14:00:00,2355,2355.8599
XGBoost,3126,2006-10-27 15:00:00,2389,2529.25
XGBoost,3126,2006-10-27 16:00:00,2989,2954.5
XGBoost,3126,2006-10-27 17:00:00,3483,3395.82
XGBoost,3126,2006-10-27 18:00:00,3019,3066.85
XGBoost,3126,2006-10-27 19:00:00,2165,2199.24
XGBoost,3126,2006-10-27 20:00:00,1526,1564.26
XGBoost,3126,2006-10-27 21:00:00,1426,1459.21
XGBoost,3126,2006-10-27 22:00:00,1260,1209.81
XGBoost,3126,2006-10-27 23:00:00,1100,1048.39
XGBoost,3126,2006-10-28 00:00:00,650,661.05
XGBoost,3126,2006-10-28 01:00:00,439,426.69
XGBoost,3126,2006-10-28 02:00:00,244,279.22
XGBoost,3126,2006-10-28 03:00:00,158,160.32
XGBoost,3126,2006-10-28 04:00:00,197,175.31999
XGBoost,3126,2006-10-28 05:00:00,292,291.42
XGBoost,3126,2006-10-28 06:00:00,603,657.68
XGBoost,3126,2006-10-28 07:00:00,967,1005.32
XGBoost,3126,2006-10-28 08:00:00,1887,1882.4
XGBoost,3126,2006-10-28 09:00:00,2202,2305.12
XGBoost,3126,2006-10-28 10:00:00,2281,2359.48
XGBoost,3126,2006-10-28 11:00:00,2324,2478.4702
XGBoost,3126,2006-10-28 12:00:00,2373,2428.94
XGBoost,3126,2006-10-28 13:00:00,2332,2341.8599
XGBoost,3126,2006-10-28 14:00:00,2445,2419.51
XGBoost,3126,2006-10-28 15:00:00,2319,2369.39
XGBoost,3126,2006-10-28 16:00:00,2416,2454.24
XGBoost,3126,2006-10-28 17:00:00,2533,2473.95
XGBoost,3126,2006-10-28 18:00:00,2274,2314.95
XGBoost,3126,2006-10-28 19:00:00,1811,1777.42
XGBoost,3126,2006-10-28 20:00:00,1372,1404.08
XGBoost,3126,2006-10-28 21:00:00,1211,1216.04
XGBoost,3126,2006-10-28 22:00:00,1255,1217.27
XGBoost,3126,2006-10-28 23:00:00,1133,1134.09
XGBoost,3126,2006-10-29 00:00:00,993,978.45
XGBoost,3126,2006-10-29 01:00:00,500,560.8
XGBoost,3126,2006-10-29 02:00:00,272,259.24
XGBoost,3126,2006-10-29 03:00:00,362,334.19
XGBoost,3126,2006-10-29 04:00:00,298,305.07
XGBoost,3126,2006-10-29 05:00:00,261,270.16
XGBoost,3126,2006-10-29 06:00:00,393,404.29
XGBoost,3126,2006-10-29 07:00:00,611,622.73
XGBoost,3126,2006-10-29 08:00:00,946,918.88
XGBoost,3126,2006-10-29 09:00:00,1615,1544.8301
XGBoost,3126,2006-10-29 10:00:00,2050,2036.38
XGBoost,3126,2006-10-29 11:00:00,2094,2147.31
XGBoost,3126,2006-10-29 12:00:00,2437,2337.5898
XGBoost,3126,2006-10-29 13:00:00,2272,2289.47
XGBoost,3126,2006-10-29 14:00:00,2315,2319.71
XGBoost,3126,2006-10-29 15:00:00,2285,2242.97
XGBoost,3126,2006-10-29 16:00:00,2522,2373.08
XGBoost,3126,2006-10-29 17:00:00,2450,2532.08
XGBoost,3126,2006-10-29 18:00:00,2084,2047.23
XGBoost,3126,2006-10-29 19:00:00,1440,1406.02
XGBoost,3126,2006-10-29 20:00:00,1256,1230.53
XGBoost,3126,2006-10-29 21:00:00,1117,1119.34
XGBoost,3126,2006-10-29 22:00:00,889,873.25
XGBoost,3126,2006-10-29 23:00:00,546,573.43
XGBoost,3126,2006-10-30 00:00:00,270,296.29
XGBoost,3126,2006-10-30 01:00:00,132,137.19
XGBoost,3126,2006-10-30 02:00:00,95,97.55
XGBoost,3126,2006-10-30 03:00:00,58,79.380005
XGBoost,3126,2006-10-30 04:00:00,120,148.1
XGBoost,3126,2006-10-30 05:00:00,340,330.13
XGBoost,3126,2006-10-30 06:00:00,1462,1301.4
XGBoost,3126,2006-10-30 07:00:00,3044,3074.41
XGBoost,3126,2006-10-30 08:00:00,3139,3251.9102
XGBoost,3126,2006-10-30 09:00:00,2561,2483.1602
XGBoost,3126,2006-10-30 10:00:00,2237,2253.13
XGBoost,3126,2006-10-30 11:00:00,2278,2264.08
XGBoost,3126,2006-10-30 12:00:00,2282,2288.9702
XGBoost,3126,2006-10-30 13:00:00,2380,2280.32
XGBoost,3126,2006-10-30 14:00:00,2372,2456.28
XGBoost,3126,2006-10-30 15:00:00,2495,2603.8599
XGBoost,3126,2006-10-30 16:00:00,3050,2960.52
XGBoost,3126,2006-10-30 17:00:00,3465,3357.68
XGBoost,3126,2006-10-30 18:00:00,2904,2930.2002
XGBoost,3126,2006-10-30 19:00:00,1953,1897.79
XGBoost,3126,2006-10-30 20:00:00,1369,1402.59
XGBoost,3126,2006-10-30 21:00:00,1237,1216.05
XGBoost,3126,2006-10-30 22:00:00,896,944.83
XGBoost,3126,2006-10-30 23:00:00,446,481.08002
XGBoost,3126,2006-10-31 00:00:00,238,251.96
XGBoost,3126,2006-10-31 01:00:00,120,114.96
XGBoost,3126,2006-10-31 02:00:00,85,89.13
XGBoost,3126,2006-10-31 03:00:00,82,75.1
XGBoost,3126,2006-10-31 04:00:00,132,122.92
XGBoost,3126,2006-10-31 05:00:00,404,407.03
XGBoost,3126,2006-10-31 06:00:00,1613,1554.0801
XGBoost,3126,2006-10-31 07:00:00,3140,3176.54
XGBoost,3126,2006-10-31 08:00:00,3010,3196.28
XGBoost,3126,2006-10-31 09:00:00,2812,2670.1
XGBoost,3126,2006-10-31 10:00:00,2290,2330.32
XGBoost,3126,2006-10-31 11:00:00,2341,2322.12
XGBoost,3126,2006-10-31 12:00:00,2284,2328.8901
XGBoost,3126,2006-10-31 13:00:00,2417,2391.98
XGBoost,3126,2006-10-31 14:00:00,2399,2445.87
XGBoost,3126,2006-10-31 15:00:00,2590,2593.3
XGBoost,3126,2006-10-31 16:00:00,3020,3063.7002
XGBoost,3126,2006-10-31 17:00:00,3121,3326.17
XGBoost,3126,2006-10-31 18:00:00,2755,2830.44
XGBoost,3126,2006-10-31 19:00:00,2140,2109.78
XGBoost,3126,2006-10-31 20:00:00,1647,1612.68
XGBoost,3126,2006-10-31 21:00:00,1388,1381.03
XGBoost,3126,2006-10-31 22:00:00,1133,1121.65
XGBoost,3126,2006-10-31 23:00:00,553,590.16003
XGBoost,3127,2006-10-29 00:00:00,766,551.99
XGBoost,3127,2006-10-29 01:00:00,281,453.86
XGBoost,3127,2006-10-29 02:00:00,88,89.65
XGBoost,3127,2006-10-29 03:00:00,284,248.03
XGBoost,3127,2006-10-29 04:00:00,219,235.43
XGBoost,3127,2006-10-29 05:00:00,188,219.23
XGBoost,3127,2006-10-29 06:00:00,315,354.11
XGBoost,3127,2006-10-29 07:00:00,437,534.94
XGBoost,3127,2006-10-29 08:00:00,834,824.31
XGBoost,3127,2006-10-29 09:00:00,1306,1299.53
XGBoost,3127,2006-10-29 10:00:00,1771,1721.4
XGBoost,3127,2006-10-29 11:00:00,1935,1928.0
XGBoost,3127,2006-10-29 12:00:00,2200,2159.56
XGBoost,3127,2006-10-29 13:00:00,2099,2088.3
XGBoost,3127,2006-10-29 14:00:00,2107,2115.7
XGBoost,3127,2006-10-29 15:00:00,2200,2196.73
XGBoost,3127,2006-10-29 16:00:00,2175,2198.0
XGBoost,3127,2006-10-29 17:00:00,2079,2207.4
XGBoost,3127,2006-10-29 18:00:00,1785,1765.8401
XGBoost,3127,2006-10-29 19:00:00,1232,1269.29
XGBoost,3127,2006-10-29 20:00:00,1041,1005.19
XGBoost,3127,2006-10-29 21:00:00,823,835.1
XGBoost,3127,2006-10-29 22:00:00,678,634.69
XGBoost,3127,2006-10-29 23:00:00,378,379.72
XGBoost,3127,2006-10-30 00:00:00,173,189.12
XGBoost,3127,2006-10-30 01:00:00,98,91.76
XGBoost,3127,2006-10-30 02:00:00,76,73.68
XGBoost,3127,2006-10-30 03:00:00,45,61.739998
XGBoost,3127,2006-10-30 04:00:00,91,103.49
XGBoost,3127,2006-10-30 05:00:00,241,245.33
XGBoost,3127,2006-10-30 06:00:00,1124,1004.4
XGBoost,3127,2006-10-30 07:00:00,2826,2860.14
XGBoost,3127,2006-10-30 08:00:00,2984,2940.44
XGBoost,3127,2006-10-30 09:00:00,2415,2358.74
XGBoost,3127,2006-10-30 10:00:00,2091,2083.59
XGBoost,3127,2006-10-30 11:00:00,2071,2033.17
XGBoost,3127,2006-10-30 12:00:00,2212,2181.3599
XGBoost,3127,2006-10-30 13:00:00,2085,2107.87
XGBoost,3127,2006-10-30 14:00:00,2252,2248.15
XGBoost,3127,2006-10-30 15:00:00,2597,2616.2002
XGBoost,3127,2006-10-30 16:00:00,2688,2723.26
XGBoost,3127,2006-10-30 17:00:00,3014,3009.3801
XGBoost,3127,2006-10-30 18:00:00,2583,2579.31
XGBoost,3127,2006-10-30 19:00:00,1646,1690.01
XGBoost,3127,2006-10-30 20:00:00,1133,1162.9299
XGBoost,3127,2006-10-30 21:00:00,909,942.03
XGBoost,3127,2006-10-30 22:00:00,708,741.27
XGBoost,3127,2006-10-30 23:00:00,311,334.52
XGBoost,3127,2006-10-31 00:00:00,188,170.29001
XGBoost,3127,2006-10-31 01:00:00,93,100.58
XGBoost,3127,2006-10-31 02:00:00,54,62.77
XGBoost,3127,2006-10-31 03:00:00,59,48.29
XGBoost,3127,2006-10-31 04:00:00,93,86.44
XGBoost,3127,2006-10-31 05:00:00,277,290.27002
XGBoost,3127,2006-10-31 06:00:00,1268,1180.7
XGBoost,3127,2006-10-31 07:00:00,2931,2949.75
XGBoost,3127,2006-10-31 08:00:00,2935,2979.25
XGBoost,3127,2006-10-31 09:00:00,2646,2528.5898
XGBoost,3127,2006-10-31 10:00:00,2162,2214.19
XGBoost,3127,2006-10-31 11:00:00,2224,2165.05
XGBoost,3127,2006-10-31 12:00:00,2180,2223.8
XGBoost,3127,2006-10-31 13:00:00,2148,2161.81
XGBoost,3127,2006-10-31 14:00:00,2333,2312.9502
XGBoost,3127,2006-10-31 15:00:00,2575,2635.71
XGBoost,3127,2006-10-31 16:00:00,2806,2795.49
XGBoost,3127,2006-10-31 17:00:00,3038,3058.5698
XGBoost,3127,2006-10-31 18:00:00,2676,2696.1401
XGBoost,3127,2006-10-31 19:00:00,1885,1860.36
XGBoost,3127,2006-10-31 20:00:00,1349,1322.1799
XGBoost,3127,2006-10-31 21:00:00,1153,1139.97
XGBoost,3127,2006-10-31 22:00:00,871,876.44
XGBoost,3127,2006-10-31 23:00:00,426,448.23
XGBoost,3180,2006-10-27 12:00:00,1378,1358.3201
XGBoost,3180,2006-10-27 13:00:00,1282,1368.94
XGBoost,3180,2006-10-27 14:00:00,1380,1361.79
XGBoost,3180,2006-10-27 15:00:00,1850,1856.86
XGBoost,3180,2006-10-27 16:00:00,1817,1846.0
XGBoost,3180,2006-10-27 17:00:00,1986,1985.79
XGBoost,3180,2006-10-27 18:00:00,1766,1803.41
XGBoost,3180,2006-10-27 19:00:00,1383,1289.34
XGBoost,3180,2006-10-27 20:00:00,826,919.98
XGBoost,3180,2006-10-27 21:00:00,744,729.95
XGBoost,3180,2006-10-27 22:00:00,608,580.22
XGBoost,3180,2006-10-27 23:00:00,540,530.16003
XGBoost,3180,2006-10-28 00:00:00,297,298.6
XGBoost,3180,2006-10-28 01:00:00,168,168.52
XGBoost,3180,2006-10-28 02:00:00,119,118.33
XGBoost,3180,2006-10-28 03:00:00,87,84.64
XGBoost,3180,2006-10-28 04:00:00,71,78.19
XGBoost,3180,2006-10-28 05:00:00,118,114.74
XGBoost,3180,2006-10-28 06:00:00,253,290.55
XGBoost,3180,2006-10-28 07:00:00,457,442.86002
XGBoost,3180,2006-10-28 08:00:00,972,923.65
XGBoost,3180,2006-10-28 09:00:00,1398,1352.49
XGBoost,3180,2006-10-28 10:00:00,1512,1502.1
XGBoost,3180,2006-10-28 11:00:00,1708,1596.48
XGBoost,3180,2006-10-28 12:00:00,1783,1757.8
XGBoost,3180,2006-10-28 13:00:00,1580,1728.67
XGBoost,3180,2006-10-28 14:00:00,1453,1314.73
XGBoost,3180,2006-10-28 15:00:00,1526,1571.04
XGBoost,3180,2006-10-28 16:00:00,1516,1512.8401
XGBoost,3180,2006-10-28 17:00:00,1490,1512.5
XGBoost,3180,2006-10-28 18:00:00,1414,1410.29
XGBoost,3180,2006-10-28 19:00:00,959,1066.55
XGBoost,3180,2006-10-28 20:00:00,632,586.83997
XGBoost,3180,2006-10-28 21:00:00,595,636.33997
XGBoost,3180,2006-10-28 22:00:00,578,591.93
XGBoost,3180,2006-10-28 23:00:00,601,583.39
XGBoost,3180,2006-10-29 00:00:00,421,421.02
XGBoost,3180,2006-10-29 01:00:00,210,257.54
XGBoost,3180,2006-10-29 02:00:00,105,118.12
XGBoost,3180,2006-10-29 03:00:00,168,124.5
XGBoost,3180,2006-10-29 04:00:00,117,138.7
XGBoost,3180,2006-10-29 05:00:00,112,109.09
XGBoost,3180,2006-10-29 06:00:00,135,158.03
XGBoost,3180,2006-10-29 07:00:00,205,223.56
XGBoost,3180,2006-10-29 08:00:00,417,391.61
XGBoost,3180,2006-10-29 09:00:00,855,785.16003
XGBoost,3180,2006-10-29 10:00:00,913,1063.12
XGBoost,3180,2006-10-29 11:00:00,1102,1124.26
XGBoost,3180,2006-10-29 12:00:00,1348,1342.9199
XGBoost,3180,2006-10-29 13:00:00,1295,1314.3
XGBoost,3180,2006-10-29 14:00:00,1255,1240.59
XGBoost,3180,2006-10-29 15:00:00,1332,1338.3
XGBoost,3180,2006-10-29 16:00:00,1376,1347.9299
XGBoost,3180,2006-10-29 17:00:00,1314,1332.78
XGBoost,3180,2006-10-29 18:00:00,1056,1075.88
XGBoost,3180,2006-10-29 19:00:00,683,722.58
XGBoost,3180,2006-10-29 20:00:00,625,547.12
XGBoost,3180,2006-10-29 21:00:00,498,538.95996
XGBoost,3180,2006-10-29 22:00:00,342,350.57
XGBoost,3180,2006-10-29 23:00:00,222,223.71
XGBoost,3180,2006-10-30 00:00:00,129,132.27
XGBoost,3180,2006-10-30 01:00:00,78,79.090004
XGBoost,3180,2006-10-30 02:00:00,43,52.42
XGBoost,3180,2006-10-30 03:00:00,32,48.84
XGBoost,3180,2006-10-30 04:00:00,51,67.96
XGBoost,3180,2006-10-30 05:00:00,113,121.77
XGBoost,3180,2006-10-30 06:00:00,448,358.28
XGBoost,3180,2006-10-30 07:00:00,1499,1512.21
XGBoost,3180,2006-10-30 08:00:00,2311,2281.47
XGBoost,3180,2006-10-30 09:00:00,1378,1574.4299
XGBoost,3180,2006-10-30 10:00:00,1254,1170.78
XGBoost,3180,2006-10-30 11:00:00,1290,1240.81
XGBoost,3180,2006-10-30 12:00:00,1247,1337.81
XGBoost,3180,2006-10-30 13:00:00,1309,1282.54
XGBoost,3180,2006-10-30 14:00:00,1416,1393.1599
XGBoost,3180,2006-10-30 15:00:00,1906,1820.31
XGBoost,3180,2006-10-30 16:00:00,1907,1947.59
XGBoost,3180,2006-10-30 17:00:00,2030,2018.5701
XGBoost,3180,2006-10-30 18:00:00,1729,1693.46
XGBoost,3180,2006-10-30 19:00:00,1150,1139.75
XGBoost,3180,2006-10-30 20:00:00,805,777.54004
XGBoost,3180,2006-10-30 21:00:00,619,622.49
XGBoost,3180,2006-10-30 22:00:00,489,478.14
XGBoost,3180,2006-10-30 23:00:00,273,268.88
XGBoost,3180,2006-10-31 00:00:00,136,133.91
XGBoost,3180,2006-10-31 01:00:00,61,68.98
XGBoost,3180,2006-10-31 02:00:00,34,41.85
XGBoost,3180,2006-10-31 03:00:00,28,36.809998
XGBoost,3180,2006-10-31 04:00:00,53,57.13
XGBoost,3180,2006-10-31 05:00:00,123,130.79
XGBoost,3180,2006-10-31 06:00:00,502,455.7
XGBoost,3180,2006-10-31 07:00:00,1634,1580.02
XGBoost,3180,2006-10-31 08:00:00,2359,2340.3901
XGBoost,3180,2006-10-31 09:00:00,1461,1633.24
XGBoost,3180,2006-10-31 10:00:00,1278,1271.72
XGBoost,3180,2006-10-31 11:00:00,1318,1311.88
XGBoost,3180,2006-10-31 12:00:00,1374,1318.88
XGBoost,3180,2006-10-31 13:00:00,1305,1337.24
XGBoost,3180,2006-10-31 14:00:00,1467,1438.4199
XGBoost,3180,2006-10-31 15:00:00,1840,1884.67
XGBoost,3180,2006-10-31 16:00:00,1945,1970.51
XGBoost,3180,2006-10-31 17:00:00,2078,2105.75
XGBoost,3180,2006-10-31 18:00:00,1755,1793.25
XGBoost,3180,2006-10-31 19:00:00,1144,1178.69
XGBoost,3180,2006-10-31 20:00:00,895,883.23
XGBoost,3180,2006-10-31 21:00:00,736,743.79
XGBoost,3180,2006-10-31 22:00:00,496,524.43
XGBoost,3180,2006-10-31 23:00:00,248,272.87
XGBoost,3662,2006-10-27 12:00:00,2676,2648.14
XGBoost,3662,2006-10-27 13:00:00,2561,2564.72
XGBoost,3662,2006-10-27 14:00:00,2666,2595.1602
XGBoost,3662,2006-10-27 15:00:00,2958,3058.68
XGBoost,3662,2006-10-27 16:00:00,3141,3087.68
XGBoost,3662,2006-10-27 17:00:00,3402,3395.93
XGBoost,3662,2006-10-27 18:00:00,3191,3291.17
XGBoost,3662,2006-10-27 19:00:00,2402,2360.83
XGBoost,3662,2006-10-27 20:00:00,1654,1729.96
XGBoost,3662,2006-10-27 21:00:00,1335,1420.9401
XGBoost,3662,2006-10-27 22:00:00,1182,1159.22
XGBoost,3662,2006-10-27 23:00:00,947,957.39
XGBoost,3662,2006-10-28 00:00:00,721,686.37
XGBoost,3662,2006-10-28 01:00:00,466,475.48
XGBoost,3662,2006-10-28 02:00:00,320,304.64
XGBoost,3662,2006-10-28 03:00:00,259,271.08
XGBoost,3662,2006-10-28 04:00:00,240,203.54
XGBoost,3662,2006-10-28 05:00:00,377,398.39
XGBoost,3662,2006-10-28 06:00:00,677,757.87
XGBoost,3662,2006-10-28 07:00:00,1145,1156.9199
XGBoost,3662,2006-10-28 08:00:00,1815,1859.16
XGBoost,3662,2006-10-28 09:00:00,2381,2444.1099
XGBoost,3662,2006-10-28 10:00:00,2747,2670.6
XGBoost,3662,2006-10-28 11:00:00,2725,2804.36
XGBoost,3662,2006-10-28 12:00:00,2798,2848.8599
XGBoost,3662,2006-10-28 13:00:00,2787,2779.85
XGBoost,3662,2006-10-28 14:00:00,2773,2766.3599
XGBoost,3662,2006-10-28 15:00:00,2545,2649.8599
XGBoost,3662,2006-10-28 16:00:00,2587,2532.65
XGBoost,3662,2006-10-28 17:00:00,2551,2650.48
XGBoost,3662,2006-10-28 18:00:00,2439,2415.75
XGBoost,3662,2006-10-28 19:00:00,1988,1979.0701
XGBoost,3662,2006-10-28 20:00:00,1487,1505.91
XGBoost,3662,2006-10-28 21:00:00,1274,1315.57
XGBoost,3662,2006-10-28 22:00:00,1134,1113.25
XGBoost,3662,2006-10-28 23:00:00,1168,1114.0
XGBoost,3662,2006-10-29 00:00:00,1041,958.26
XGBoost,3662,2006-10-29 01:00:00,597,720.88
XGBoost,3662,2006-10-29 02:00:00,126,160.24
XGBoost,3662,2006-10-29 03:00:00,408,415.24
XGBoost,3662,2006-10-29 04:00:00,320,414.19
XGBoost,3662,2006-10-29 05:00:00,282,306.28
XGBoost,3662,2006-10-29 06:00:00,407,415.22
XGBoost,3662,2006-10-29 07:00:00,507,555.15
XGBoost,3662,2006-10-29 08:00:00,855,826.18
XGBoost,3662,2006-10-29 09:00:00,1396,1391.53
XGBoost,3662,2006-10-29 10:00:00,1771,1889.08
XGBoost,3662,2006-10-29 11:00:00,2169,2057.8901
XGBoost,3662,2006-10-29 12:00:00,2539,2483.12
XGBoost,3662,2006-10-29 13:00:00,2434,2474.47
XGBoost,3662,2006-10-29 14:00:00,2436,2424.22
XGBoost,3662,2006-10-29 15:00:00,2281,2335.42
XGBoost,3662,2006-10-29 16:00:00,2539,2435.19
XGBoost,3662,2006-10-29 17:00:00,2451,2445.75
XGBoost,3662,2006-10-29 18:00:00,2405,2266.69
XGBoost,3662,2006-10-29 19:00:00,1530,1574.18
XGBoost,3662,2006-10-29 20:00:00,1382,1313.6599
XGBoost,3662,2006-10-29 21:00:00,1086,1160.7
XGBoost,3662,2006-10-29 22:00:00,853,845.45996
XGBoost,3662,2006-10-29 23:00:00,584,601.26
XGBoost,3662,2006-10-30 00:00:00,329,365.31
XGBoost,3662,2006-10-30 01:00:00,162,165.14
XGBoost,3662,2006-10-30 02:00:00,93,88.15
XGBoost,3662,2006-10-30 03:00:00,82,81.54
XGBoost,3662,2006-10-30 04:00:00,143,151.6
XGBoost,3662,2006-10-30 05:00:00,525,524.44
XGBoost,3662,2006-10-30 06:00:00,1788,1632.75
XGBoost,3662,2006-10-30 07:00:00,3487,3529.6802
XGBoost,3662,2006-10-30 08:00:00,3713,3553.08
XGBoost,3662,2006-10-30 09:00:00,2927,2913.53
XGBoost,3662,2006-10-30 10:00:00,2349,2304.56
XGBoost,3662,2006-10-30 11:00:00,2321,2330.15
XGBoost,3662,2006-10-30 12:00:00,2374,2372.45
XGBoost,3662,2006-10-30 13:00:00,2403,2402.8901
XGBoost,3662,2006-10-30 14:00:00,2529,2518.93
XGBoost,3662,2006-10-30 15:00:00,2943,2927.12
XGBoost,3662,2006-10-30 16:00:00,2861,2979.26
XGBoost,3662,2006-10-30 17:00:00,3348,3248.53
XGBoost,3662,2006-10-30 18:00:00,2983,3038.73
XGBoost,3662,2006-10-30 19:00:00,2046,1989.26
XGBoost,3662,2006-10-30 20:00:00,1476,1524.7
XGBoost,3662,2006-10-30 21:00:00,1297,1280.01
XGBoost,3662,2006-10-30 22:00:00,927,953.11
XGBoost,3662,2006-10-30 23:00:00,631,602.32996
XGBoost,3662,2006-10-31 00:00:00,322,360.26
XGBoost,3662,2006-10-31 01:00:00,128,143.16
XGBoost,3662,2006-10-31 02:00:00,75,84.92
XGBoost,3662,2006-10-31 03:00:00,83,72.82
XGBoost,3662,2006-10-31 04:00:00,127,123.72
XGBoost,3662,2006-10-31 05:00:00,481,507.19
XGBoost,3662,2006-10-31 06:00:00,1830,1750.92
XGBoost,3662,2006-10-31 07:00:00,3725,3648.18
XGBoost,3662,2006-10-31 08:00:00,3885,3805.75
XGBoost,3662,2006-10-31 09:00:00,3084,3143.32
XGBoost,3662,2006-10-31 10:00:00,2345,2450.66
XGBoost,3662,2006-10-31 11:00:00,2542,2396.87
XGBoost,3662,2006-10-31 12:00:00,2420,2497.56
XGBoost,3662,2006-10-31 13:00:00,2327,2345.0
XGBoost,3662,2006-10-31 14:00:00,2480,2508.98
XGBoost,3662,2006-10-31 15:00:00,3005,2994.99
XGBoost,3662,2006-10-31 16:00:00,2997,2961.51
XGBoost,3662,2006-10-31 17:00:00,3422,3371.71
XGBoost,3662,2006-10-31 18:00:00,3199,3222.22
XGBoost,3662,2006-10-31 19:00:00,2206,2221.24
XGBoost,3662,2006-10-31 20:00:00,1579,1579.73
XGBoost,3662,2006-10-31 21:00:00,1324,1373.77
XGBoost,3662,2006-10-31 22:00:00,1094,1067.9501
XGBoost,3662,2006-10-31 23:00:00,765,753.51
XGBoost,3682,2006-10-27 12:00:00,2351,2299.51
XGBoost,3682,2006-10-27 13:00:00,2231,2299.22
XGBoost,3682,2006-10-27 14:00:00,2507,2403.78
XGBoost,3682,2006-10-27 15:00:00,2931,2897.03
XGBoost,3682,2006-10-27 16:00:00,3185,3215.08
XGBoost,3682,2006-10-27 17:00:00,3612,3583.5
XGBoost,3682,2006-10-27 18:00:00,3128,3208.45
XGBoost,3682,2006-10-27 19:00:00,2012,2039.66
XGBoost,3682,2006-10-27 20:00:00,1283,1316.71
XGBoost,3682,2006-10-27 21:00:00,1174,1246.54
XGBoost,3682,2006-10-27 22:00:00,902,905.22
XGBoost,3682,2006-10-27 23:00:00,813,778.81
XGBoost,3682,2006-10-28 00:00:00,486,499.3
XGBoost,3682,2006-10-28 01:00:00,260,273.69
XGBoost,3682,2006-10-28 02:00:00,152,157.96
XGBoost,3682,2006-10-28 03:00:00,113,97.91
XGBoost,3682,2006-10-28 04:00:00,113,121.71
XGBoost,3682,2006-10-28 05:00:00,204,197.31
XGBoost,3682,2006-10-28 06:00:00,495,523.86
XGBoost,3682,2006-10-28 07:00:00,831,829.98
XGBoost,3682,2006-10-28 08:00:00,1613,1575.0901
XGBoost,3682,2006-10-28 09:00:00,2021,2130.85
XGBoost,3682,2006-10-28 10:00:00,2589,2364.87
XGBoost,3682,2006-10-28 11:00:00,2856,2697.27
XGBoost,3682,2006-10-28 12:00:00,3094,2979.44
XGBoost,3682,2006-10-28 13:00:00,2863,2782.72
XGBoost,3682,2006-10-28 14:00:00,2699,2736.81
XGBoost,3682,2006-10-28 15:00:00,2595,2672.31
XGBoost,3682,2006-10-28 16:00:00,2385,2529.78
XGBoost,3682,2006-10-28 17:00:00,2667,2601.25
XGBoost,3682,2006-10-28 18:00:00,2152,2295.08
XGBoost,3682,2006-10-28 19:00:00,1620,1626.59
XGBoost,3682,2006-10-28 20:00:00,1143,1181.53
XGBoost,3682,2006-10-28 21:00:00,877,944.42
XGBoost,3682,2006-10-28 22:00:00,927,873.16003
XGBoost,3682,2006-10-28 23:00:00,977,894.08
XGBoost,3682,2006-10-29 00:00:00,756,757.77
XGBoost,3682,2006-10-29 01:00:00,307,409.88
XGBoost,3682,2006-10-29 02:00:00,64,100.92
XGBoost,3682,2006-10-29 03:00:00,247,210.21
XGBoost,3682,2006-10-29 04:00:00,175,193.56999
XGBoost,3682,2006-10-29 05:00:00,172,193.73
XGBoost,3682,2006-10-29 06:00:00,292,295.16
XGBoost,3682,2006-10-29 07:00:00,450,466.84
XGBoost,3682,2006-10-29 08:00:00,696,685.31
XGBoost,3682,2006-10-29 09:00:00,1302,1253.75
XGBoost,3682,2006-10-29 10:00:00,1646,1684.6799
XGBoost,3682,2006-10-29 11:00:00,2044,2075.35
XGBoost,3682,2006-10-29 12:00:00,2550,2508.31
XGBoost,3682,2006-10-29 13:00:00,2324,2408.27
XGBoost,3682,2006-10-29 14:00:00,2367,2312.71
XGBoost,3682,2006-10-29 15:00:00,2389,2406.6099
XGBoost,3682,2006-10-29 16:00:00,2368,2333.03
XGBoost,3682,2006-10-29 17:00:00,2372,2393.23
XGBoost,3682,2006-10-29 18:00:00,1944,1929.15
XGBoost,3682,2006-10-29 19:00:00,1249,1278.97
XGBoost,3682,2006-10-29 20:00:00,1007,1006.95
XGBoost,3682,2006-10-29 21:00:00,872,832.12
XGBoost,3682,2006-10-29 22:00:00,627,651.08997
XGBoost,3682,2006-10-29 23:00:00,351,373.07
XGBoost,3682,2006-10-30 00:00:00,210,203.13
XGBoost,3682,2006-10-30 01:00:00,95,96.71
XGBoost,3682,2006-10-30 02:00:00,53,52.57
XGBoost,3682,2006-10-30 03:00:00,51,58.760002
XGBoost,3682,2006-10-30 04:00:00,100,116.75
XGBoost,3682,2006-10-30 05:00:00,270,241.39
XGBoost,3682,2006-10-30 06:00:00,1123,1068.8
XGBoost,3682,2006-10-30 07:00:00,2841,2719.51
XGBoost,3682,2006-10-30 08:00:00,3810,3719.4102
XGBoost,3682,2006-10-30 09:00:00,2458,2611.19
XGBoost,3682,2006-10-30 10:00:00,1968,2004.86
XGBoost,3682,2006-10-30 11:00:00,1982,2016.53
XGBoost,3682,2006-10-30 12:00:00,1983,2088.16
XGBoost,3682,2006-10-30 13:00:00,2138,2111.02
XGBoost,3682,2006-10-30 14:00:00,2199,2313.26
XGBoost,3682,2006-10-30 15:00:00,2779,2666.5
XGBoost,3682,2006-10-30 16:00:00,3097,3043.82
XGBoost,3682,2006-10-30 17:00:00,3681,3484.67
XGBoost,3682,2006-10-30 18:00:00,2883,2986.81
XGBoost,3682,2006-10-30 19:00:00,1627,1713.15
XGBoost,3682,2006-10-30 20:00:00,1141,1136.84
XGBoost,3682,2006-10-30 21:00:00,950,943.2
XGBoost,3682,2006-10-30 22:00:00,630,683.02
XGBoost,3682,2006-10-30 23:00:00,380,376.02
XGBoost,3682,2006-10-31 00:00:00,172,176.27
XGBoost,3682,2006-10-31 01:00:00,90,97.82
XGBoost,3682,2006-10-31 02:00:00,54,58.53
XGBoost,3682,2006-10-31 03:00:00,50,48.2
XGBoost,3682,2006-10-31 04:00:00,80,88.979996
XGBoost,3682,2006-10-31 05:00:00,280,275.41
XGBoost,3682,2006-10-31 06:00:00,1206,1160.16
XGBoost,3682,2006-10-31 07:00:00,2941,2910.75
XGBoost,3682,2006-10-31 08:00:00,3704,3792.96
XGBoost,3682,2006-10-31 09:00:00,2727,2754.6602
XGBoost,3682,2006-10-31 10:00:00,2133,2147.03
XGBoost,3682,2006-10-31 11:00:00,2025,2085.76
XGBoost,3682,2006-10-31 12:00:00,2050,2045.09
XGBoost,3682,2006-10-31 13:00:00,2151,2097.48
XGBoost,3682,2006-10-31 14:00:00,2198,2252.98
XGBoost,3682,2006-10-31 15:00:00,2935,2758.97
XGBoost,3682,2006-10-31 16:00:00,3171,3164.56
XGBoost,3682,2006-10-31 17:00:00,3659,3626.17
XGBoost,3682,2006-10-31 18:00:00,3037,3118.98
XGBoost,3682,2006-10-31 19:00:00,1846,1923.81
XGBoost,3682,2006-10-31 20:00:00,1160,1229.89
XGBoost,3682,2006-10-31 21:00:00,1085,1038.55
XGBoost,3682,2006-10-31 22:00:00,788,827.77
XGBoost,3682,2006-10-31 23:00:00,410,413.05
XGBoost,3685,2006-10-27 12:00:00,1467,1540.25
XGBoost,3685,2006-10-27 13:00:00,1564,1528.94
XGBoost,3685,2006-10-27 14:00:00,1546,1560.29
XGBoost,3685,2006-10-27 15:00:00,1773,1735.52
XGBoost,3685,2006-10-27 16:00:00,1799,1853.41
XGBoost,3685,2006-10-27 17:00:00,1940,1968.12
XGBoost,3685,2006-10-27 18:00:00,1730,1676.37
XGBoost,3685,2006-10-27 19:00:00,1255,1224.95
XGBoost,3685,2006-10-27 20:00:00,769,864.75
XGBoost,3685,2006-10-27 21:00:00,707,726.27
XGBoost,3685,2006-10-27 22:00:00,636,623.81
XGBoost,3685,2006-10-27 23:00:00,536,523.26
XGBoost,3685,2006-10-28 00:00:00,331,330.5
XGBoost,3685,2006-10-28 01:00:00,177,190.03
XGBoost,3685,2006-10-28 02:00:00,156,138.03
XGBoost,3685,2006-10-28 03:00:00,104,99.71
XGBoost,3685,2006-10-28 04:00:00,148,123.41
XGBoost,3685,2006-10-28 05:00:00,216,242.14
XGBoost,3685,2006-10-28 06:00:00,375,436.18
XGBoost,3685,2006-10-28 07:00:00,671,656.78
XGBoost,3685,2006-10-28 08:00:00,1237,1207.98
XGBoost,3685,2006-10-28 09:00:00,1544,1556.28
XGBoost,3685,2006-10-28 10:00:00,1855,1769.01
XGBoost,3685,2006-10-28 11:00:00,1978,1910.46
XGBoost,3685,2006-10-28 12:00:00,1980,1966.79
XGBoost,3685,2006-10-28 13:00:00,1845,1834.49
XGBoost,3685,2006-10-28 14:00:00,1766,1765.46
XGBoost,3685,2006-10-28 15:00:00,1585,1669.9
XGBoost,3685,2006-10-28 16:00:00,1494,1520.12
XGBoost,3685,2006-10-28 17:00:00,1411,1441.95
XGBoost,3685,2006-10-28 18:00:00,1342,1309.48
XGBoost,3685,2006-10-28 19:00:00,1154,1095.83
XGBoost,3685,2006-10-28 20:00:00,786,822.57
XGBoost,3685,2006-10-28 21:00:00,663,661.1
XGBoost,3685,2006-10-28 22:00:00,609,623.21
XGBoost,3685,2006-10-28 23:00:00,665,620.74
XGBoost,3685,2006-10-29 00:00:00,493,489.8
XGBoost,3685,2006-10-29 01:00:00,184,264.25
XGBoost,3685,2006-10-29 02:00:00,51,77.74
XGBoost,3685,2006-10-29 03:00:00,206,169.2
XGBoost,3685,2006-10-29 04:00:00,138,162.34
XGBoost,3685,2006-10-29 05:00:00,153,180.55
XGBoost,3685,2006-10-29 06:00:00,251,258.37
XGBoost,3685,2006-10-29 07:00:00,344,340.67
XGBoost,3685,2006-10-29 08:00:00,488,501.61002
XGBoost,3685,2006-10-29 09:00:00,999,891.49
XGBoost,3685,2006-10-29 10:00:00,1201,1292.08
XGBoost,3685,2006-10-29 11:00:00,1424,1479.72
XGBoost,3685,2006-10-29 12:00:00,1672,1597.98
XGBoost,3685,2006-10-29 13:00:00,1592,1660.8201
XGBoost,3685,2006-10-29 14:00:00,1612,1553.6799
XGBoost,3685,2006-10-29 15:00:00,1573,1538.45
XGBoost,3685,2006-10-29 16:00:00,1463,1477.63
XGBoost,3685,2006-10-29 17:00:00,1348,1346.32
XGBoost,3685,2006-10-29 18:00:00,1192,1145.4099
XGBoost,3685,2006-10-29 19:00:00,831,844.13
XGBoost,3685,2006-10-29 20:00:00,691,661.67
XGBoost,3685,2006-10-29 21:00:00,644,652.58
XGBoost,3685,2006-10-29 22:00:00,462,476.2
XGBoost,3685,2006-10-29 23:00:00,303,295.08002
XGBoost,3685,2006-10-30 00:00:00,204,192.95
XGBoost,3685,2006-10-30 01:00:00,88,87.19
XGBoost,3685,2006-10-30 02:00:00,58,59.059998
XGBoost,3685,2006-10-30 03:00:00,54,56.559998
XGBoost,3685,2006-10-30 04:00:00,95,104.32
XGBoost,3685,2006-10-30 05:00:00,256,226.93001
XGBoost,3685,2006-10-30 06:00:00,874,851.36
XGBoost,3685,2006-10-30 07:00:00,1861,1969.12
XGBoost,3685,2006-10-30 08:00:00,2227,2177.16
XGBoost,3685,2006-10-30 09:00:00,1805,1751.71
XGBoost,3685,2006-10-30 10:00:00,1484,1523.98
XGBoost,3685,2006-10-30 11:00:00,1424,1449.05
XGBoost,3685,2006-10-30 12:00:00,1522,1542.9
XGBoost,3685,2006-10-30 13:00:00,1510,1533.35
XGBoost,3685,2006-10-30 14:00:00,1543,1638.31
XGBoost,3685,2006-10-30 15:00:00,1596,1697.26
XGBoost,3685,2006-10-30 16:00:00,1654,1732.35
XGBoost,3685,2006-10-30 17:00:00,1896,1871.79
XGBoost,3685,2006-10-30 18:00:00,1475,1547.44
XGBoost,3685,2006-10-30 19:00:00,931,947.61
XGBoost,3685,2006-10-30 20:00:00,728,731.4
XGBoost,3685,2006-10-30 21:00:00,605,638.63
XGBoost,3685,2006-10-30 22:00:00,432,462.07
XGBoost,3685,2006-10-30 23:00:00,251,252.98999
XGBoost,3685,2006-10-31 00:00:00,138,139.45999
XGBoost,3685,2006-10-31 01:00:00,89,82.91
XGBoost,3685,2006-10-31 02:00:00,60,64.57
XGBoost,3685,2006-10-31 03:00:00,53,50.18
XGBoost,3685,2006-10-31 04:00:00,83,90.97
XGBoost,3685,2006-10-31 05:00:00,254,253.54
XGBoost,3685,2006-10-31 06:00:00,915,952.65
XGBoost,3685,2006-10-31 07:00:00,1910,1991.6399
XGBoost,3685,2006-10-31 08:00:00,2185,2212.46
XGBoost,3685,2006-10-31 09:00:00,1868,1815.1799
XGBoost,3685,2006-10-31 10:00:00,1485,1564.12
XGBoost,3685,2006-10-31 11:00:00,1507,1477.63
XGBoost,3685,2006-10-31 12:00:00,1484,1492.1
XGBoost,3685,2006-10-31 13:00:00,1560,1535.75
XGBoost,3685,2006-10-31 14:00:00,1469,1545.98
XGBoost,3685,2006-10-31 15:00:00,1746,1715.9199
XGBoost,3685,2006-10-31 16:00:00,1824,1857.67
XGBoost,3685,2006-10-31 17:00:00,1912,1938.61
XGBoost,3685,2006-10-31 18:00:00,1457,1517.22
XGBoost,3685,2006-10-31 19:00:00,1074,1053.97
XGBoost,3685,2006-10-31 20:00:00,795,793.02
XGBoost,3685,2006-10-31 21:00:00,755,742.62
XGBoost,3685,2006-10-31 22:00:00,548,533.58
XGBoost,3685,2006-10-31 23:00:00,308,312.49
XGBoost,3804,2006-10-27 12:00:00,2491,2359.38
XGBoost,3804,2006-10-27 13:00:00,2423,2457.97
XGBoost,3804,2006-10-27 14:00:00,2612,2521.63
XGBoost,3804,2006-10-27 15:00:00,3058,3060.9
XGBoost,3804,2006-10-27 16:00:00,3207,3291.2202
XGBoost,3804,2006-10-27 17:00:00,3307,3342.4102
XGBoost,3804,2006-10-27 18:00:00,3034,3075.69
XGBoost,3804,2006-10-27 19:00:00,1938,2028.51
XGBoost,3804,2006-10-27 20:00:00,1208,1244.01
XGBoost,3804,2006-10-27 21:00:00,1003,1066.24
XGBoost,3804,2006-10-27 22:00:00,809,840.8
XGBoost,3804,2006-10-27 23:00:00,714,686.64
XGBoost,3804,2006-10-28 00:00:00,538,539.57
XGBoost,3804,2006-10-28 01:00:00,293,267.09
XGBoost,3804,2006-10-28 02:00:00,146,177.26
XGBoost,3804,2006-10-28 03:00:00,114,102.84
XGBoost,3804,2006-10-28 04:00:00,79,88.67
XGBoost,3804,2006-10-28 05:00:00,190,138.53
XGBoost,3804,2006-10-28 06:00:00,404,504.74
XGBoost,3804,2006-10-28 07:00:00,1000,941.07
XGBoost,3804,2006-10-28 08:00:00,1682,1739.43
XGBoost,3804,2006-10-28 09:00:00,2184,2217.58
XGBoost,3804,2006-10-28 10:00:00,2609,2461.43
XGBoost,3804,2006-10-28 11:00:00,2929,2785.08
XGBoost,3804,2006-10-28 12:00:00,2965,2957.51
XGBoost,3804,2006-10-28 13:00:00,2711,2754.07
XGBoost,3804,2006-10-28 14:00:00,2653,2675.43
XGBoost,3804,2006-10-28 15:00:00,2572,2625.94
XGBoost,3804,2006-10-28 16:00:00,2423,2501.75
XGBoost,3804,2006-10-28 17:00:00,2284,2408.14
XGBoost,3804,2006-10-28 18:00:00,2088,2084.9
XGBoost,3804,2006-10-28 19:00:00,1574,1637.59
XGBoost,3804,2006-10-28 20:00:00,991,1059.09
XGBoost,3804,2006-10-28 21:00:00,886,873.86
XGBoost,3804,2006-10-28 22:00:00,913,839.45
XGBoost,3804,2006-10-28 23:00:00,885,895.15
XGBoost,3804,2006-10-29 00:00:00,721,680.77
XGBoost,3804,2006-10-29 01:00:00,327,433.22998
XGBoost,3804,2006-10-29 02:00:00,106,100.03
XGBoost,3804,2006-10-29 03:00:00,215,233.75
XGBoost,3804,2006-10-29 04:00:00,166,169.88
XGBoost,3804,2006-10-29 05:00:00,145,181.73
XGBoost,3804,2006-10-29 06:00:00,234,234.54001
XGBoost,3804,2006-10-29 07:00:00,423,418.82
XGBoost,3804,2006-10-29 08:00:00,678,658.65
XGBoost,3804,2006-10-29 09:00:00,1208,1198.13
XGBoost,3804,2006-10-29 10:00:00,1551,1609.15
XGBoost,3804,2006-10-29 11:00:00,1832,1988.26
XGBoost,3804,2006-10-29 12:00:00,2409,2317.3599
XGBoost,3804,2006-10-29 13:00:00,2142,2303.85
XGBoost,3804,2006-10-29 14:00:00,2068,2105.76
XGBoost,3804,2006-10-29 15:00:00,2145,2129.23
XGBoost,3804,2006-10-29 16:00:00,2161,2200.56
XGBoost,3804,2006-10-29 17:00:00,2089,2069.9
XGBoost,3804,2006-10-29 18:00:00,1608,1730.61
XGBoost,3804,2006-10-29 19:00:00,1145,1149.06
XGBoost,3804,2006-10-29 20:00:00,848,856.38
XGBoost,3804,2006-10-29 21:00:00,771,748.87
XGBoost,3804,2006-10-29 22:00:00,534,556.96
XGBoost,3804,2006-10-29 23:00:00,311,331.29
XGBoost,3804,2006-10-30 00:00:00,171,169.13
XGBoost,3804,2006-10-30 01:00:00,89,94.72
XGBoost,3804,2006-10-30 02:00:00,42,50.98
XGBoost,3804,2006-10-30 03:00:00,57,57.19
XGBoost,3804,2006-10-30 04:00:00,96,102.54
XGBoost,3804,2006-10-30 05:00:00,233,219.75
XGBoost,3804,2006-10-30 06:00:00,924,925.26
XGBoost,3804,2006-10-30 07:00:00,2648,2403.95
XGBoost,3804,2006-10-30 08:00:00,3764,3652.79
XGBoost,3804,2006-10-30 09:00:00,2513,2553.58
XGBoost,3804,2006-10-30 10:00:00,2077,2071.38
XGBoost,3804,2006-10-30 11:00:00,2075,2041.12
XGBoost,3804,2006-10-30 12:00:00,2265,2208.8398
XGBoost,3804,2006-10-30 13:00:00,2293,2229.87
XGBoost,3804,2006-10-30 14:00:00,2312,2313.42
XGBoost,3804,2006-10-30 15:00:00,2846,2716.5
XGBoost,3804,2006-10-30 16:00:00,2994,3066.51
XGBoost,3804,2006-10-30 17:00:00,3316,3220.85
XGBoost,3804,2006-10-30 18:00:00,2734,2710.49
XGBoost,3804,2006-10-30 19:00:00,1729,1777.6
XGBoost,3804,2006-10-30 20:00:00,1124,1122.35
XGBoost,3804,2006-10-30 21:00:00,950,927.19
XGBoost,3804,2006-10-30 22:00:00,659,652.5
XGBoost,3804,2006-10-30 23:00:00,382,358.37
XGBoost,3804,2006-10-31 00:00:00,162,173.28
XGBoost,3804,2006-10-31 01:00:00,76,85.92
XGBoost,3804,2006-10-31 02:00:00,60,54.86
XGBoost,3804,2006-10-31 03:00:00,34,47.43
XGBoost,3804,2006-10-31 04:00:00,79,74.67
XGBoost,3804,2006-10-31 05:00:00,231,234.18
XGBoost,3804,2006-10-31 06:00:00,926,894.42004
XGBoost,3804,2006-10-31 07:00:00,2751,2682.67
XGBoost,3804,2006-10-31 08:00:00,3712,3739.94
XGBoost,3804,2006-10-31 09:00:00,2677,2736.06
XGBoost,3804,2006-10-31 10:00:00,2198,2224.3901
XGBoost,3804,2006-10-31 11:00:00,2234,2166.15
XGBoost,3804,2006-10-31 12:00:00,2194,2273.42
XGBoost,3804,2006-10-31 13:00:00,2287,2256.2
XGBoost,3804,2006-10-31 14:00:00,2438,2416.04
XGBoost,3804,2006-10-31 15:00:00,3032,2897.17
XGBoost,3804,2006-10-31 16:00:00,3094,3179.95
XGBoost,3804,2006-10-31 17:00:00,3253,3308.43
XGBoost,3804,2006-10-31 18:00:00,3120,3025.14
XGBoost,3804,2006-10-31 19:00:00,1909,2034.64
XGBoost,3804,2006-10-31 20:00:00,1220,1233.68
XGBoost,3804,2006-10-31 21:00:00,998,1031.55
XGBoost,3804,2006-10-31 22:00:00,849,844.42
XGBoost,3804,2006-10-31 23:00:00,397,420.91
XGBoost,3812,2006-10-27 12:00:00,2377,2110.8198
XGBoost,3812,2006-10-27 13:00:00,2231,2423.42
XGBoost,3812,2006-10-27 14:00:00,2043,2165.13
XGBoost,3812,2006-10-27 15:00:00,2775,2405.39
XGBoost,3812,2006-10-27 16:00:00,3493,3014.62
XGBoost,3812,2006-10-27 17:00:00,2908,3398.4102
XGBoost,3812,2006-10-27 18:00:00,3675,3154.76
XGBoost,3812,2006-10-27 19:00:00,1979,2190.15
XGBoost,3812,2006-10-27 20:00:00,1085,1228.27
XGBoost,3812,2006-10-27 21:00:00,877,987.5
XGBoost,3812,2006-10-27 22:00:00,866,906.36
XGBoost,3812,2006-10-27 23:00:00,726,704.99
XGBoost,3812,2006-10-28 00:00:00,484,410.86
XGBoost,3812,2006-10-28 01:00:00,302,341.34
XGBoost,3812,2006-10-28 02:00:00,197,165.17
XGBoost,3812,2006-10-28 03:00:00,155,175.89
XGBoost,3812,2006-10-28 04:00:00,119,136.39
XGBoost,3812,2006-10-28 05:00:00,161,163.26001
XGBoost,3812,2006-10-28 06:00:00,375,424.01
XGBoost,3812,2006-10-28 07:00:00,686,697.91003
XGBoost,3812,2006-10-28 08:00:00,1506,1451.84
XGBoost,3812,2006-10-28 09:00:00,2273,2126.5
XGBoost,3812,2006-10-28 10:00:00,2019,2256.57
XGBoost,3812,2006-10-28 11:00:00,2631,2434.43
XGBoost,3812,2006-10-28 12:00:00,2571,2572.81
XGBoost,3812,2006-10-28 13:00:00,2302,2446.61
XGBoost,3812,2006-10-28 14:00:00,2324,2173.5
XGBoost,3812,2006-10-28 15:00:00,2582,2529.07
XGBoost,3812,2006-10-28 16:00:00,2530,2847.7
XGBoost,3812,2006-10-28 17:00:00,2185,2358.06
XGBoost,3812,2006-10-28 18:00:00,2528,2457.7
XGBoost,3812,2006-10-28 19:00:00,1424,1605.11
XGBoost,3812,2006-10-28 20:00:00,913,955.75
XGBoost,3812,2006-10-28 21:00:00,814,839.19
XGBoost,3812,2006-10-28 22:00:00,910,868.35004
XGBoost,3812,2006-10-28 23:00:00,709,735.42
XGBoost,3812,2006-10-29 00:00:00,857,658.95
XGBoost,3812,2006-10-29 01:00:00,386,551.09
XGBoost,3812,2006-10-29 02:00:00,71,114.22
XGBoost,3812,2006-10-29 03:00:00,305,295.0
XGBoost,3812,2006-10-29 04:00:00,234,287.07
XGBoost,3812,2006-10-29 05:00:00,157,174.73001
XGBoost,3812,2006-10-29 06:00:00,269,275.29
XGBoost,3812,2006-10-29 07:00:00,454,444.69
XGBoost,3812,2006-10-29 08:00:00,677,681.03
XGBoost,3812,2006-10-29 09:00:00,1290,1160.05
XGBoost,3812,2006-10-29 10:00:00,1947,1886.39
XGBoost,3812,2006-10-29 11:00:00,1899,2013.1299
XGBoost,3812,2006-10-29 12:00:00,2169,2133.49
XGBoost,3812,2006-10-29 13:00:00,1845,1993.36
XGBoost,3812,2006-10-29 14:00:00,2738,2209.0
XGBoost,3812,2006-10-29 15:00:00,1689,2328.0698
XGBoost,3812,2006-10-29 16:00:00,2520,2110.03
XGBoost,3812,2006-10-29 17:00:00,1963,2054.49
XGBoost,3812,2006-10-29 18:00:00,1448,1685.35
XGBoost,3812,2006-10-29 19:00:00,1192,1129.5701
XGBoost,3812,2006-10-29 20:00:00,1010,887.45
XGBoost,3812,2006-10-29 21:00:00,627,692.37
XGBoost,3812,2006-10-29 22:00:00,554,523.93
XGBoost,3812,2006-10-29 23:00:00,427,432.73
XGBoost,3812,2006-10-30 00:00:00,224,213.39
XGBoost,3812,2006-10-30 01:00:00,87,106.65
XGBoost,3812,2006-10-30 02:00:00,37,51.1
XGBoost,3812,2006-10-30 03:00:00,51,57.739998
XGBoost,3812,2006-10-30 04:00:00,111,107.82
XGBoost,3812,2006-10-30 05:00:00,210,233.77
XGBoost,3812,2006-10-30 06:00:00,1013,777.08997
XGBoost,3812,2006-10-30 07:00:00,2321,2416.9102
XGBoost,3812,2006-10-30 08:00:00,3190,3109.97
XGBoost,3812,2006-10-30 09:00:00,2331,2381.65
XGBoost,3812,2006-10-30 10:00:00,1932,1931.7
XGBoost,3812,2006-10-30 11:00:00,1716,1915.59
XGBoost,3812,2006-10-30 12:00:00,2073,2027.79
XGBoost,3812,2006-10-30 13:00:00,1929,1966.37
XGBoost,3812,2006-10-30 14:00:00,1828,2073.05
XGBoost,3812,2006-10-30 15:00:00,2589,2179.92
XGBoost,3812,2006-10-30 16:00:00,2805,2911.15
XGBoost,3812,2006-10-30 17:00:00,3019,3025.24
XGBoost,3812,2006-10-30 18:00:00,2415,2420.6099
XGBoost,3812,2006-10-30 19:00:00,2501,2168.4
XGBoost,3812,2006-10-30 20:00:00,1401,1570.43
XGBoost,3812,2006-10-30 21:00:00,710,851.65
XGBoost,3812,2006-10-30 22:00:00,865,771.93
XGBoost,3812,2006-10-30 23:00:00,271,341.64
XGBoost,3812,2006-10-31 00:00:00,208,204.71
XGBoost,3812,2006-10-31 01:00:00,73,74.04
XGBoost,3812,2006-10-31 02:00:00,65,64.04
XGBoost,3812,2006-10-31 03:00:00,58,51.75
XGBoost,3812,2006-10-31 04:00:00,79,77.64
XGBoost,3812,2006-10-31 05:00:00,284,261.26
XGBoost,3812,2006-10-31 06:00:00,945,1062.51
XGBoost,3812,2006-10-31 07:00:00,2575,2415.1
XGBoost,3812,2006-10-31 08:00:00,3383,3315.0
XGBoost,3812,2006-10-31 09:00:00,2704,2569.28
XGBoost,3812,2006-10-31 10:00:00,1891,2092.34
XGBoost,3812,2006-10-31 11:00:00,1760,1827.2999
XGBoost,3812,2006-10-31 12:00:00,1978,1960.95
XGBoost,3812,2006-10-31 13:00:00,2183,1864.9199
XGBoost,3812,2006-10-31 14:00:00,2058,2090.31
XGBoost,3812,2006-10-31 15:00:00,2239,2363.36
XGBoost,3812,2006-10-31 16:00:00,2694,2726.47
XGBoost,3812,2006-10-31 17:00:00,3406,3313.05
XGBoost,3812,2006-10-31 18:00:00,2798,2668.6401
XGBoost,3812,2006-10-31 19:00:00,1864,2150.2
XGBoost,3812,2006-10-31 20:00:00,1325,1545.61
XGBoost,3812,2006-10-31 21:00:00,1136,1009.6
XGBoost,3812,2006-10-31 22:00:00,641,790.29004
XGBoost,3812,2006-10-31 23:00:00,381,389.84
XGBoost,4030,2006-10-27 12:00:00,1530,1493.77
XGBoost,4030,2006-10-27 13:00:00,1535,1542.83
XGBoost,4030,2006-10-27 14:00:00,1495,1543.01
XGBoost,4030,2006-10-27 15:00:00,1761,1863.23
XGBoost,4030,2006-10-27 16:00:00,2088,1932.49
XGBoost,4030,2006-10-27 17:00:00,2116,2175.69
XGBoost,4030,2006-10-27 18:00:00,2035,1949.21
XGBoost,4030,2006-10-27 19:00:00,1388,1381.03
XGBoost,4030,2006-10-27 20:00:00,1081,1114.03
XGBoost,4030,2006-10-27 21:00:00,1051,983.64
XGBoost,4030,2006-10-27 22:00:00,903,913.34
XGBoost,4030,2006-10-27 23:00:00,741,761.02
XGBoost,4030,2006-10-28 00:00:00,541,497.33002
XGBoost,4030,2006-10-28 01:00:00,305,306.14
XGBoost,4030,2006-10-28 02:00:00,229,234.88
XGBoost,4030,2006-10-28 03:00:00,166,162.91
XGBoost,4030,2006-10-28 04:00:00,141,131.04
XGBoost,4030,2006-10-28 05:00:00,239,235.95
XGBoost,4030,2006-10-28 06:00:00,368,413.66
XGBoost,4030,2006-10-28 07:00:00,556,583.04
XGBoost,4030,2006-10-28 08:00:00,938,947.15
XGBoost,4030,2006-10-28 09:00:00,1225,1192.0701
XGBoost,4030,2006-10-28 10:00:00,1491,1381.63
XGBoost,4030,2006-10-28 11:00:00,1689,1643.0
XGBoost,4030,2006-10-28 12:00:00,1920,1840.34
XGBoost,4030,2006-10-28 13:00:00,1793,1802.72
XGBoost,4030,2006-10-28 14:00:00,1708,1753.05
XGBoost,4030,2006-10-28 15:00:00,1826,1710.84
XGBoost,4030,2006-10-28 16:00:00,1782,1858.6799
XGBoost,4030,2006-10-28 17:00:00,1735,1845.3201
XGBoost,4030,2006-10-28 18:00:00,1446,1490.73
XGBoost,4030,2006-10-28 19:00:00,1081,1088.4199
XGBoost,4030,2006-10-28 20:00:00,827,863.67
XGBoost,4030,2006-10-28 21:00:00,737,759.33997
XGBoost,4030,2006-10-28 22:00:00,899,856.77
XGBoost,4030,2006-10-28 23:00:00,904,860.38
XGBoost,4030,2006-10-29 00:00:00,776,704.5
XGBoost,4030,2006-10-29 01:00:00,393,456.98
XGBoost,4030,2006-10-29 02:00:00,253,210.20001
XGBoost,4030,2006-10-29 03:00:00,248,258.43
XGBoost,4030,2006-10-29 04:00:00,181,202.62
XGBoost,4030,2006-10-29 05:00:00,183,205.75
XGBoost,4030,2006-10-29 06:00:00,200,239.88
XGBoost,4030,2006-10-29 07:00:00,361,359.47
XGBoost,4030,2006-10-29 08:00:00,550,508.02002
XGBoost,4030,2006-10-29 09:00:00,773,796.88
XGBoost,4030,2006-10-29 10:00:00,989,1024.9299
XGBoost,4030,2006-10-29 11:00:00,1186,1213.4
XGBoost,4030,2006-10-29 12:00:00,1457,1413.66
XGBoost,4030,2006-10-29 13:00:00,1476,1504.5
XGBoost,4030,2006-10-29 14:00:00,1494,1410.74
XGBoost,4030,2006-10-29 15:00:00,1600,1592.37
XGBoost,4030,2006-10-29 16:00:00,1625,1622.39
XGBoost,4030,2006-10-29 17:00:00,1763,1670.79
XGBoost,4030,2006-10-29 18:00:00,1403,1389.93
XGBoost,4030,2006-10-29 19:00:00,1009,974.89
XGBoost,4030,2006-10-29 20:00:00,779,764.76
XGBoost,4030,2006-10-29 21:00:00,719,701.38
XGBoost,4030,2006-10-29 22:00:00,563,557.85
XGBoost,4030,2006-10-29 23:00:00,381,384.77002
XGBoost,4030,2006-10-30 00:00:00,288,284.91998
XGBoost,4030,2006-10-30 01:00:00,120,123.81
XGBoost,4030,2006-10-30 02:00:00,78,82.33
XGBoost,4030,2006-10-30 03:00:00,41,62.629997
XGBoost,4030,2006-10-30 04:00:00,94,104.33
XGBoost,4030,2006-10-30 05:00:00,167,202.17
XGBoost,4030,2006-10-30 06:00:00,638,605.95996
XGBoost,4030,2006-10-30 07:00:00,1203,1405.61
XGBoost,4030,2006-10-30 08:00:00,1537,1414.37
XGBoost,4030,2006-10-30 09:00:00,1282,1255.5
XGBoost,4030,2006-10-30 10:00:00,1446,1262.89
XGBoost,4030,2006-10-30 11:00:00,1411,1402.6001
XGBoost,4030,2006-10-30 12:00:00,1412,1447.87
XGBoost,4030,2006-10-30 13:00:00,1530,1426.4299
XGBoost,4030,2006-10-30 14:00:00,1698,1739.79
XGBoost,4030,2006-10-30 15:00:00,1771,1843.0801
XGBoost,4030,2006-10-30 16:00:00,1954,1931.45
XGBoost,4030,2006-10-30 17:00:00,2238,2229.11
XGBoost,4030,2006-10-30 18:00:00,2054,1995.8
XGBoost,4030,2006-10-30 19:00:00,1310,1312.98
XGBoost,4030,2006-10-30 20:00:00,1010,931.69995
XGBoost,4030,2006-10-30 21:00:00,837,834.72
XGBoost,4030,2006-10-30 22:00:00,724,701.22003
XGBoost,4030,2006-10-30 23:00:00,398,390.44
XGBoost,4030,2006-10-31 00:00:00,285,229.36
XGBoost,4030,2006-10-31 01:00:00,86,125.5
XGBoost,4030,2006-10-31 02:00:00,72,66.01
XGBoost,4030,2006-10-31 03:00:00,86,77.95
XGBoost,4030,2006-10-31 04:00:00,107,114.97
XGBoost,4030,2006-10-31 05:00:00,223,181.33
XGBoost,4030,2006-10-31 06:00:00,652,759.5
XGBoost,4030,2006-10-31 07:00:00,1324,1393.28
XGBoost,4030,2006-10-31 08:00:00,1517,1508.24
XGBoost,4030,2006-10-31 09:00:00,1315,1327.92
XGBoost,4030,2006-10-31 10:00:00,1381,1375.24
XGBoost,4030,2006-10-31 11:00:00,1472,1425.78
XGBoost,4030,2006-10-31 12:00:00,1417,1443.35
XGBoost,4030,2006-10-31 13:00:00,1566,1523.3
XGBoost,4030,2006-10-31 14:00:00,1533,1614.64
XGBoost,4030,2006-10-31 15:00:00,1806,1854.25
XGBoost,4030,2006-10-31 16:00:00,2023,2016.65
XGBoost,4030,2006-10-31 17:00:00,2199,2265.72
XGBoost,4030,2006-10-31 18:00:00,2080,2079.02
XGBoost,4030,2006-10-31 19:00:00,1394,1416.51
XGBoost,4030,2006-10-31 20:00:00,1142,1115.94
XGBoost,4030,2006-10-31 21:00:00,1027,975.64
XGBoost,4030,2006-10-31 22:00:00,743,788.56
XGBoost,4030,2006-10-31 23:00:00,462,455.72
XGBoost,4032,2006-10-27 12:00:00,2441,2463.25
XGBoost,4032,2006-10-27 13:00:00,2528,2516.49
XGBoost,4032,2006-10-27 14:00:00,2508,2501.42
XGBoost,4032,2006-10-27 15:00:00,3143,3036.35
XGBoost,4032,2006-10-27 16:00:00,3107,3089.0
XGBoost,4032,2006-10-27 17:00:00,3261,3342.33
XGBoost,4032,2006-10-27 18:00:00,3000,3058.3901
XGBoost,4032,2006-10-27 19:00:00,2246,2253.9
XGBoost,4032,2006-10-27 20:00:00,1500,1585.36
XGBoost,4032,2006-10-27 21:00:00,1339,1417.11
XGBoost,4032,2006-10-27 22:00:00,1159,1154.3301
XGBoost,4032,2006-10-27 23:00:00,966,944.24
XGBoost,4032,2006-10-28 00:00:00,644,634.16
XGBoost,4032,2006-10-28 01:00:00,347,368.16998
XGBoost,4032,2006-10-28 02:00:00,235,231.5
XGBoost,4032,2006-10-28 03:00:00,183,172.05
XGBoost,4032,2006-10-28 04:00:00,211,180.37
XGBoost,4032,2006-10-28 05:00:00,293,316.61
XGBoost,4032,2006-10-28 06:00:00,687,679.04
XGBoost,4032,2006-10-28 07:00:00,1092,1125.29
XGBoost,4032,2006-10-28 08:00:00,1886,1810.88
XGBoost,4032,2006-10-28 09:00:00,2558,2478.27
XGBoost,4032,2006-10-28 10:00:00,2833,2770.73
XGBoost,4032,2006-10-28 11:00:00,2904,2882.76
XGBoost,4032,2006-10-28 12:00:00,3237,3023.51
XGBoost,4032,2006-10-28 13:00:00,2762,2915.91
XGBoost,4032,2006-10-28 14:00:00,2803,2715.54
XGBoost,4032,2006-10-28 15:00:00,2659,2677.8901
XGBoost,4032,2006-10-28 16:00:00,2680,2715.9
XGBoost,4032,2006-10-28 17:00:00,2712,2721.35
XGBoost,4032,2006-10-28 18:00:00,2550,2554.75
XGBoost,4032,2006-10-28 19:00:00,1887,1945.85
XGBoost,4032,2006-10-28 20:00:00,1406,1415.13
XGBoost,4032,2006-10-28 21:00:00,1192,1199.76
XGBoost,4032,2006-10-28 22:00:00,1241,1181.19
XGBoost,4032,2006-10-28 23:00:00,1195,1163.4299
XGBoost,4032,2006-10-29 00:00:00,881,852.95996
XGBoost,4032,2006-10-29 01:00:00,427,500.29
XGBoost,4032,2006-10-29 02:00:00,219,224.27
XGBoost,4032,2006-10-29 03:00:00,306,280.6
XGBoost,4032,2006-10-29 04:00:00,234,267.44
XGBoost,4032,2006-10-29 05:00:00,238,252.01001
XGBoost,4032,2006-10-29 06:00:00,430,409.86
XGBoost,4032,2006-10-29 07:00:00,602,643.13
XGBoost,4032,2006-10-29 08:00:00,963,940.22
XGBoost,4032,2006-10-29 09:00:00,1562,1611.03
XGBoost,4032,2006-10-29 10:00:00,1889,2005.37
XGBoost,4032,2006-10-29 11:00:00,2208,2162.33
XGBoost,4032,2006-10-29 12:00:00,2452,2499.33
XGBoost,4032,2006-10-29 13:00:00,2431,2468.57
XGBoost,4032,2006-10-29 14:00:00,2320,2369.06
XGBoost,4032,2006-10-29 15:00:00,2397,2336.53
XGBoost,4032,2006-10-29 16:00:00,2561,2493.67
XGBoost,4032,2006-10-29 17:00:00,2576,2553.66
XGBoost,4032,2006-10-29 18:00:00,2219,2194.94
XGBoost,4032,2006-10-29 19:00:00,1570,1542.6
XGBoost,4032,2006-10-29 20:00:00,1274,1258.4401
XGBoost,4032,2006-10-29 21:00:00,1223,1166.71
XGBoost,4032,2006-10-29 22:00:00,934,937.91003
XGBoost,4032,2006-10-29 23:00:00,534,617.29
XGBoost,4032,2006-10-30 00:00:00,292,281.96
XGBoost,4032,2006-10-30 01:00:00,154,153.95999
XGBoost,4032,2006-10-30 02:00:00,100,99.270004
XGBoost,4032,2006-10-30 03:00:00,74,81.020004
XGBoost,4032,2006-10-30 04:00:00,147,139.78
XGBoost,4032,2006-10-30 05:00:00,366,370.52002
XGBoost,4032,2006-10-30 06:00:00,1503,1425.75
XGBoost,4032,2006-10-30 07:00:00,3094,3099.0898
XGBoost,4032,2006-10-30 08:00:00,3557,3534.02
XGBoost,4032,2006-10-30 09:00:00,2536,2581.56
XGBoost,4032,2006-10-30 10:00:00,2391,2216.69
XGBoost,4032,2006-10-30 11:00:00,2239,2287.6602
XGBoost,4032,2006-10-30 12:00:00,2172,2294.4502
XGBoost,4032,2006-10-30 13:00:00,2400,2262.53
XGBoost,4032,2006-10-30 14:00:00,2359,2428.78
XGBoost,4032,2006-10-30 15:00:00,2904,2855.89
XGBoost,4032,2006-10-30 16:00:00,3001,3034.6401
XGBoost,4032,2006-10-30 17:00:00,3490,3333.3
XGBoost,4032,2006-10-30 18:00:00,3010,3045.6501
XGBoost,4032,2006-10-30 19:00:00,1918,1934.78
XGBoost,4032,2006-10-30 20:00:00,1444,1428.79
XGBoost,4032,2006-10-30 21:00:00,1162,1262.54
XGBoost,4032,2006-10-30 22:00:00,899,939.07
XGBoost,4032,2006-10-30 23:00:00,504,515.79
XGBoost,4032,2006-10-31 00:00:00,257,260.45
XGBoost,4032,2006-10-31 01:00:00,145,145.48
XGBoost,4032,2006-10-31 02:00:00,91,84.92
XGBoost,4032,2006-10-31 03:00:00,91,89.869995
XGBoost,4032,2006-10-31 04:00:00,130,129.14
XGBoost,4032,2006-10-31 05:00:00,400,413.39
XGBoost,4032,2006-10-31 06:00:00,1615,1588.6
XGBoost,4032,2006-10-31 07:00:00,3271,3264.3901
XGBoost,4032,2006-10-31 08:00:00,3394,3579.62
XGBoost,4032,2006-10-31 09:00:00,2614,2606.22
XGBoost,4032,2006-10-31 10:00:00,2421,2442.26
XGBoost,4032,2006-10-31 11:00:00,2281,2288.1401
XGBoost,4032,2006-10-31 12:00:00,2247,2269.9302
XGBoost,4032,2006-10-31 13:00:00,2272,2345.54
XGBoost,4032,2006-10-31 14:00:00,2457,2398.12
XGBoost,4032,2006-10-31 15:00:00,2970,2935.51
XGBoost,4032,2006-10-31 16:00:00,3033,3091.2
XGBoost,4032,2006-10-31 17:00:00,3430,3457.0898
XGBoost,4032,2006-10-31 18:00:00,3150,3125.78
XGBoost,4032,2006-10-31 19:00:00,2220,2245.77
XGBoost,4032,2006-10-31 20:00:00,1589,1578.2001
XGBoost,4032,2006-10-31 21:00:00,1360,1353.6699
XGBoost,4032,2006-10-31 22:00:00,1118,1081.91
XGBoost,4032,2006-10-31 23:00:00,589,628.56
XGBoost,4034,2006-10-27 12:00:00,2837,2723.0898
XGBoost,4034,2006-10-27 13:00:00,2667,2730.3599
XGBoost,4034,2006-10-27 14:00:00,2718,2709.76
XGBoost,4034,2006-10-27 15:00:00,3086,3103.79
XGBoost,4034,2006-10-27 16:00:00,3090,3181.67
XGBoost,4034,2006-10-27 17:00:00,3359,3405.45
XGBoost,4034,2006-10-27 18:00:00,3033,3099.95
XGBoost,4034,2006-10-27 19:00:00,2354,2388.65
XGBoost,4034,2006-10-27 20:00:00,1576,1668.71
XGBoost,4034,2006-10-27 21:00:00,1465,1511.39
XGBoost,4034,2006-10-27 22:00:00,1265,1271.39
XGBoost,4034,2006-10-27 23:00:00,1073,1040.81
XGBoost,4034,2006-10-28 00:00:00,720,713.16003
XGBoost,4034,2006-10-28 01:00:00,413,416.88
XGBoost,4034,2006-10-28 02:00:00,302,293.24
XGBoost,4034,2006-10-28 03:00:00,246,244.54
XGBoost,4034,2006-10-28 04:00:00,191,190.87
XGBoost,4034,2006-10-28 05:00:00,290,292.3
XGBoost,4034,2006-10-28 06:00:00,664,675.63
XGBoost,4034,2006-10-28 07:00:00,1147,1149.34
XGBoost,4034,2006-10-28 08:00:00,1950,1927.8201
XGBoost,4034,2006-10-28 09:00:00,2560,2543.56
XGBoost,4034,2006-10-28 10:00:00,2836,2866.85
XGBoost,4034,2006-10-28 11:00:00,3150,2993.18
XGBoost,4034,2006-10-28 12:00:00,3270,3249.78
XGBoost,4034,2006-10-28 13:00:00,3106,3048.0999
XGBoost,4034,2006-10-28 14:00:00,2864,2919.83
XGBoost,4034,2006-10-28 15:00:00,2839,2819.35
XGBoost,4034,2006-10-28 16:00:00,2823,2801.5
XGBoost,4034,2006-10-28 17:00:00,2868,2867.08
XGBoost,4034,2006-10-28 18:00:00,2594,2595.06
XGBoost,4034,2006-10-28 19:00:00,2145,2090.8599
XGBoost,4034,2006-10-28 20:00:00,1595,1558.4199
XGBoost,4034,2006-10-28 21:00:00,1293,1337.52
XGBoost,4034,2006-10-28 22:00:00,1414,1330.65
XGBoost,4034,2006-10-28 23:00:00,1376,1338.2
XGBoost,4034,2006-10-29 00:00:00,1050,1042.11
XGBoost,4034,2006-10-29 01:00:00,467,610.79004
XGBoost,4034,2006-10-29 02:00:00,100,132.78
XGBoost,4034,2006-10-29 03:00:00,372,385.91
XGBoost,4034,2006-10-29 04:00:00,286,356.23
XGBoost,4034,2006-10-29 05:00:00,309,295.49
XGBoost,4034,2006-10-29 06:00:00,467,454.13
XGBoost,4034,2006-10-29 07:00:00,638,675.61
XGBoost,4034,2006-10-29 08:00:00,1033,1035.85
XGBoost,4034,2006-10-29 09:00:00,1612,1619.83
XGBoost,4034,2006-10-29 10:00:00,1962,2053.8
XGBoost,4034,2006-10-29 11:00:00,2351,2326.63
XGBoost,4034,2006-10-29 12:00:00,2669,2651.85
XGBoost,4034,2006-10-29 13:00:00,2680,2687.06
XGBoost,4034,2006-10-29 14:00:00,2504,2537.61
XGBoost,4034,2006-10-29 15:00:00,2571,2542.39
XGBoost,4034,2006-10-29 16:00:00,2728,2654.82
XGBoost,4034,2006-10-29 17:00:00,2793,2713.96
XGBoost,4034,2006-10-29 18:00:00,2407,2376.3599
XGBoost,4034,2006-10-29 19:00:00,1695,1713.89
XGBoost,4034,2006-10-29 20:00:00,1396,1355.96
XGBoost,4034,2006-10-29 21:00:00,1298,1274.5
XGBoost,4034,2006-10-29 22:00:00,1035,1053.27
XGBoost,4034,2006-10-29 23:00:00,620,699.33
XGBoost,4034,2006-10-30 00:00:00,307,310.95
XGBoost,4034,2006-10-30 01:00:00,163,163.38
XGBoost,4034,2006-10-30 02:00:00,121,100.51
XGBoost,4034,2006-10-30 03:00:00,82,99.44
XGBoost,4034,2006-10-30 04:00:00,165,150.94
XGBoost,4034,2006-10-30 05:00:00,380,437.28
XGBoost,4034,2006-10-30 06:00:00,1552,1411.6
XGBoost,4034,2006-10-30 07:00:00,3273,3282.22
XGBoost,4034,2006-10-30 08:00:00,3623,3593.9102
XGBoost,4034,2006-10-30 09:00:00,2756,2741.03
XGBoost,4034,2006-10-30 10:00:00,2588,2438.55
XGBoost,4034,2006-10-30 11:00:00,2436,2481.0898
XGBoost,4034,2006-10-30 12:00:00,2529,2536.3398
XGBoost,4034,2006-10-30 13:00:00,2586,2532.0698
XGBoost,4034,2006-10-30 14:00:00,2535,2631.76
XGBoost,4034,2006-10-30 15:00:00,3042,2995.3599
XGBoost,4034,2006-10-30 16:00:00,3147,3178.35
XGBoost,4034,2006-10-30 17:00:00,3415,3372.1301
XGBoost,4034,2006-10-30 18:00:00,3055,3070.18
XGBoost,4034,2006-10-30 19:00:00,2105,2087.08
XGBoost,4034,2006-10-30 20:00:00,1453,1487.23
XGBoost,4034,2006-10-30 21:00:00,1249,1332.15
XGBoost,4034,2006-10-30 22:00:00,983,1048.49
XGBoost,4034,2006-10-30 23:00:00,537,567.33
XGBoost,4034,2006-10-31 00:00:00,310,293.8
XGBoost,4034,2006-10-31 01:00:00,148,152.22
XGBoost,4034,2006-10-31 02:00:00,114,103.68
XGBoost,4034,2006-10-31 03:00:00,97,94.63
XGBoost,4034,2006-10-31 04:00:00,154,140.78
XGBoost,4034,2006-10-31 05:00:00,423,466.44
XGBoost,4034,2006-10-31 06:00:00,1617,1602.16
XGBoost,4034,2006-10-31 07:00:00,3319,3354.0898
XGBoost,4034,2006-10-31 08:00:00,3501,3643.55
XGBoost,4034,2006-10-31 09:00:00,2866,2787.4
XGBoost,4034,2006-10-31 10:00:00,2532,2612.81
XGBoost,4034,2006-10-31 11:00:00,2519,2498.5
XGBoost,4034,2006-10-31 12:00:00,2529,2532.9302
XGBoost,4034,2006-10-31 13:00:00,2470,2543.75
XGBoost,4034,2006-10-31 14:00:00,2637,2582.59
XGBoost,4034,2006-10-31 15:00:00,3034,3042.16
XGBoost,4034,2006-10-31 16:00:00,3086,3232.79
XGBoost,4034,2006-10-31 17:00:00,3320,3390.07
XGBoost,4034,2006-10-31 18:00:00,3245,3189.62
XGBoost,4034,2006-10-31 19:00:00,2293,2313.92
XGBoost,4034,2006-10-31 20:00:00,1726,1652.62
XGBoost,4034,2006-10-31 21:00:00,1506,1489.8201
XGBoost,4034,2006-10-31 22:00:00,1223,1219.88
XGBoost,4034,2006-10-31 23:00:00,643,712.73
XGBoost,4035,2006-10-27 12:00:00,2635,2564.43
XGBoost,4035,2006-10-27 13:00:00,2543,2581.23
XGBoost,4035,2006-10-27 14:00:00,2610,2572.1602
XGBoost,4035,2006-10-27 15:00:00,2976,2965.88
XGBoost,4035,2006-10-27 16:00:00,2938,3073.2
XGBoost,4035,2006-10-27 17:00:00,3208,3233.98
XGBoost,4035,2006-10-27 18:00:00,2989,3016.15
XGBoost,4035,2006-10-27 19:00:00,2363,2351.1
XGBoost,4035,2006-10-27 20:00:00,1625,1731.76
XGBoost,4035,2006-10-27 21:00:00,1499,1534.16
XGBoost,4035,2006-10-27 22:00:00,1339,1292.01
XGBoost,4035,2006-10-27 23:00:00,1169,1139.9
XGBoost,4035,2006-10-28 00:00:00,799,805.61
XGBoost,4035,2006-10-28 01:00:00,501,480.49
XGBoost,4035,2006-10-28 02:00:00,304,330.93
XGBoost,4035,2006-10-28 03:00:00,258,238.45999
XGBoost,4035,2006-10-28 04:00:00,198,203.27
XGBoost,4035,2006-10-28 05:00:00,271,283.83002
XGBoost,4035,2006-10-28 06:00:00,674,675.25
XGBoost,4035,2006-10-28 07:00:00,1246,1214.32
XGBoost,4035,2006-10-28 08:00:00,1885,1950.49
XGBoost,4035,2006-10-28 09:00:00,2506,2443.64
XGBoost,4035,2006-10-28 10:00:00,2689,2719.44
XGBoost,4035,2006-10-28 11:00:00,2846,2785.97
XGBoost,4035,2006-10-28 12:00:00,3020,2959.51
XGBoost,4035,2006-10-28 13:00:00,2869,2835.34
XGBoost,4035,2006-10-28 14:00:00,2827,2842.8901
XGBoost,4035,2006-10-28 15:00:00,2701,2715.41
XGBoost,4035,2006-10-28 16:00:00,2703,2710.73
XGBoost,4035,2006-10-28 17:00:00,2664,2681.18
XGBoost,4035,2006-10-28 18:00:00,2432,2477.48
XGBoost,4035,2006-10-28 19:00:00,2105,2000.45
XGBoost,4035,2006-10-28 20:00:00,1543,1555.38
XGBoost,4035,2006-10-28 21:00:00,1364,1328.75
XGBoost,4035,2006-10-28 22:00:00,1462,1409.64
XGBoost,4035,2006-10-28 23:00:00,1383,1377.54
XGBoost,4035,2006-10-29 00:00:00,1072,1088.05
XGBoost,4035,2006-10-29 01:00:00,451,609.5
XGBoost,4035,2006-10-29 02:00:00,110,132.07
XGBoost,4035,2006-10-29 03:00:00,396,413.8
XGBoost,4035,2006-10-29 04:00:00,300,397.46
XGBoost,4035,2006-10-29 05:00:00,305,294.31
XGBoost,4035,2006-10-29 06:00:00,484,460.67
XGBoost,4035,2006-10-29 07:00:00,630,703.78
XGBoost,4035,2006-10-29 08:00:00,1078,1021.14
XGBoost,4035,2006-10-29 09:00:00,1632,1632.87
XGBoost,4035,2006-10-29 10:00:00,1926,2027.55
XGBoost,4035,2006-10-29 11:00:00,2266,2205.0298
XGBoost,4035,2006-10-29 12:00:00,2576,2538.77
XGBoost,4035,2006-10-29 13:00:00,2521,2540.45
XGBoost,4035,2006-10-29 14:00:00,2355,2373.1802
XGBoost,4035,2006-10-29 15:00:00,2525,2487.37
XGBoost,4035,2006-10-29 16:00:00,2620,2575.94
XGBoost,4035,2006-10-29 17:00:00,2534,2509.8398
XGBoost,4035,2006-10-29 18:00:00,2297,2253.62
XGBoost,4035,2006-10-29 19:00:00,1538,1562.41
XGBoost,4035,2006-10-29 20:00:00,1333,1274.71
XGBoost,4035,2006-10-29 21:00:00,1316,1271.25
XGBoost,4035,2006-10-29 22:00:00,1087,1057.17
XGBoost,4035,2006-10-29 23:00:00,601,707.64
XGBoost,4035,2006-10-30 00:00:00,307,310.76
XGBoost,4035,2006-10-30 01:00:00,156,154.46
XGBoost,4035,2006-10-30 02:00:00,112,99.01
XGBoost,4035,2006-10-30 03:00:00,102,108.85
XGBoost,4035,2006-10-30 04:00:00,143,149.84
XGBoost,4035,2006-10-30 05:00:00,384,398.16998
XGBoost,4035,2006-10-30 06:00:00,1546,1452.4299
XGBoost,4035,2006-10-30 07:00:00,3064,3204.78
XGBoost,4035,2006-10-30 08:00:00,3224,3150.1
XGBoost,4035,2006-10-30 09:00:00,2533,2565.08
XGBoost,4035,2006-10-30 10:00:00,2338,2222.12
XGBoost,4035,2006-10-30 11:00:00,2171,2272.85
XGBoost,4035,2006-10-30 12:00:00,2277,2334.22
XGBoost,4035,2006-10-30 13:00:00,2301,2291.18
XGBoost,4035,2006-10-30 14:00:00,2403,2446.06
XGBoost,4035,2006-10-30 15:00:00,2748,2801.75
XGBoost,4035,2006-10-30 16:00:00,2978,2980.21
XGBoost,4035,2006-10-30 17:00:00,3112,3197.97
XGBoost,4035,2006-10-30 18:00:00,2835,2877.62
XGBoost,4035,2006-10-30 19:00:00,1941,1959.34
XGBoost,4035,2006-10-30 20:00:00,1512,1469.88
XGBoost,4035,2006-10-30 21:00:00,1232,1309.61
XGBoost,4035,2006-10-30 22:00:00,934,1036.8099
XGBoost,4035,2006-10-30 23:00:00,535,559.92
XGBoost,4035,2006-10-31 00:00:00,284,292.52
XGBoost,4035,2006-10-31 01:00:00,143,147.65
XGBoost,4035,2006-10-31 02:00:00,104,95.41
XGBoost,4035,2006-10-31 03:00:00,92,95.45
XGBoost,4035,2006-10-31 04:00:00,142,141.32
XGBoost,4035,2006-10-31 05:00:00,405,429.69
XGBoost,4035,2006-10-31 06:00:00,1616,1571.98
XGBoost,4035,2006-10-31 07:00:00,3073,3180.79
XGBoost,4035,2006-10-31 08:00:00,3256,3278.5898
XGBoost,4035,2006-10-31 09:00:00,2688,2631.9
XGBoost,4035,2006-10-31 10:00:00,2259,2370.95
XGBoost,4035,2006-10-31 11:00:00,2325,2274.6099
XGBoost,4035,2006-10-31 12:00:00,2311,2329.4102
XGBoost,4035,2006-10-31 13:00:00,2382,2376.66
XGBoost,4035,2006-10-31 14:00:00,2500,2468.71
XGBoost,4035,2006-10-31 15:00:00,2842,2846.0898
XGBoost,4035,2006-10-31 16:00:00,2947,3015.65
XGBoost,4035,2006-10-31 17:00:00,3170,3200.28
XGBoost,4035,2006-10-31 18:00:00,3104,3005.17
XGBoost,4035,2006-10-31 19:00:00,2239,2267.29
XGBoost,4035,2006-10-31 20:00:00,1649,1630.45
XGBoost,4035,2006-10-31 21:00:00,1462,1447.22
XGBoost,4035,2006-10-31 22:00:00,1145,1134.4
XGBoost,4035,2006-10-31 23:00:00,671,687.28
XGBoost,4040,2006-10-27 12:00:00,2456,2457.9102
XGBoost,4040,2006-10-27 13:00:00,2252,2376.8901
XGBoost,4040,2006-10-27 14:00:00,2557,2516.5
XGBoost,4040,2006-10-27 15:00:00,2459,2582.3398
XGBoost,4040,2006-10-27 16:00:00,2704,2674.77
XGBoost,4040,2006-10-27 17:00:00,2975,2986.4
XGBoost,4040,2006-10-27 18:00:00,2822,2857.24
XGBoost,4040,2006-10-27 19:00:00,2373,2274.71
XGBoost,4040,2006-10-27 20:00:00,1815,1815.54
XGBoost,4040,2006-10-27 21:00:00,1589,1657.5499
XGBoost,4040,2006-10-27 22:00:00,1467,1453.52
XGBoost,4040,2006-10-27 23:00:00,1260,1236.69
XGBoost,4040,2006-10-28 00:00:00,934,884.34
XGBoost,4040,2006-10-28 01:00:00,663,619.92004
XGBoost,4040,2006-10-28 02:00:00,417,446.22998
XGBoost,4040,2006-10-28 03:00:00,381,354.55
XGBoost,4040,2006-10-28 04:00:00,336,316.64
XGBoost,4040,2006-10-28 05:00:00,468,465.84
XGBoost,4040,2006-10-28 06:00:00,816,829.22
XGBoost,4040,2006-10-28 07:00:00,1351,1377.2
XGBoost,4040,2006-10-28 08:00:00,1958,2083.04
XGBoost,4040,2006-10-28 09:00:00,2267,2393.08
XGBoost,4040,2006-10-28 10:00:00,2556,2549.24
XGBoost,4040,2006-10-28 11:00:00,2465,2586.18
XGBoost,4040,2006-10-28 12:00:00,2576,2657.47
XGBoost,4040,2006-10-28 13:00:00,2637,2510.8
XGBoost,4040,2006-10-28 14:00:00,2621,2653.27
XGBoost,4040,2006-10-28 15:00:00,2428,2512.94
XGBoost,4040,2006-10-28 16:00:00,2475,2465.78
XGBoost,4040,2006-10-28 17:00:00,2663,2601.63
XGBoost,4040,2006-10-28 18:00:00,2512,2457.94
XGBoost,4040,2006-10-28 19:00:00,2320,2113.2
XGBoost,4040,2006-10-28 20:00:00,1827,1775.73
XGBoost,4040,2006-10-28 21:00:00,1620,1555.64
XGBoost,4040,2006-10-28 22:00:00,1667,1571.6799
XGBoost,4040,2006-10-28 23:00:00,1586,1565.46
XGBoost,4040,2006-10-29 00:00:00,1251,1266.4
XGBoost,4040,2006-10-29 01:00:00,821,809.33997
XGBoost,4040,2006-10-29 02:00:00,485,445.74
XGBoost,4040,2006-10-29 03:00:00,557,534.92004
XGBoost,4040,2006-10-29 04:00:00,456,475.69
XGBoost,4040,2006-10-29 05:00:00,443,416.03998
XGBoost,4040,2006-10-29 06:00:00,672,644.2
XGBoost,4040,2006-10-29 07:00:00,896,933.3
XGBoost,4040,2006-10-29 08:00:00,1170,1220.02
XGBoost,4040,2006-10-29 09:00:00,1724,1695.64
XGBoost,4040,2006-10-29 10:00:00,2116,2106.19
XGBoost,4040,2006-10-29 11:00:00,2265,2329.22
XGBoost,4040,2006-10-29 12:00:00,2587,2416.97
XGBoost,4040,2006-10-29 13:00:00,2553,2566.26
XGBoost,4040,2006-10-29 14:00:00,2426,2447.23
XGBoost,4040,2006-10-29 15:00:00,2468,2436.4
XGBoost,4040,2006-10-29 16:00:00,2493,2469.29
XGBoost,4040,2006-10-29 17:00:00,2508,2441.01
XGBoost,4040,2006-10-29 18:00:00,2117,2153.97
XGBoost,4040,2006-10-29 19:00:00,1571,1591.89
XGBoost,4040,2006-10-29 20:00:00,1435,1327.72
XGBoost,4040,2006-10-29 21:00:00,1330,1326.09
XGBoost,4040,2006-10-29 22:00:00,1100,1106.03
XGBoost,4040,2006-10-29 23:00:00,689,765.57
XGBoost,4040,2006-10-30 00:00:00,440,461.41
XGBoost,4040,2006-10-30 01:00:00,240,220.95001
XGBoost,4040,2006-10-30 02:00:00,145,144.66
XGBoost,4040,2006-10-30 03:00:00,176,172.02
XGBoost,4040,2006-10-30 04:00:00,252,243.55
XGBoost,4040,2006-10-30 05:00:00,555,574.89
XGBoost,4040,2006-10-30 06:00:00,1549,1594.8
XGBoost,4040,2006-10-30 07:00:00,2905,2925.77
XGBoost,4040,2006-10-30 08:00:00,3245,3232.93
XGBoost,4040,2006-10-30 09:00:00,2536,2514.28
XGBoost,4040,2006-10-30 10:00:00,2300,2280.52
XGBoost,4040,2006-10-30 11:00:00,2399,2352.03
XGBoost,4040,2006-10-30 12:00:00,2283,2382.81
XGBoost,4040,2006-10-30 13:00:00,2368,2392.68
XGBoost,4040,2006-10-30 14:00:00,2234,2411.22
XGBoost,4040,2006-10-30 15:00:00,2376,2541.77
XGBoost,4040,2006-10-30 16:00:00,2681,2695.26
XGBoost,4040,2006-10-30 17:00:00,3055,3040.68
XGBoost,4040,2006-10-30 18:00:00,2728,2772.1401
XGBoost,4040,2006-10-30 19:00:00,2018,1998.8699
XGBoost,4040,2006-10-30 20:00:00,1515,1467.9099
XGBoost,4040,2006-10-30 21:00:00,1454,1448.97
XGBoost,4040,2006-10-30 22:00:00,1072,1143.81
XGBoost,4040,2006-10-30 23:00:00,704,718.05
XGBoost,4040,2006-10-31 00:00:00,401,435.34
XGBoost,4040,2006-10-31 01:00:00,185,189.84
XGBoost,4040,2006-10-31 02:00:00,144,126.54
XGBoost,4040,2006-10-31 03:00:00,152,129.93
XGBoost,4040,2006-10-31 04:00:00,194,218.79001
XGBoost,4040,2006-10-31 05:00:00,600,586.46
XGBoost,4040,2006-10-31 06:00:00,1674,1739.84
XGBoost,4040,2006-10-31 07:00:00,3043,2990.8901
XGBoost,4040,2006-10-31 08:00:00,3388,3335.1602
XGBoost,4040,2006-10-31 09:00:00,2655,2678.8699
XGBoost,4040,2006-10-31 10:00:00,2447,2374.1501
XGBoost,4040,2006-10-31 11:00:00,2564,2484.25
XGBoost,4040,2006-10-31 12:00:00,2489,2486.35
XGBoost,4040,2006-10-31 13:00:00,2472,2436.75
XGBoost,4040,2006-10-31 14:00:00,2462,2433.18
XGBoost,4040,2006-10-31 15:00:00,2517,2585.66
XGBoost,4040,2006-10-31 16:00:00,2458,2623.71
XGBoost,4040,2006-10-31 17:00:00,3008,2987.76
XGBoost,4040,2006-10-31 18:00:00,2823,2812.44
XGBoost,4040,2006-10-31 19:00:00,2166,2174.99
XGBoost,4040,2006-10-31 20:00:00,1609,1635.15
XGBoost,4040,2006-10-31 21:00:00,1545,1512.28
XGBoost,4040,2006-10-31 22:00:00,1291,1318.8201
XGBoost,4040,2006-10-31 23:00:00,809,813.1
XGBoost,4043,2006-10-27 12:00:00,3022,3151.82
XGBoost,4043,2006-10-27 13:00:00,2972,2942.87
XGBoost,4043,2006-10-27 14:00:00,3242,3162.8801
XGBoost,4043,2006-10-27 15:00:00,3263,3339.69
XGBoost,4043,2006-10-27 16:00:00,3742,3616.96
XGBoost,4043,2006-10-27 17:00:00,4185,4260.21
XGBoost,4043,2006-10-27 18:00:00,3673,3663.37
XGBoost,4043,2006-10-27 19:00:00,2829,2847.04
XGBoost,4043,2006-10-27 20:00:00,1976,1982.24
XGBoost,4043,2006-10-27 21:00:00,1675,1758.73
XGBoost,4043,2006-10-27 22:00:00,1628,1571.84
XGBoost,4043,2006-10-27 23:00:00,1351,1337.3301
XGBoost,4043,2006-10-28 00:00:00,1025,983.22003
XGBoost,4043,2006-10-28 01:00:00,594,599.88
XGBoost,4043,2006-10-28 02:00:00,392,427.93
XGBoost,4043,2006-10-28 03:00:00,287,268.6
XGBoost,4043,2006-10-28 04:00:00,250,243.02
XGBoost,4043,2006-10-28 05:00:00,488,479.16998
XGBoost,4043,2006-10-28 06:00:00,939,955.19995
XGBoost,4043,2006-10-28 07:00:00,1475,1573.06
XGBoost,4043,2006-10-28 08:00:00,2175,2258.3901
XGBoost,4043,2006-10-28 09:00:00,2638,2685.92
XGBoost,4043,2006-10-28 10:00:00,3023,2988.25
XGBoost,4043,2006-10-28 11:00:00,3345,3306.6099
XGBoost,4043,2006-10-28 12:00:00,3334,3336.59
XGBoost,4043,2006-10-28 13:00:00,3174,3224.0
XGBoost,4043,2006-10-28 14:00:00,3149,3135.96
XGBoost,4043,2006-10-28 15:00:00,2962,2987.8901
XGBoost,4043,2006-10-28 16:00:00,2976,3033.5898
XGBoost,4043,2006-10-28 17:00:00,3254,3197.08
XGBoost,4043,2006-10-28 18:00:00,3084,3047.6
XGBoost,4043,2006-10-28 19:00:00,2458,2514.13
XGBoost,4043,2006-10-28 20:00:00,1640,1644.22
XGBoost,4043,2006-10-28 21:00:00,1568,1487.74
XGBoost,4043,2006-10-28 22:00:00,1685,1591.98
XGBoost,4043,2006-10-28 23:00:00,1705,1687.1
XGBoost,4043,2006-10-29 00:00:00,1328,1358.72
XGBoost,4043,2006-10-29 01:00:00,699,815.47
XGBoost,4043,2006-10-29 02:00:00,400,339.89
XGBoost,4043,2006-10-29 03:00:00,523,524.08997
XGBoost,4043,2006-10-29 04:00:00,429,470.46
XGBoost,4043,2006-10-29 05:00:00,445,437.82
XGBoost,4043,2006-10-29 06:00:00,662,621.5
XGBoost,4043,2006-10-29 07:00:00,882,912.61
XGBoost,4043,2006-10-29 08:00:00,1253,1313.37
XGBoost,4043,2006-10-29 09:00:00,1916,1839.3
XGBoost,4043,2006-10-29 10:00:00,2557,2436.26
XGBoost,4043,2006-10-29 11:00:00,2861,2879.69
XGBoost,4043,2006-10-29 12:00:00,3224,3121.36
XGBoost,4043,2006-10-29 13:00:00,2969,3068.43
XGBoost,4043,2006-10-29 14:00:00,2862,2827.38
XGBoost,4043,2006-10-29 15:00:00,2882,2858.78
XGBoost,4043,2006-10-29 16:00:00,3052,2914.68
XGBoost,4043,2006-10-29 17:00:00,3285,3149.27
XGBoost,4043,2006-10-29 18:00:00,2763,2765.81
XGBoost,4043,2006-10-29 19:00:00,1979,1948.04
XGBoost,4043,2006-10-29 20:00:00,1611,1531.29
XGBoost,4043,2006-10-29 21:00:00,1481,1449.1799
XGBoost,4043,2006-10-29 22:00:00,1234,1257.56
XGBoost,4043,2006-10-29 23:00:00,748,828.08997
XGBoost,4043,2006-10-30 00:00:00,440,429.71
XGBoost,4043,2006-10-30 01:00:00,222,263.73
XGBoost,4043,2006-10-30 02:00:00,125,132.6
XGBoost,4043,2006-10-30 03:00:00,139,128.23999
XGBoost,4043,2006-10-30 04:00:00,222,228.19
XGBoost,4043,2006-10-30 05:00:00,668,632.54
XGBoost,4043,2006-10-30 06:00:00,2167,2169.21
XGBoost,4043,2006-10-30 07:00:00,3995,3797.94
XGBoost,4043,2006-10-30 08:00:00,4082,4006.57
XGBoost,4043,2006-10-30 09:00:00,3368,3334.08
XGBoost,4043,2006-10-30 10:00:00,2772,2796.76
XGBoost,4043,2006-10-30 11:00:00,2711,2790.4302
XGBoost,4043,2006-10-30 12:00:00,2876,2861.7
XGBoost,4043,2006-10-30 13:00:00,2891,2891.41
XGBoost,4043,2006-10-30 14:00:00,2817,2864.28
XGBoost,4043,2006-10-30 15:00:00,3180,3212.58
XGBoost,4043,2006-10-30 16:00:00,3507,3449.53
XGBoost,4043,2006-10-30 17:00:00,4022,3989.28
XGBoost,4043,2006-10-30 18:00:00,3601,3669.51
XGBoost,4043,2006-10-30 19:00:00,2339,2402.23
XGBoost,4043,2006-10-30 20:00:00,1696,1694.55
XGBoost,4043,2006-10-30 21:00:00,1467,1507.37
XGBoost,4043,2006-10-30 22:00:00,1179,1269.29
XGBoost,4043,2006-10-30 23:00:00,648,728.35
XGBoost,4043,2006-10-31 00:00:00,354,372.02002
XGBoost,4043,2006-10-31 01:00:00,195,188.24
XGBoost,4043,2006-10-31 02:00:00,134,124.28
XGBoost,4043,2006-10-31 03:00:00,129,114.8
XGBoost,4043,2006-10-31 04:00:00,186,187.54
XGBoost,4043,2006-10-31 05:00:00,676,663.64
XGBoost,4043,2006-10-31 06:00:00,2369,2295.6602
XGBoost,4043,2006-10-31 07:00:00,4038,4026.2603
XGBoost,4043,2006-10-31 08:00:00,4157,4109.9897
XGBoost,4043,2006-10-31 09:00:00,3352,3448.07
XGBoost,4043,2006-10-31 10:00:00,2961,2940.99
XGBoost,4043,2006-10-31 11:00:00,2963,2827.3599
XGBoost,4043,2006-10-31 12:00:00,3010,2934.9
XGBoost,4043,2006-10-31 13:00:00,3070,3036.37
XGBoost,4043,2006-10-31 14:00:00,3020,2977.99
XGBoost,4043,2006-10-31 15:00:00,3237,3263.1
XGBoost,4043,2006-10-31 16:00:00,3547,3583.49
XGBoost,4043,2006-10-31 17:00:00,3990,3995.94
XGBoost,4043,2006-10-31 18:00:00,3865,3913.52
XGBoost,4043,2006-10-31 19:00:00,2789,2687.8901
XGBoost,4043,2006-10-31 20:00:00,1880,1888.5599
XGBoost,4043,2006-10-31 21:00:00,1724,1655.1699
XGBoost,4043,2006-10-31 22:00:00,1407,1465.58
XGBoost,4043,2006-10-31 23:00:00,805,829.16
XGBoost,4051,2006-10-27 12:00:00,956,920.07996
XGBoost,4051,2006-10-27 13:00:00,920,913.26
XGBoost,4051,2006-10-27 14:00:00,892,877.76
XGBoost,4051,2006-10-27 15:00:00,1238,1198.79
XGBoost,4051,2006-10-27 16:00:00,1175,1182.23
XGBoost,4051,2006-10-27 17:00:00,1226,1264.42
XGBoost,4051,2006-10-27 18:00:00,1122,1097.0599
XGBoost,4051,2006-10-27 19:00:00,857,812.16
XGBoost,4051,2006-10-27 20:00:00,524,574.26
XGBoost,4051,2006-10-27 21:00:00,483,496.53
XGBoost,4051,2006-10-27 22:00:00,351,360.45
XGBoost,4051,2006-10-27 23:00:00,367,347.9
XGBoost,4051,2006-10-28 00:00:00,210,188.41
XGBoost,4051,2006-10-28 01:00:00,110,112.21
XGBoost,4051,2006-10-28 02:00:00,87,82.32
XGBoost,4051,2006-10-28 03:00:00,68,62.660004
XGBoost,4051,2006-10-28 04:00:00,63,61.2
XGBoost,4051,2006-10-28 05:00:00,94,105.67
XGBoost,4051,2006-10-28 06:00:00,205,217.47
XGBoost,4051,2006-10-28 07:00:00,307,325.32
XGBoost,4051,2006-10-28 08:00:00,592,609.57
XGBoost,4051,2006-10-28 09:00:00,931,927.08
XGBoost,4051,2006-10-28 10:00:00,996,923.23
XGBoost,4051,2006-10-28 11:00:00,1115,1065.83
XGBoost,4051,2006-10-28 12:00:00,1109,1054.69
XGBoost,4051,2006-10-28 13:00:00,1042,1067.95
XGBoost,4051,2006-10-28 14:00:00,1006,934.94
XGBoost,4051,2006-10-28 15:00:00,984,1013.23
XGBoost,4051,2006-10-28 16:00:00,904,935.18
XGBoost,4051,2006-10-28 17:00:00,893,927.93
XGBoost,4051,2006-10-28 18:00:00,830,854.73
XGBoost,4051,2006-10-28 19:00:00,698,734.0
XGBoost,4051,2006-10-28 20:00:00,492,499.41
XGBoost,4051,2006-10-28 21:00:00,406,420.02002
XGBoost,4051,2006-10-28 22:00:00,406,392.74
XGBoost,4051,2006-10-28 23:00:00,383,365.6
XGBoost,4051,2006-10-29 00:00:00,305,302.81
XGBoost,4051,2006-10-29 01:00:00,151,168.18
XGBoost,4051,2006-10-29 02:00:00,76,71.66
XGBoost,4051,2006-10-29 03:00:00,98,90.66
XGBoost,4051,2006-10-29 04:00:00,92,84.76
XGBoost,4051,2006-10-29 05:00:00,81,96.11
XGBoost,4051,2006-10-29 06:00:00,91,125.19
XGBoost,4051,2006-10-29 07:00:00,163,170.95999
XGBoost,4051,2006-10-29 08:00:00,268,265.59
XGBoost,4051,2006-10-29 09:00:00,546,492.65002
XGBoost,4051,2006-10-29 10:00:00,680,745.62
XGBoost,4051,2006-10-29 11:00:00,789,757.43
XGBoost,4051,2006-10-29 12:00:00,875,933.97
XGBoost,4051,2006-10-29 13:00:00,854,851.57
XGBoost,4051,2006-10-29 14:00:00,787,807.04004
XGBoost,4051,2006-10-29 15:00:00,844,824.44
XGBoost,4051,2006-10-29 16:00:00,838,828.5
XGBoost,4051,2006-10-29 17:00:00,822,782.79004
XGBoost,4051,2006-10-29 18:00:00,708,722.79004
XGBoost,4051,2006-10-29 19:00:00,513,527.94
XGBoost,4051,2006-10-29 20:00:00,440,409.86002
XGBoost,4051,2006-10-29 21:00:00,361,393.99
XGBoost,4051,2006-10-29 22:00:00,248,253.60999
XGBoost,4051,2006-10-29 23:00:00,135,167.17
XGBoost,4051,2006-10-30 00:00:00,73,81.479996
XGBoost,4051,2006-10-30 01:00:00,45,50.16
XGBoost,4051,2006-10-30 02:00:00,27,36.68
XGBoost,4051,2006-10-30 03:00:00,24,41.72
XGBoost,4051,2006-10-30 04:00:00,30,60.77
XGBoost,4051,2006-10-30 05:00:00,95,102.16
XGBoost,4051,2006-10-30 06:00:00,294,253.83
XGBoost,4051,2006-10-30 07:00:00,955,992.45
XGBoost,4051,2006-10-30 08:00:00,1292,1348.19
XGBoost,4051,2006-10-30 09:00:00,865,917.36
XGBoost,4051,2006-10-30 10:00:00,806,763.85
XGBoost,4051,2006-10-30 11:00:00,805,814.56
XGBoost,4051,2006-10-30 12:00:00,861,858.02997
XGBoost,4051,2006-10-30 13:00:00,827,850.9
XGBoost,4051,2006-10-30 14:00:00,853,843.94
XGBoost,4051,2006-10-30 15:00:00,1076,1058.3201
XGBoost,4051,2006-10-30 16:00:00,1100,1126.5701
XGBoost,4051,2006-10-30 17:00:00,1141,1150.52
XGBoost,4051,2006-10-30 18:00:00,1086,999.56
XGBoost,4051,2006-10-30 19:00:00,582,630.56
XGBoost,4051,2006-10-30 20:00:00,471,454.45
XGBoost,4051,2006-10-30 21:00:00,373,410.39
XGBoost,4051,2006-10-30 22:00:00,289,267.04
XGBoost,4051,2006-10-30 23:00:00,143,160.45
XGBoost,4051,2006-10-31 00:00:00,94,89.63
XGBoost,4051,2006-10-31 01:00:00,33,44.77
XGBoost,4051,2006-10-31 02:00:00,16,33.52
XGBoost,4051,2006-10-31 03:00:00,23,35.54
XGBoost,4051,2006-10-31 04:00:00,34,50.65
XGBoost,4051,2006-10-31 05:00:00,97,104.95
XGBoost,4051,2006-10-31 06:00:00,319,326.28998
XGBoost,4051,2006-10-31 07:00:00,1009,1014.76
XGBoost,4051,2006-10-31 08:00:00,1269,1348.85
XGBoost,4051,2006-10-31 09:00:00,931,1009.97
XGBoost,4051,2006-10-31 10:00:00,754,800.11
XGBoost,4051,2006-10-31 11:00:00,890,828.33
XGBoost,4051,2006-10-31 12:00:00,879,871.05
XGBoost,4051,2006-10-31 13:00:00,874,862.07
XGBoost,4051,2006-10-31 14:00:00,861,867.27
XGBoost,4051,2006-10-31 15:00:00,1155,1128.7
XGBoost,4051,2006-10-31 16:00:00,1120,1176.47
XGBoost,4051,2006-10-31 17:00:00,1203,1230.6499
XGBoost,4051,2006-10-31 18:00:00,1000,1046.94
XGBoost,4051,2006-10-31 19:00:00,752,713.95996
XGBoost,4051,2006-10-31 20:00:00,507,532.44995
XGBoost,4051,2006-10-31 21:00:00,448,446.4
XGBoost,4051,2006-10-31 22:00:00,301,325.0
XGBoost,4051,2006-10-31 23:00:00,181,184.32
XGBoost,4057,2006-10-27 12:00:00,1857,1861.53
XGBoost,4057,2006-10-27 13:00:00,1840,1812.38
XGBoost,4057,2006-10-27 14:00:00,1934,1929.12
XGBoost,4057,2006-10-27 15:00:00,2669,2481.1099
XGBoost,4057,2006-10-27 16:00:00,2588,2695.63
XGBoost,4057,2006-10-27 17:00:00,2715,2841.35
XGBoost,4057,2006-10-27 18:00:00,2592,2590.98
XGBoost,4057,2006-10-27 19:00:00,1860,1917.54
XGBoost,4057,2006-10-27 20:00:00,1150,1246.37
XGBoost,4057,2006-10-27 21:00:00,966,976.05
XGBoost,4057,2006-10-27 22:00:00,828,811.46
XGBoost,4057,2006-10-27 23:00:00,611,621.27
XGBoost,4057,2006-10-28 00:00:00,304,340.54
XGBoost,4057,2006-10-28 01:00:00,161,172.5
XGBoost,4057,2006-10-28 02:00:00,107,107.14
XGBoost,4057,2006-10-28 03:00:00,60,58.98
XGBoost,4057,2006-10-28 04:00:00,84,77.229996
XGBoost,4057,2006-10-28 05:00:00,138,143.75
XGBoost,4057,2006-10-28 06:00:00,300,316.88
XGBoost,4057,2006-10-28 07:00:00,677,624.12
XGBoost,4057,2006-10-28 08:00:00,1371,1306.01
XGBoost,4057,2006-10-28 09:00:00,2057,1924.47
XGBoost,4057,2006-10-28 10:00:00,2320,2232.02
XGBoost,4057,2006-10-28 11:00:00,2486,2427.52
XGBoost,4057,2006-10-28 12:00:00,2621,2546.71
XGBoost,4057,2006-10-28 13:00:00,2236,2303.22
XGBoost,4057,2006-10-28 14:00:00,2138,2151.58
XGBoost,4057,2006-10-28 15:00:00,2203,2191.23
XGBoost,4057,2006-10-28 16:00:00,2115,2217.82
XGBoost,4057,2006-10-28 17:00:00,1982,2133.49
XGBoost,4057,2006-10-28 18:00:00,1839,1888.91
XGBoost,4057,2006-10-28 19:00:00,1313,1404.21
XGBoost,4057,2006-10-28 20:00:00,944,923.12
XGBoost,4057,2006-10-28 21:00:00,761,814.25
XGBoost,4057,2006-10-28 22:00:00,676,726.45996
XGBoost,4057,2006-10-28 23:00:00,606,612.08997
XGBoost,4057,2006-10-29 00:00:00,433,432.35
XGBoost,4057,2006-10-29 01:00:00,175,247.42
XGBoost,4057,2006-10-29 02:00:00,29,70.52
XGBoost,4057,2006-10-29 03:00:00,162,107.83
XGBoost,4057,2006-10-29 04:00:00,115,132.0
XGBoost,4057,2006-10-29 05:00:00,116,133.95999
XGBoost,4057,2006-10-29 06:00:00,153,176.92
XGBoost,4057,2006-10-29 07:00:00,266,269.98
XGBoost,4057,2006-10-29 08:00:00,626,525.06
XGBoost,4057,2006-10-29 09:00:00,956,1014.54004
XGBoost,4057,2006-10-29 10:00:00,1464,1509.55
XGBoost,4057,2006-10-29 11:00:00,1582,1646.3201
XGBoost,4057,2006-10-29 12:00:00,1779,1830.79
XGBoost,4057,2006-10-29 13:00:00,1746,1858.82
XGBoost,4057,2006-10-29 14:00:00,1750,1790.13
XGBoost,4057,2006-10-29 15:00:00,1865,1862.6901
XGBoost,4057,2006-10-29 16:00:00,1804,1859.54
XGBoost,4057,2006-10-29 17:00:00,1878,1839.85
XGBoost,4057,2006-10-29 18:00:00,1634,1586.62
XGBoost,4057,2006-10-29 19:00:00,1070,1067.78
XGBoost,4057,2006-10-29 20:00:00,937,868.07
XGBoost,4057,2006-10-29 21:00:00,750,757.01
XGBoost,4057,2006-10-29 22:00:00,503,528.25
XGBoost,4057,2006-10-29 23:00:00,289,295.65
XGBoost,4057,2006-10-30 00:00:00,151,149.64
XGBoost,4057,2006-10-30 01:00:00,82,85.51
XGBoost,4057,2006-10-30 02:00:00,34,48.57
XGBoost,4057,2006-10-30 03:00:00,40,46.559998
XGBoost,4057,2006-10-30 04:00:00,71,76.0
XGBoost,4057,2006-10-30 05:00:00,172,164.13
XGBoost,4057,2006-10-30 06:00:00,601,572.22
XGBoost,4057,2006-10-30 07:00:00,2042,1903.8201
XGBoost,4057,2006-10-30 08:00:00,3099,2958.1199
XGBoost,4057,2006-10-30 09:00:00,2055,2151.11
XGBoost,4057,2006-10-30 10:00:00,1832,1751.29
XGBoost,4057,2006-10-30 11:00:00,1706,1739.31
XGBoost,4057,2006-10-30 12:00:00,1640,1691.45
XGBoost,4057,2006-10-30 13:00:00,1622,1643.54
XGBoost,4057,2006-10-30 14:00:00,1752,1783.6901
XGBoost,4057,2006-10-30 15:00:00,2507,2285.1099
XGBoost,4057,2006-10-30 16:00:00,2466,2534.75
XGBoost,4057,2006-10-30 17:00:00,2808,2763.29
XGBoost,4057,2006-10-30 18:00:00,2357,2418.21
XGBoost,4057,2006-10-30 19:00:00,1456,1480.19
XGBoost,4057,2006-10-30 20:00:00,1034,1047.3099
XGBoost,4057,2006-10-30 21:00:00,878,898.58
XGBoost,4057,2006-10-30 22:00:00,618,612.95996
XGBoost,4057,2006-10-30 23:00:00,270,274.1
XGBoost,4057,2006-10-31 00:00:00,128,133.05
XGBoost,4057,2006-10-31 01:00:00,73,75.990005
XGBoost,4057,2006-10-31 02:00:00,30,47.010002
XGBoost,4057,2006-10-31 03:00:00,33,37.34
XGBoost,4057,2006-10-31 04:00:00,74,67.130005
XGBoost,4057,2006-10-31 05:00:00,181,189.15
XGBoost,4057,2006-10-31 06:00:00,693,648.72
XGBoost,4057,2006-10-31 07:00:00,2251,2122.9001
XGBoost,4057,2006-10-31 08:00:00,3161,3146.65
XGBoost,4057,2006-10-31 09:00:00,2115,2160.58
XGBoost,4057,2006-10-31 10:00:00,1796,1865.04
XGBoost,4057,2006-10-31 11:00:00,1713,1752.53
XGBoost,4057,2006-10-31 12:00:00,1740,1733.3
XGBoost,4057,2006-10-31 13:00:00,1684,1667.17
XGBoost,4057,2006-10-31 14:00:00,1891,1867.2
XGBoost,4057,2006-10-31 15:00:00,2641,2419.84
XGBoost,4057,2006-10-31 16:00:00,2603,2623.94
XGBoost,4057,2006-10-31 17:00:00,2798,2875.6602
XGBoost,4057,2006-10-31 18:00:00,2539,2507.65
XGBoost,4057,2006-10-31 19:00:00,1715,1724.72
XGBoost,4057,2006-10-31 20:00:00,1208,1188.84
XGBoost,4057,2006-10-31 21:00:00,962,994.32
XGBoost,4057,2006-10-31 22:00:00,630,674.15
XGBoost,4057,2006-10-31 23:00:00,290,322.55002
XGBoost,4063,2006-10-27 12:00:00,2198,2137.97
XGBoost,4063,2006-10-27 13:00:00,2017,2148.05
XGBoost,4063,2006-10-27 14:00:00,2133,2162.7
XGBoost,4063,2006-10-27 15:00:00,2311,2333.16
XGBoost,4063,2006-10-27 16:00:00,2379,2430.11
XGBoost,4063,2006-10-27 17:00:00,2740,2669.3699
XGBoost,4063,2006-10-27 18:00:00,2504,2548.32
XGBoost,4063,2006-10-27 19:00:00,1959,1935.85
XGBoost,4063,2006-10-27 20:00:00,1307,1337.4299
XGBoost,4063,2006-10-27 21:00:00,1120,1166.21
XGBoost,4063,2006-10-27 22:00:00,944,907.73
XGBoost,4063,2006-10-27 23:00:00,744,745.55
XGBoost,4063,2006-10-28 00:00:00,409,437.43
XGBoost,4063,2006-10-28 01:00:00,233,236.6
XGBoost,4063,2006-10-28 02:00:00,169,154.25
XGBoost,4063,2006-10-28 03:00:00,142,134.41
XGBoost,4063,2006-10-28 04:00:00,120,122.57
XGBoost,4063,2006-10-28 05:00:00,155,174.59
XGBoost,4063,2006-10-28 06:00:00,368,380.08002
XGBoost,4063,2006-10-28 07:00:00,783,712.91003
XGBoost,4063,2006-10-28 08:00:00,1418,1398.3201
XGBoost,4063,2006-10-28 09:00:00,2108,1997.23
XGBoost,4063,2006-10-28 10:00:00,2293,2288.94
XGBoost,4063,2006-10-28 11:00:00,2571,2475.3198
XGBoost,4063,2006-10-28 12:00:00,2422,2494.73
XGBoost,4063,2006-10-28 13:00:00,2291,2363.68
XGBoost,4063,2006-10-28 14:00:00,2481,2259.58
XGBoost,4063,2006-10-28 15:00:00,2311,2351.57
XGBoost,4063,2006-10-28 16:00:00,2323,2326.0
XGBoost,4063,2006-10-28 17:00:00,2168,2290.85
XGBoost,4063,2006-10-28 18:00:00,2079,2022.5
XGBoost,4063,2006-10-28 19:00:00,1493,1604.61
XGBoost,4063,2006-10-28 20:00:00,1220,1150.3301
XGBoost,4063,2006-10-28 21:00:00,952,1014.95996
XGBoost,4063,2006-10-28 22:00:00,820,849.54004
XGBoost,4063,2006-10-28 23:00:00,840,832.03
XGBoost,4063,2006-10-29 00:00:00,574,555.43
XGBoost,4063,2006-10-29 01:00:00,255,350.16
XGBoost,4063,2006-10-29 02:00:00,60,95.85
XGBoost,4063,2006-10-29 03:00:00,253,207.97
XGBoost,4063,2006-10-29 04:00:00,164,192.22
XGBoost,4063,2006-10-29 05:00:00,162,175.35
XGBoost,4063,2006-10-29 06:00:00,229,248.56
XGBoost,4063,2006-10-29 07:00:00,380,374.46
XGBoost,4063,2006-10-29 08:00:00,692,669.2
XGBoost,4063,2006-10-29 09:00:00,1095,1127.01
XGBoost,4063,2006-10-29 10:00:00,1435,1514.03
XGBoost,4063,2006-10-29 11:00:00,1830,1813.48
XGBoost,4063,2006-10-29 12:00:00,2065,2067.84
XGBoost,4063,2006-10-29 13:00:00,2086,2119.87
XGBoost,4063,2006-10-29 14:00:00,2010,2060.83
XGBoost,4063,2006-10-29 15:00:00,1967,1999.47
XGBoost,4063,2006-10-29 16:00:00,2089,2061.95
XGBoost,4063,2006-10-29 17:00:00,2082,2071.11
XGBoost,4063,2006-10-29 18:00:00,1806,1754.85
XGBoost,4063,2006-10-29 19:00:00,1256,1230.85
XGBoost,4063,2006-10-29 20:00:00,1091,1054.2
XGBoost,4063,2006-10-29 21:00:00,878,898.02
XGBoost,4063,2006-10-29 22:00:00,593,621.29
XGBoost,4063,2006-10-29 23:00:00,403,392.47998
XGBoost,4063,2006-10-30 00:00:00,176,203.34
XGBoost,4063,2006-10-30 01:00:00,100,95.03
XGBoost,4063,2006-10-30 02:00:00,78,72.41
XGBoost,4063,2006-10-30 03:00:00,59,65.79
XGBoost,4063,2006-10-30 04:00:00,102,102.03
XGBoost,4063,2006-10-30 05:00:00,223,240.2
XGBoost,4063,2006-10-30 06:00:00,792,737.18
XGBoost,4063,2006-10-30 07:00:00,2054,2157.34
XGBoost,4063,2006-10-30 08:00:00,2636,2555.94
XGBoost,4063,2006-10-30 09:00:00,2046,1954.74
XGBoost,4063,2006-10-30 10:00:00,2016,1890.4
XGBoost,4063,2006-10-30 11:00:00,2028,1975.22
XGBoost,4063,2006-10-30 12:00:00,2039,2039.07
XGBoost,4063,2006-10-30 13:00:00,2080,2040.63
XGBoost,4063,2006-10-30 14:00:00,2092,2153.41
XGBoost,4063,2006-10-30 15:00:00,2225,2332.3901
XGBoost,4063,2006-10-30 16:00:00,2307,2344.83
XGBoost,4063,2006-10-30 17:00:00,2503,2556.08
XGBoost,4063,2006-10-30 18:00:00,2188,2198.91
XGBoost,4063,2006-10-30 19:00:00,1558,1522.72
XGBoost,4063,2006-10-30 20:00:00,1097,1115.36
XGBoost,4063,2006-10-30 21:00:00,876,937.13
XGBoost,4063,2006-10-30 22:00:00,684,695.36
XGBoost,4063,2006-10-30 23:00:00,366,361.15
XGBoost,4063,2006-10-31 00:00:00,196,189.01001
XGBoost,4063,2006-10-31 01:00:00,103,102.93
XGBoost,4063,2006-10-31 02:00:00,67,73.48
XGBoost,4063,2006-10-31 03:00:00,65,57.739998
XGBoost,4063,2006-10-31 04:00:00,108,96.66
XGBoost,4063,2006-10-31 05:00:00,236,252.51
XGBoost,4063,2006-10-31 06:00:00,830,835.61005
XGBoost,4063,2006-10-31 07:00:00,2165,2160.6099
XGBoost,4063,2006-10-31 08:00:00,2472,2583.62
XGBoost,4063,2006-10-31 09:00:00,2090,2043.6901
XGBoost,4063,2006-10-31 10:00:00,1909,1971.26
XGBoost,4063,2006-10-31 11:00:00,1955,1987.14
XGBoost,4063,2006-10-31 12:00:00,1986,1986.7
XGBoost,4063,2006-10-31 13:00:00,1973,2015.26
XGBoost,4063,2006-10-31 14:00:00,2072,2123.19
XGBoost,4063,2006-10-31 15:00:00,2237,2317.42
XGBoost,4063,2006-10-31 16:00:00,2372,2392.0
XGBoost,4063,2006-10-31 17:00:00,2653,2589.81
XGBoost,4063,2006-10-31 18:00:00,2442,2355.46
XGBoost,4063,2006-10-31 19:00:00,1756,1737.84
XGBoost,4063,2006-10-31 20:00:00,1375,1295.43
XGBoost,4063,2006-10-31 21:00:00,1156,1143.54
XGBoost,4063,2006-10-31 22:00:00,804,832.8
XGBoost,4063,2006-10-31 23:00:00,377,406.99
XGBoost,4262,2006-10-29 00:00:00,507,359.75
XGBoost,4262,2006-10-29 01:00:00,371,469.91
XGBoost,4262,2006-10-29 02:00:00,309,263.77002
XGBoost,4262,2006-10-29 03:00:00,294,289.47
XGBoost,4262,2006-10-29 04:00:00,233,224.08
XGBoost,4262,2006-10-29 05:00:00,172,206.23001
XGBoost,4262,2006-10-29 06:00:00,144,186.76001
XGBoost,4262,2006-10-29 07:00:00,150,183.68
XGBoost,4262,2006-10-29 08:00:00,188,216.47
XGBoost,4262,2006-10-29 09:00:00,272,271.64
XGBoost,4262,2006-10-29 10:00:00,436,425.75
XGBoost,4262,2006-10-29 11:00:00,496,491.3
XGBoost,4262,2006-10-29 12:00:00,703,686.25
XGBoost,4262,2006-10-29 13:00:00,685,703.27997
XGBoost,4262,2006-10-29 14:00:00,689,641.38
XGBoost,4262,2006-10-29 15:00:00,779,759.16003
XGBoost,4262,2006-10-29 16:00:00,835,846.64
XGBoost,4262,2006-10-29 17:00:00,855,916.19
XGBoost,4262,2006-10-29 18:00:00,716,756.18
XGBoost,4262,2006-10-29 19:00:00,494,508.5
XGBoost,4262,2006-10-29 20:00:00,410,416.31
XGBoost,4262,2006-10-29 21:00:00,352,357.17
XGBoost,4262,2006-10-29 22:00:00,319,294.66
XGBoost,4262,2006-10-29 23:00:00,248,236.19
XGBoost,4262,2006-10-30 00:00:00,158,149.8
XGBoost,4262,2006-10-30 01:00:00,107,99.56
XGBoost,4262,2006-10-30 02:00:00,51,72.62
XGBoost,4262,2006-10-30 03:00:00,43,54.71
XGBoost,4262,2006-10-30 04:00:00,54,88.37
XGBoost,4262,2006-10-30 05:00:00,60,110.47
XGBoost,4262,2006-10-30 06:00:00,217,204.79001
XGBoost,4262,2006-10-30 07:00:00,495,525.55
XGBoost,4262,2006-10-30 08:00:00,687,774.57
XGBoost,4262,2006-10-30 09:00:00,551,528.38
XGBoost,4262,2006-10-30 10:00:00,571,506.54
XGBoost,4262,2006-10-30 11:00:00,590,556.77
XGBoost,4262,2006-10-30 12:00:00,627,636.77
XGBoost,4262,2006-10-30 13:00:00,695,678.5
XGBoost,4262,2006-10-30 14:00:00,762,729.63
XGBoost,4262,2006-10-30 15:00:00,891,933.4
XGBoost,4262,2006-10-30 16:00:00,1027,1010.69
XGBoost,4262,2006-10-30 17:00:00,1410,1296.4099
XGBoost,4262,2006-10-30 18:00:00,1236,1232.5701
XGBoost,4262,2006-10-30 19:00:00,713,714.31995
XGBoost,4262,2006-10-30 20:00:00,536,526.17
XGBoost,4262,2006-10-30 21:00:00,438,429.02
XGBoost,4262,2006-10-30 22:00:00,362,321.94
XGBoost,4262,2006-10-30 23:00:00,257,222.61
XGBoost,4262,2006-10-31 00:00:00,116,137.8
XGBoost,4262,2006-10-31 01:00:00,65,72.88
XGBoost,4262,2006-10-31 02:00:00,44,48.62
XGBoost,4262,2006-10-31 03:00:00,40,45.47
XGBoost,4262,2006-10-31 04:00:00,51,65.479996
XGBoost,4262,2006-10-31 05:00:00,78,94.53
XGBoost,4262,2006-10-31 06:00:00,211,221.97
XGBoost,4262,2006-10-31 07:00:00,523,567.25
XGBoost,4262,2006-10-31 08:00:00,757,834.32
XGBoost,4262,2006-10-31 09:00:00,576,589.37
XGBoost,4262,2006-10-31 10:00:00,562,571.95
XGBoost,4262,2006-10-31 11:00:00,611,573.07
XGBoost,4262,2006-10-31 12:00:00,678,679.65
XGBoost,4262,2006-10-31 13:00:00,687,700.48
XGBoost,4262,2006-10-31 14:00:00,737,739.39
XGBoost,4262,2006-10-31 15:00:00,908,926.07
XGBoost,4262,2006-10-31 16:00:00,992,1009.25
XGBoost,4262,2006-10-31 17:00:00,1383,1369.02
XGBoost,4262,2006-10-31 18:00:00,1271,1277.54
XGBoost,4262,2006-10-31 19:00:00,744,814.11
XGBoost,4262,2006-10-31 20:00:00,633,595.93
XGBoost,4262,2006-10-31 21:00:00,531,520.28
XGBoost,4262,2006-10-31 22:00:00,465,454.35
XGBoost,4262,2006-10-31 23:00:00,273,274.14
XGBoost,4263,2006-10-29 00:00:00,1092,743.82
XGBoost,4263,2006-10-29 01:00:00,690,739.83997
XGBoost,4263,2006-10-29 02:00:00,451,363.98
XGBoost,4263,2006-10-29 03:00:00,558,526.30005
XGBoost,4263,2006-10-29 04:00:00,446,451.41
XGBoost,4263,2006-10-29 05:00:00,334,351.59
XGBoost,4263,2006-10-29 06:00:00,453,487.34
XGBoost,4263,2006-10-29 07:00:00,585,723.47
XGBoost,4263,2006-10-29 08:00:00,877,908.33
XGBoost,4263,2006-10-29 09:00:00,1441,1481.09
XGBoost,4263,2006-10-29 10:00:00,1874,1866.08
XGBoost,4263,2006-10-29 11:00:00,2090,2064.79
XGBoost,4263,2006-10-29 12:00:00,2564,2409.86
XGBoost,4263,2006-10-29 13:00:00,2537,2546.38
XGBoost,4263,2006-10-29 14:00:00,2433,2428.15
XGBoost,4263,2006-10-29 15:00:00,2496,2527.87
XGBoost,4263,2006-10-29 16:00:00,2531,2514.17
XGBoost,4263,2006-10-29 17:00:00,2532,2540.92
XGBoost,4263,2006-10-29 18:00:00,2272,2266.6301
XGBoost,4263,2006-10-29 19:00:00,1596,1597.63
XGBoost,4263,2006-10-29 20:00:00,1327,1294.47
XGBoost,4263,2006-10-29 21:00:00,1131,1132.94
XGBoost,4263,2006-10-29 22:00:00,958,858.14
XGBoost,4263,2006-10-29 23:00:00,646,623.4
XGBoost,4263,2006-10-30 00:00:00,351,383.45
XGBoost,4263,2006-10-30 01:00:00,203,195.70999
XGBoost,4263,2006-10-30 02:00:00,121,130.39
XGBoost,4263,2006-10-30 03:00:00,100,103.55
XGBoost,4263,2006-10-30 04:00:00,143,170.12
XGBoost,4263,2006-10-30 05:00:00,356,351.15
XGBoost,4263,2006-10-30 06:00:00,1432,1334.3201
XGBoost,4263,2006-10-30 07:00:00,3343,3214.58
XGBoost,4263,2006-10-30 08:00:00,3709,3751.23
XGBoost,4263,2006-10-30 09:00:00,2871,2831.5698
XGBoost,4263,2006-10-30 10:00:00,2549,2386.3599
XGBoost,4263,2006-10-30 11:00:00,2493,2428.73
XGBoost,4263,2006-10-30 12:00:00,2594,2526.5
XGBoost,4263,2006-10-30 13:00:00,2688,2616.3198
XGBoost,4263,2006-10-30 14:00:00,2743,2710.57
XGBoost,4263,2006-10-30 15:00:00,3196,3115.3901
XGBoost,4263,2006-10-30 16:00:00,3196,3248.3901
XGBoost,4263,2006-10-30 17:00:00,3506,3464.97
XGBoost,4263,2006-10-30 18:00:00,3192,3137.61
XGBoost,4263,2006-10-30 19:00:00,2030,2070.8
XGBoost,4263,2006-10-30 20:00:00,1415,1458.74
XGBoost,4263,2006-10-30 21:00:00,1301,1270.1
XGBoost,4263,2006-10-30 22:00:00,966,996.41
XGBoost,4263,2006-10-30 23:00:00,544,595.3
XGBoost,4263,2006-10-31 00:00:00,292,315.92
XGBoost,4263,2006-10-31 01:00:00,144,146.28
XGBoost,4263,2006-10-31 02:00:00,103,103.81
XGBoost,4263,2006-10-31 03:00:00,99,86.92
XGBoost,4263,2006-10-31 04:00:00,150,156.97
XGBoost,4263,2006-10-31 05:00:00,398,385.34998
XGBoost,4263,2006-10-31 06:00:00,1496,1489.6799
XGBoost,4263,2006-10-31 07:00:00,3441,3420.27
XGBoost,4263,2006-10-31 08:00:00,3873,3794.04
XGBoost,4263,2006-10-31 09:00:00,3062,3059.91
XGBoost,4263,2006-10-31 10:00:00,2614,2611.75
XGBoost,4263,2006-10-31 11:00:00,2604,2600.72
XGBoost,4263,2006-10-31 12:00:00,2730,2658.76
XGBoost,4263,2006-10-31 13:00:00,2643,2703.54
XGBoost,4263,2006-10-31 14:00:00,2728,2761.47
XGBoost,4263,2006-10-31 15:00:00,3285,3225.89
XGBoost,4263,2006-10-31 16:00:00,3181,3305.6099
XGBoost,4263,2006-10-31 17:00:00,3449,3496.23
XGBoost,4263,2006-10-31 18:00:00,3344,3328.8
XGBoost,4263,2006-10-31 19:00:00,2391,2362.25
XGBoost,4263,2006-10-31 20:00:00,1789,1697.31
XGBoost,4263,2006-10-31 21:00:00,1487,1507.7
XGBoost,4263,2006-10-31 22:00:00,1221,1218.3301
XGBoost,4263,2006-10-31 23:00:00,685,706.63
XGBoost,4264,2006-10-27 12:00:00,1938,1994.57
XGBoost,4264,2006-10-27 13:00:00,1994,1992.94
XGBoost,4264,2006-10-27 14:00:00,1982,2018.78
XGBoost,4264,2006-10-27 15:00:00,2035,2152.51
XGBoost,4264,2006-10-27 16:00:00,2123,2108.33
XGBoost,4264,2006-10-27 17:00:00,2401,2372.76
XGBoost,4264,2006-10-27 18:00:00,2157,2194.97
XGBoost,4264,2006-10-27 19:00:00,1811,1730.36
XGBoost,4264,2006-10-27 20:00:00,1360,1392.28
XGBoost,4264,2006-10-27 21:00:00,1317,1319.8
XGBoost,4264,2006-10-27 22:00:00,1073,1112.1901
XGBoost,4264,2006-10-27 23:00:00,1100,978.88
XGBoost,4264,2006-10-28 00:00:00,854,821.34
XGBoost,4264,2006-10-28 01:00:00,680,618.69
XGBoost,4264,2006-10-28 02:00:00,460,485.04
XGBoost,4264,2006-10-28 03:00:00,367,359.84
XGBoost,4264,2006-10-28 04:00:00,241,252.82
XGBoost,4264,2006-10-28 05:00:00,258,282.62
XGBoost,4264,2006-10-28 06:00:00,501,489.78
XGBoost,4264,2006-10-28 07:00:00,797,824.78
XGBoost,4264,2006-10-28 08:00:00,1362,1343.32
XGBoost,4264,2006-10-28 09:00:00,1606,1681.93
XGBoost,4264,2006-10-28 10:00:00,1939,1927.55
XGBoost,4264,2006-10-28 11:00:00,2043,2105.1
XGBoost,4264,2006-10-28 12:00:00,2216,2185.99
XGBoost,4264,2006-10-28 13:00:00,2051,2179.72
XGBoost,4264,2006-10-28 14:00:00,1970,1944.14
XGBoost,4264,2006-10-28 15:00:00,2045,2014.4099
XGBoost,4264,2006-10-28 16:00:00,2029,2034.0
XGBoost,4264,2006-10-28 17:00:00,1929,2007.4299
XGBoost,4264,2006-10-28 18:00:00,1661,1655.6799
XGBoost,4264,2006-10-28 19:00:00,1487,1393.78
XGBoost,4264,2006-10-28 20:00:00,1242,1231.12
XGBoost,4264,2006-10-28 21:00:00,1196,1222.09
XGBoost,4264,2006-10-28 22:00:00,1089,1063.09
XGBoost,4264,2006-10-28 23:00:00,1084,1080.31
XGBoost,4264,2006-10-29 00:00:00,962,933.13
XGBoost,4264,2006-10-29 01:00:00,677,741.89
XGBoost,4264,2006-10-29 02:00:00,394,329.83002
XGBoost,4264,2006-10-29 03:00:00,608,627.14
XGBoost,4264,2006-10-29 04:00:00,515,577.91
XGBoost,4264,2006-10-29 05:00:00,408,379.39
XGBoost,4264,2006-10-29 06:00:00,420,417.57
XGBoost,4264,2006-10-29 07:00:00,440,432.1
XGBoost,4264,2006-10-29 08:00:00,635,635.67
XGBoost,4264,2006-10-29 09:00:00,1075,1048.73
XGBoost,4264,2006-10-29 10:00:00,1295,1350.06
XGBoost,4264,2006-10-29 11:00:00,1598,1543.22
XGBoost,4264,2006-10-29 12:00:00,1833,1891.95
XGBoost,4264,2006-10-29 13:00:00,1894,1902.86
XGBoost,4264,2006-10-29 14:00:00,1757,1819.73
XGBoost,4264,2006-10-29 15:00:00,1846,1861.22
XGBoost,4264,2006-10-29 16:00:00,1634,1744.56
XGBoost,4264,2006-10-29 17:00:00,1754,1719.53
XGBoost,4264,2006-10-29 18:00:00,1504,1437.3301
XGBoost,4264,2006-10-29 19:00:00,1118,1112.57
XGBoost,4264,2006-10-29 20:00:00,1054,980.14
XGBoost,4264,2006-10-29 21:00:00,917,920.75
XGBoost,4264,2006-10-29 22:00:00,697,691.81
XGBoost,4264,2006-10-29 23:00:00,515,513.65
XGBoost,4264,2006-10-30 00:00:00,264,295.98
XGBoost,4264,2006-10-30 01:00:00,162,151.57
XGBoost,4264,2006-10-30 02:00:00,113,119.04
XGBoost,4264,2006-10-30 03:00:00,89,102.42
XGBoost,4264,2006-10-30 04:00:00,127,160.22
XGBoost,4264,2006-10-30 05:00:00,280,336.44
XGBoost,4264,2006-10-30 06:00:00,958,970.85
XGBoost,4264,2006-10-30 07:00:00,2326,2350.54
XGBoost,4264,2006-10-30 08:00:00,2666,2743.69
XGBoost,4264,2006-10-30 09:00:00,1897,1907.0
XGBoost,4264,2006-10-30 10:00:00,1742,1656.4199
XGBoost,4264,2006-10-30 11:00:00,1765,1747.65
XGBoost,4264,2006-10-30 12:00:00,1900,1828.05
XGBoost,4264,2006-10-30 13:00:00,1921,1885.9
XGBoost,4264,2006-10-30 14:00:00,1939,1956.7
XGBoost,4264,2006-10-30 15:00:00,2023,2098.01
XGBoost,4264,2006-10-30 16:00:00,2172,2168.29
XGBoost,4264,2006-10-30 17:00:00,2385,2357.41
XGBoost,4264,2006-10-30 18:00:00,2120,2120.7002
XGBoost,4264,2006-10-30 19:00:00,1498,1433.52
XGBoost,4264,2006-10-30 20:00:00,1198,1169.37
XGBoost,4264,2006-10-30 21:00:00,1031,1022.61
XGBoost,4264,2006-10-30 22:00:00,719,756.75
XGBoost,4264,2006-10-30 23:00:00,455,439.61
XGBoost,4264,2006-10-31 00:00:00,268,255.14
XGBoost,4264,2006-10-31 01:00:00,133,134.79
XGBoost,4264,2006-10-31 02:00:00,102,102.01
XGBoost,4264,2006-10-31 03:00:00,96,87.07
XGBoost,4264,2006-10-31 04:00:00,148,146.24
XGBoost,4264,2006-10-31 05:00:00,326,351.29
XGBoost,4264,2006-10-31 06:00:00,1005,1045.5
XGBoost,4264,2006-10-31 07:00:00,2358,2363.1401
XGBoost,4264,2006-10-31 08:00:00,2782,2752.08
XGBoost,4264,2006-10-31 09:00:00,1966,1992.04
XGBoost,4264,2006-10-31 10:00:00,1823,1827.85
XGBoost,4264,2006-10-31 11:00:00,1853,1828.6699
XGBoost,4264,2006-10-31 12:00:00,1947,1932.69
XGBoost,4264,2006-10-31 13:00:00,1926,1946.0801
XGBoost,4264,2006-10-31 14:00:00,1903,1961.94
XGBoost,4264,2006-10-31 15:00:00,2020,2096.13
XGBoost,4264,2006-10-31 16:00:00,2107,2144.31
XGBoost,4264,2006-10-31 17:00:00,2353,2385.75
XGBoost,4264,2006-10-31 18:00:00,2150,2174.26
XGBoost,4264,2006-10-31 19:00:00,1744,1665.11
XGBoost,4264,2006-10-31 20:00:00,1457,1392.25
XGBoost,4264,2006-10-31 21:00:00,1263,1204.5901
XGBoost,4264,2006-10-31 22:00:00,1065,999.76
XGBoost,4264,2006-10-31 23:00:00,609,626.48
XGBoost,4266,2006-10-27 12:00:00,2797,2821.03
XGBoost,4266,2006-10-27 13:00:00,2828,2822.48
XGBoost,4266,2006-10-27 14:00:00,2862,2900.8901
XGBoost,4266,2006-10-27 15:00:00,3008,3109.94
XGBoost,4266,2006-10-27 16:00:00,3249,3223.31
XGBoost,4266,2006-10-27 17:00:00,3582,3611.47
XGBoost,4266,2006-10-27 18:00:00,3198,3204.26
XGBoost,4266,2006-10-27 19:00:00,2526,2469.55
XGBoost,4266,2006-10-27 20:00:00,1662,1761.77
XGBoost,4266,2006-10-27 21:00:00,1455,1559.24
XGBoost,4266,2006-10-27 22:00:00,1263,1246.62
XGBoost,4266,2006-10-27 23:00:00,1061,999.16
XGBoost,4266,2006-10-28 00:00:00,768,753.81
XGBoost,4266,2006-10-28 01:00:00,542,498.8
XGBoost,4266,2006-10-28 02:00:00,337,368.43
XGBoost,4266,2006-10-28 03:00:00,259,249.59
XGBoost,4266,2006-10-28 04:00:00,217,206.9
XGBoost,4266,2006-10-28 05:00:00,255,282.66
XGBoost,4266,2006-10-28 06:00:00,588,583.45996
XGBoost,4266,2006-10-28 07:00:00,1034,1047.71
XGBoost,4266,2006-10-28 08:00:00,1795,1728.01
XGBoost,4266,2006-10-28 09:00:00,2557,2513.08
XGBoost,4266,2006-10-28 10:00:00,2885,2837.63
XGBoost,4266,2006-10-28 11:00:00,2912,2975.1
XGBoost,4266,2006-10-28 12:00:00,2954,2952.93
XGBoost,4266,2006-10-28 13:00:00,2999,2929.98
XGBoost,4266,2006-10-28 14:00:00,2806,2845.17
XGBoost,4266,2006-10-28 15:00:00,2817,2820.69
XGBoost,4266,2006-10-28 16:00:00,2813,2803.3
XGBoost,4266,2006-10-28 17:00:00,2547,2689.07
XGBoost,4266,2006-10-28 18:00:00,2345,2362.63
XGBoost,4266,2006-10-28 19:00:00,1938,1949.63
XGBoost,4266,2006-10-28 20:00:00,1394,1440.72
XGBoost,4266,2006-10-28 21:00:00,1339,1318.3201
XGBoost,4266,2006-10-28 22:00:00,1268,1262.9
XGBoost,4266,2006-10-28 23:00:00,1170,1157.94
XGBoost,4266,2006-10-29 00:00:00,968,950.95996
XGBoost,4266,2006-10-29 01:00:00,495,635.63
XGBoost,4266,2006-10-29 02:00:00,130,136.92
XGBoost,4266,2006-10-29 03:00:00,485,478.8
XGBoost,4266,2006-10-29 04:00:00,396,516.16
XGBoost,4266,2006-10-29 05:00:00,344,326.65
XGBoost,4266,2006-10-29 06:00:00,388,391.73
XGBoost,4266,2006-10-29 07:00:00,510,520.18
XGBoost,4266,2006-10-29 08:00:00,803,738.34
XGBoost,4266,2006-10-29 09:00:00,1515,1498.3
XGBoost,4266,2006-10-29 10:00:00,1775,1905.85
XGBoost,4266,2006-10-29 11:00:00,2087,2131.27
XGBoost,4266,2006-10-29 12:00:00,2560,2459.3
XGBoost,4266,2006-10-29 13:00:00,2411,2528.3
XGBoost,4266,2006-10-29 14:00:00,2422,2364.46
XGBoost,4266,2006-10-29 15:00:00,2622,2525.98
XGBoost,4266,2006-10-29 16:00:00,2496,2543.0
XGBoost,4266,2006-10-29 17:00:00,2381,2421.63
XGBoost,4266,2006-10-29 18:00:00,2099,2057.53
XGBoost,4266,2006-10-29 19:00:00,1570,1497.52
XGBoost,4266,2006-10-29 20:00:00,1309,1295.54
XGBoost,4266,2006-10-29 21:00:00,1261,1230.19
XGBoost,4266,2006-10-29 22:00:00,917,919.35004
XGBoost,4266,2006-10-29 23:00:00,604,645.83
XGBoost,4266,2006-10-30 00:00:00,280,316.66
XGBoost,4266,2006-10-30 01:00:00,171,144.29
XGBoost,4266,2006-10-30 02:00:00,94,104.33
XGBoost,4266,2006-10-30 03:00:00,86,89.409996
XGBoost,4266,2006-10-30 04:00:00,150,157.86
XGBoost,4266,2006-10-30 05:00:00,344,374.62
XGBoost,4266,2006-10-30 06:00:00,1246,1200.52
XGBoost,4266,2006-10-30 07:00:00,3073,2973.82
XGBoost,4266,2006-10-30 08:00:00,3781,3724.3
XGBoost,4266,2006-10-30 09:00:00,2773,2647.1
XGBoost,4266,2006-10-30 10:00:00,2532,2371.21
XGBoost,4266,2006-10-30 11:00:00,2598,2503.58
XGBoost,4266,2006-10-30 12:00:00,2629,2610.28
XGBoost,4266,2006-10-30 13:00:00,2556,2491.67
XGBoost,4266,2006-10-30 14:00:00,2695,2664.18
XGBoost,4266,2006-10-30 15:00:00,2982,3007.92
XGBoost,4266,2006-10-30 16:00:00,3218,3178.08
XGBoost,4266,2006-10-30 17:00:00,3641,3537.48
XGBoost,4266,2006-10-30 18:00:00,3201,3097.6401
XGBoost,4266,2006-10-30 19:00:00,2132,2166.24
XGBoost,4266,2006-10-30 20:00:00,1431,1455.35
XGBoost,4266,2006-10-30 21:00:00,1250,1276.5
XGBoost,4266,2006-10-30 22:00:00,924,986.58997
XGBoost,4266,2006-10-30 23:00:00,488,533.48
XGBoost,4266,2006-10-31 00:00:00,268,278.24
XGBoost,4266,2006-10-31 01:00:00,119,127.17
XGBoost,4266,2006-10-31 02:00:00,101,91.74
XGBoost,4266,2006-10-31 03:00:00,88,93.0
XGBoost,4266,2006-10-31 04:00:00,141,146.44
XGBoost,4266,2006-10-31 05:00:00,375,365.65
XGBoost,4266,2006-10-31 06:00:00,1318,1334.88
XGBoost,4266,2006-10-31 07:00:00,3209,3103.08
XGBoost,4266,2006-10-31 08:00:00,3890,3850.78
XGBoost,4266,2006-10-31 09:00:00,2866,2929.23
XGBoost,4266,2006-10-31 10:00:00,2646,2595.1
XGBoost,4266,2006-10-31 11:00:00,2619,2643.1401
XGBoost,4266,2006-10-31 12:00:00,2731,2692.96
XGBoost,4266,2006-10-31 13:00:00,2802,2691.2798
XGBoost,4266,2006-10-31 14:00:00,2801,2812.71
XGBoost,4266,2006-10-31 15:00:00,2974,3046.05
XGBoost,4266,2006-10-31 16:00:00,3209,3206.35
XGBoost,4266,2006-10-31 17:00:00,3667,3666.77
XGBoost,4266,2006-10-31 18:00:00,3405,3389.27
XGBoost,4266,2006-10-31 19:00:00,2384,2340.43
XGBoost,4266,2006-10-31 20:00:00,1663,1663.4
XGBoost,4266,2006-10-31 21:00:00,1385,1422.47
XGBoost,4266,2006-10-31 22:00:00,1164,1144.89
XGBoost,4266,2006-10-31 23:00:00,621,634.93
XGBoost,4270,2006-10-27 12:00:00,2246,2254.43
XGBoost,4270,2006-10-27 13:00:00,2264,2238.47
XGBoost,4270,2006-10-27 14:00:00,2270,2294.79
XGBoost,4270,2006-10-27 15:00:00,2392,2496.3
XGBoost,4270,2006-10-27 16:00:00,2615,2604.49
XGBoost,4270,2006-10-27 17:00:00,2934,2898.34
XGBoost,4270,2006-10-27 18:00:00,2644,2744.4
XGBoost,4270,2006-10-27 19:00:00,2115,2110.82
XGBoost,4270,2006-10-27 20:00:00,1521,1569.63
XGBoost,4270,2006-10-27 21:00:00,1236,1364.41
XGBoost,4270,2006-10-27 22:00:00,1235,1192.74
XGBoost,4270,2006-10-27 23:00:00,1147,1084.98
XGBoost,4270,2006-10-28 00:00:00,871,823.74
XGBoost,4270,2006-10-28 01:00:00,476,492.55
XGBoost,4270,2006-10-28 02:00:00,351,354.56
XGBoost,4270,2006-10-28 03:00:00,255,254.74
XGBoost,4270,2006-10-28 04:00:00,202,195.58
XGBoost,4270,2006-10-28 05:00:00,286,303.3
XGBoost,4270,2006-10-28 06:00:00,677,648.27
XGBoost,4270,2006-10-28 07:00:00,916,1011.99
XGBoost,4270,2006-10-28 08:00:00,1575,1533.52
XGBoost,4270,2006-10-28 09:00:00,1947,2023.81
XGBoost,4270,2006-10-28 10:00:00,2197,2232.29
XGBoost,4270,2006-10-28 11:00:00,2440,2409.1401
XGBoost,4270,2006-10-28 12:00:00,2475,2520.22
XGBoost,4270,2006-10-28 13:00:00,2384,2419.01
XGBoost,4270,2006-10-28 14:00:00,2306,2341.48
XGBoost,4270,2006-10-28 15:00:00,2213,2292.46
XGBoost,4270,2006-10-28 16:00:00,2193,2254.65
XGBoost,4270,2006-10-28 17:00:00,2256,2282.0898
XGBoost,4270,2006-10-28 18:00:00,2107,2124.13
XGBoost,4270,2006-10-28 19:00:00,1840,1711.86
XGBoost,4270,2006-10-28 20:00:00,1362,1411.0
XGBoost,4270,2006-10-28 21:00:00,1184,1172.3201
XGBoost,4270,2006-10-28 22:00:00,1200,1179.14
XGBoost,4270,2006-10-28 23:00:00,1320,1234.37
XGBoost,4270,2006-10-29 00:00:00,1087,1069.8099
XGBoost,4270,2006-10-29 01:00:00,574,699.85
XGBoost,4270,2006-10-29 02:00:00,237,197.3
XGBoost,4270,2006-10-29 03:00:00,459,463.03
XGBoost,4270,2006-10-29 04:00:00,359,499.0
XGBoost,4270,2006-10-29 05:00:00,339,324.09
XGBoost,4270,2006-10-29 06:00:00,417,422.46
XGBoost,4270,2006-10-29 07:00:00,457,473.67
XGBoost,4270,2006-10-29 08:00:00,744,714.39
XGBoost,4270,2006-10-29 09:00:00,1170,1200.3201
XGBoost,4270,2006-10-29 10:00:00,1522,1543.73
XGBoost,4270,2006-10-29 11:00:00,1834,1874.45
XGBoost,4270,2006-10-29 12:00:00,2117,2097.06
XGBoost,4270,2006-10-29 13:00:00,2061,2102.7
XGBoost,4270,2006-10-29 14:00:00,1983,2041.8201
XGBoost,4270,2006-10-29 15:00:00,2028,2006.0701
XGBoost,4270,2006-10-29 16:00:00,2122,2064.8398
XGBoost,4270,2006-10-29 17:00:00,2140,2160.37
XGBoost,4270,2006-10-29 18:00:00,1920,1813.92
XGBoost,4270,2006-10-29 19:00:00,1448,1422.5
XGBoost,4270,2006-10-29 20:00:00,1220,1162.71
XGBoost,4270,2006-10-29 21:00:00,1069,1091.06
XGBoost,4270,2006-10-29 22:00:00,820,842.33
XGBoost,4270,2006-10-29 23:00:00,553,556.14
XGBoost,4270,2006-10-30 00:00:00,304,326.32
XGBoost,4270,2006-10-30 01:00:00,194,173.77
XGBoost,4270,2006-10-30 02:00:00,120,121.520004
XGBoost,4270,2006-10-30 03:00:00,122,124.64
XGBoost,4270,2006-10-30 04:00:00,161,178.92
XGBoost,4270,2006-10-30 05:00:00,378,364.63
XGBoost,4270,2006-10-30 06:00:00,1200,1325.71
XGBoost,4270,2006-10-30 07:00:00,2404,2494.1099
XGBoost,4270,2006-10-30 08:00:00,2785,2716.94
XGBoost,4270,2006-10-30 09:00:00,2204,2119.0698
XGBoost,4270,2006-10-30 10:00:00,1922,1859.72
XGBoost,4270,2006-10-30 11:00:00,2007,1941.14
XGBoost,4270,2006-10-30 12:00:00,1955,1998.04
XGBoost,4270,2006-10-30 13:00:00,2100,1982.43
XGBoost,4270,2006-10-30 14:00:00,2114,2182.74
XGBoost,4270,2006-10-30 15:00:00,2299,2360.19
XGBoost,4270,2006-10-30 16:00:00,2496,2539.3
XGBoost,4270,2006-10-30 17:00:00,2770,2774.49
XGBoost,4270,2006-10-30 18:00:00,2541,2478.93
XGBoost,4270,2006-10-30 19:00:00,1830,1806.44
XGBoost,4270,2006-10-30 20:00:00,1369,1358.39
XGBoost,4270,2006-10-30 21:00:00,1171,1166.48
XGBoost,4270,2006-10-30 22:00:00,898,920.97003
XGBoost,4270,2006-10-30 23:00:00,577,557.06
XGBoost,4270,2006-10-31 00:00:00,303,310.48
XGBoost,4270,2006-10-31 01:00:00,161,157.26
XGBoost,4270,2006-10-31 02:00:00,120,123.34
XGBoost,4270,2006-10-31 03:00:00,115,104.66
XGBoost,4270,2006-10-31 04:00:00,134,134.57
XGBoost,4270,2006-10-31 05:00:00,443,404.78
XGBoost,4270,2006-10-31 06:00:00,1250,1318.64
XGBoost,4270,2006-10-31 07:00:00,2384,2476.28
XGBoost,4270,2006-10-31 08:00:00,2837,2760.29
XGBoost,4270,2006-10-31 09:00:00,2298,2234.99
XGBoost,4270,2006-10-31 10:00:00,2049,2050.6
XGBoost,4270,2006-10-31 11:00:00,2103,2078.3901
XGBoost,4270,2006-10-31 12:00:00,2164,2090.46
XGBoost,4270,2006-10-31 13:00:00,2153,2143.73
XGBoost,4270,2006-10-31 14:00:00,2197,2253.08
XGBoost,4270,2006-10-31 15:00:00,2343,2396.84
XGBoost,4270,2006-10-31 16:00:00,2563,2562.1602
XGBoost,4270,2006-10-31 17:00:00,2895,2854.63
XGBoost,4270,2006-10-31 18:00:00,2854,2702.6
XGBoost,4270,2006-10-31 19:00:00,2089,2080.1
XGBoost,4270,2006-10-31 20:00:00,1551,1552.44
XGBoost,4270,2006-10-31 21:00:00,1451,1397.1699
XGBoost,4270,2006-10-31 22:00:00,1176,1153.73
XGBoost,4270,2006-10-31 23:00:00,655,687.74
XGBoost,4272,2006-10-27 12:00:00,1598,1546.45
XGBoost,4272,2006-10-27 13:00:00,1493,1553.92
XGBoost,4272,2006-10-27 14:00:00,1515,1542.22
XGBoost,4272,2006-10-27 15:00:00,1693,1746.4299
XGBoost,4272,2006-10-27 16:00:00,1963,1967.12
XGBoost,4272,2006-10-27 17:00:00,2122,2186.04
XGBoost,4272,2006-10-27 18:00:00,1789,1776.79
XGBoost,4272,2006-10-27 19:00:00,1284,1317.24
XGBoost,4272,2006-10-27 20:00:00,869,905.08
XGBoost,4272,2006-10-27 21:00:00,711,782.06
XGBoost,4272,2006-10-27 22:00:00,675,660.23
XGBoost,4272,2006-10-27 23:00:00,609,578.32
XGBoost,4272,2006-10-28 00:00:00,439,426.55
XGBoost,4272,2006-10-28 01:00:00,254,266.97
XGBoost,4272,2006-10-28 02:00:00,177,171.5
XGBoost,4272,2006-10-28 03:00:00,128,123.6
XGBoost,4272,2006-10-28 04:00:00,102,108.59
XGBoost,4272,2006-10-28 05:00:00,143,151.36
XGBoost,4272,2006-10-28 06:00:00,321,338.21002
XGBoost,4272,2006-10-28 07:00:00,571,588.45
XGBoost,4272,2006-10-28 08:00:00,1024,1040.64
XGBoost,4272,2006-10-28 09:00:00,1285,1331.12
XGBoost,4272,2006-10-28 10:00:00,1589,1552.14
XGBoost,4272,2006-10-28 11:00:00,1774,1697.23
XGBoost,4272,2006-10-28 12:00:00,1689,1734.1699
XGBoost,4272,2006-10-28 13:00:00,1678,1662.06
XGBoost,4272,2006-10-28 14:00:00,1619,1569.13
XGBoost,4272,2006-10-28 15:00:00,1510,1517.9199
XGBoost,4272,2006-10-28 16:00:00,1525,1562.45
XGBoost,4272,2006-10-28 17:00:00,1472,1494.37
XGBoost,4272,2006-10-28 18:00:00,1332,1333.79
XGBoost,4272,2006-10-28 19:00:00,1179,1091.39
XGBoost,4272,2006-10-28 20:00:00,804,857.55
XGBoost,4272,2006-10-28 21:00:00,726,702.92004
XGBoost,4272,2006-10-28 22:00:00,670,658.56
XGBoost,4272,2006-10-28 23:00:00,661,658.57996
XGBoost,4272,2006-10-29 00:00:00,556,538.3
XGBoost,4272,2006-10-29 01:00:00,299,371.47
XGBoost,4272,2006-10-29 02:00:00,69,102.95
XGBoost,4272,2006-10-29 03:00:00,213,185.01
XGBoost,4272,2006-10-29 04:00:00,177,185.44
XGBoost,4272,2006-10-29 05:00:00,169,181.5
XGBoost,4272,2006-10-29 06:00:00,234,254.0
XGBoost,4272,2006-10-29 07:00:00,315,311.61
XGBoost,4272,2006-10-29 08:00:00,517,484.23
XGBoost,4272,2006-10-29 09:00:00,796,808.5
XGBoost,4272,2006-10-29 10:00:00,969,1051.4299
XGBoost,4272,2006-10-29 11:00:00,1154,1189.87
XGBoost,4272,2006-10-29 12:00:00,1366,1361.45
XGBoost,4272,2006-10-29 13:00:00,1347,1354.73
XGBoost,4272,2006-10-29 14:00:00,1274,1323.04
XGBoost,4272,2006-10-29 15:00:00,1295,1264.1799
XGBoost,4272,2006-10-29 16:00:00,1300,1330.91
XGBoost,4272,2006-10-29 17:00:00,1237,1248.63
XGBoost,4272,2006-10-29 18:00:00,1083,1082.48
XGBoost,4272,2006-10-29 19:00:00,833,825.31
XGBoost,4272,2006-10-29 20:00:00,698,689.93
XGBoost,4272,2006-10-29 21:00:00,634,645.85
XGBoost,4272,2006-10-29 22:00:00,454,453.24
XGBoost,4272,2006-10-29 23:00:00,286,285.98
XGBoost,4272,2006-10-30 00:00:00,183,174.15
XGBoost,4272,2006-10-30 01:00:00,113,104.45
XGBoost,4272,2006-10-30 02:00:00,69,66.35
XGBoost,4272,2006-10-30 03:00:00,71,73.43
XGBoost,4272,2006-10-30 04:00:00,96,113.39
XGBoost,4272,2006-10-30 05:00:00,179,171.94
XGBoost,4272,2006-10-30 06:00:00,699,720.91
XGBoost,4272,2006-10-30 07:00:00,1702,1719.0801
XGBoost,4272,2006-10-30 08:00:00,2251,2221.55
XGBoost,4272,2006-10-30 09:00:00,1576,1615.02
XGBoost,4272,2006-10-30 10:00:00,1321,1239.08
XGBoost,4272,2006-10-30 11:00:00,1354,1339.38
XGBoost,4272,2006-10-30 12:00:00,1479,1406.39
XGBoost,4272,2006-10-30 13:00:00,1412,1406.36
XGBoost,4272,2006-10-30 14:00:00,1439,1429.98
XGBoost,4272,2006-10-30 15:00:00,1705,1711.72
XGBoost,4272,2006-10-30 16:00:00,1883,1878.59
XGBoost,4272,2006-10-30 17:00:00,2018,2035.3501
XGBoost,4272,2006-10-30 18:00:00,1763,1742.4
XGBoost,4272,2006-10-30 19:00:00,1162,1157.36
XGBoost,4272,2006-10-30 20:00:00,761,779.84
XGBoost,4272,2006-10-30 21:00:00,635,671.28
XGBoost,4272,2006-10-30 22:00:00,505,492.88
XGBoost,4272,2006-10-30 23:00:00,300,287.83002
XGBoost,4272,2006-10-31 00:00:00,154,158.15001
XGBoost,4272,2006-10-31 01:00:00,60,77.54
XGBoost,4272,2006-10-31 02:00:00,56,48.9
XGBoost,4272,2006-10-31 03:00:00,60,58.89
XGBoost,4272,2006-10-31 04:00:00,67,76.29
XGBoost,4272,2006-10-31 05:00:00,230,209.82
XGBoost,4272,2006-10-31 06:00:00,743,813.25
XGBoost,4272,2006-10-31 07:00:00,1729,1750.8301
XGBoost,4272,2006-10-31 08:00:00,2231,2259.74
XGBoost,4272,2006-10-31 09:00:00,1704,1681.49
XGBoost,4272,2006-10-31 10:00:00,1450,1442.23
XGBoost,4272,2006-10-31 11:00:00,1441,1404.38
XGBoost,4272,2006-10-31 12:00:00,1527,1521.25
XGBoost,4272,2006-10-31 13:00:00,1519,1486.56
XGBoost,4272,2006-10-31 14:00:00,1549,1554.02
XGBoost,4272,2006-10-31 15:00:00,1715,1761.1699
XGBoost,4272,2006-10-31 16:00:00,1966,1950.53
XGBoost,4272,2006-10-31 17:00:00,2162,2094.38
XGBoost,4272,2006-10-31 18:00:00,1915,1908.43
XGBoost,4272,2006-10-31 19:00:00,1275,1294.76
XGBoost,4272,2006-10-31 20:00:00,895,913.16003
XGBoost,4272,2006-10-31 21:00:00,804,762.25
XGBoost,4272,2006-10-31 22:00:00,592,606.38
XGBoost,4272,2006-10-31 23:00:00,320,322.63998
XGBoost,4273,2006-10-27 12:00:00,1370,1346.54
XGBoost,4273,2006-10-27 13:00:00,1353,1278.39
XGBoost,4273,2006-10-27 14:00:00,1303,1350.97
XGBoost,4273,2006-10-27 15:00:00,1436,1495.28
XGBoost,4273,2006-10-27 16:00:00,1763,1709.74
XGBoost,4273,2006-10-27 17:00:00,1973,2003.38
XGBoost,4273,2006-10-27 18:00:00,1419,1481.26
XGBoost,4273,2006-10-27 19:00:00,995,991.89
XGBoost,4273,2006-10-27 20:00:00,586,638.29004
XGBoost,4273,2006-10-27 21:00:00,517,536.96
XGBoost,4273,2006-10-27 22:00:00,501,491.26
XGBoost,4273,2006-10-27 23:00:00,392,359.89
XGBoost,4273,2006-10-28 00:00:00,225,249.91
XGBoost,4273,2006-10-28 01:00:00,148,152.95
XGBoost,4273,2006-10-28 02:00:00,114,92.840004
XGBoost,4273,2006-10-28 03:00:00,79,74.93
XGBoost,4273,2006-10-28 04:00:00,94,95.45
XGBoost,4273,2006-10-28 05:00:00,189,195.67
XGBoost,4273,2006-10-28 06:00:00,389,444.26
XGBoost,4273,2006-10-28 07:00:00,532,589.56
XGBoost,4273,2006-10-28 08:00:00,859,912.99
XGBoost,4273,2006-10-28 09:00:00,1133,1206.13
XGBoost,4273,2006-10-28 10:00:00,1201,1205.03
XGBoost,4273,2006-10-28 11:00:00,1304,1324.16
XGBoost,4273,2006-10-28 12:00:00,1333,1378.6699
XGBoost,4273,2006-10-28 13:00:00,1231,1295.1799
XGBoost,4273,2006-10-28 14:00:00,1112,1158.62
XGBoost,4273,2006-10-28 15:00:00,1023,1130.77
XGBoost,4273,2006-10-28 16:00:00,1097,1169.9199
XGBoost,4273,2006-10-28 17:00:00,1075,1136.52
XGBoost,4273,2006-10-28 18:00:00,1089,1065.1499
XGBoost,4273,2006-10-28 19:00:00,900,892.3
XGBoost,4273,2006-10-28 20:00:00,624,591.62
XGBoost,4273,2006-10-28 21:00:00,526,509.62
XGBoost,4273,2006-10-28 22:00:00,533,538.16003
XGBoost,4273,2006-10-28 23:00:00,483,488.83002
XGBoost,4273,2006-10-29 00:00:00,344,335.75
XGBoost,4273,2006-10-29 01:00:00,177,215.73
XGBoost,4273,2006-10-29 02:00:00,41,74.66
XGBoost,4273,2006-10-29 03:00:00,157,115.26
XGBoost,4273,2006-10-29 04:00:00,137,139.45
XGBoost,4273,2006-10-29 05:00:00,124,175.91
XGBoost,4273,2006-10-29 06:00:00,225,221.44
XGBoost,4273,2006-10-29 07:00:00,284,289.65
XGBoost,4273,2006-10-29 08:00:00,463,444.72
XGBoost,4273,2006-10-29 09:00:00,670,686.56
XGBoost,4273,2006-10-29 10:00:00,840,890.53
XGBoost,4273,2006-10-29 11:00:00,773,889.31
XGBoost,4273,2006-10-29 12:00:00,1151,1077.14
XGBoost,4273,2006-10-29 13:00:00,1085,1121.88
XGBoost,4273,2006-10-29 14:00:00,980,986.7
XGBoost,4273,2006-10-29 15:00:00,904,877.07
XGBoost,4273,2006-10-29 16:00:00,982,943.91
XGBoost,4273,2006-10-29 17:00:00,1075,986.2
XGBoost,4273,2006-10-29 18:00:00,925,899.94
XGBoost,4273,2006-10-29 19:00:00,665,669.52997
XGBoost,4273,2006-10-29 20:00:00,540,566.38
XGBoost,4273,2006-10-29 21:00:00,494,479.3
XGBoost,4273,2006-10-29 22:00:00,390,384.89
XGBoost,4273,2006-10-29 23:00:00,179,225.87
XGBoost,4273,2006-10-30 00:00:00,116,111.59
XGBoost,4273,2006-10-30 01:00:00,64,65.81
XGBoost,4273,2006-10-30 02:00:00,37,43.69
XGBoost,4273,2006-10-30 03:00:00,46,48.02
XGBoost,4273,2006-10-30 04:00:00,86,85.68
XGBoost,4273,2006-10-30 05:00:00,326,282.86
XGBoost,4273,2006-10-30 06:00:00,990,1056.21
XGBoost,4273,2006-10-30 07:00:00,2074,2103.55
XGBoost,4273,2006-10-30 08:00:00,2289,2245.75
XGBoost,4273,2006-10-30 09:00:00,1695,1687.74
XGBoost,4273,2006-10-30 10:00:00,1129,1160.5701
XGBoost,4273,2006-10-30 11:00:00,1168,1086.51
XGBoost,4273,2006-10-30 12:00:00,1183,1212.11
XGBoost,4273,2006-10-30 13:00:00,1246,1186.36
XGBoost,4273,2006-10-30 14:00:00,1122,1156.01
XGBoost,4273,2006-10-30 15:00:00,1338,1287.9
XGBoost,4273,2006-10-30 16:00:00,1686,1644.96
XGBoost,4273,2006-10-30 17:00:00,1869,1832.6101
XGBoost,4273,2006-10-30 18:00:00,1495,1524.51
XGBoost,4273,2006-10-30 19:00:00,852,896.39
XGBoost,4273,2006-10-30 20:00:00,570,589.70996
XGBoost,4273,2006-10-30 21:00:00,447,466.47
XGBoost,4273,2006-10-30 22:00:00,338,360.71
XGBoost,4273,2006-10-30 23:00:00,145,174.75
XGBoost,4273,2006-10-31 00:00:00,91,88.6
XGBoost,4273,2006-10-31 01:00:00,48,59.059998
XGBoost,4273,2006-10-31 02:00:00,45,39.17
XGBoost,4273,2006-10-31 03:00:00,41,43.18
XGBoost,4273,2006-10-31 04:00:00,62,65.7
XGBoost,4273,2006-10-31 05:00:00,319,309.83002
XGBoost,4273,2006-10-31 06:00:00,1129,1121.1001
XGBoost,4273,2006-10-31 07:00:00,2009,2149.3801
XGBoost,4273,2006-10-31 08:00:00,2127,2199.23
XGBoost,4273,2006-10-31 09:00:00,1768,1770.44
XGBoost,4273,2006-10-31 10:00:00,1311,1324.24
XGBoost,4273,2006-10-31 11:00:00,1189,1223.73
XGBoost,4273,2006-10-31 12:00:00,1204,1235.17
XGBoost,4273,2006-10-31 13:00:00,1206,1238.94
XGBoost,4273,2006-10-31 14:00:00,1082,1186.82
XGBoost,4273,2006-10-31 15:00:00,1242,1259.19
XGBoost,4273,2006-10-31 16:00:00,1448,1589.61
XGBoost,4273,2006-10-31 17:00:00,1625,1713.73
XGBoost,4273,2006-10-31 18:00:00,1486,1501.48
XGBoost,4273,2006-10-31 19:00:00,911,994.43
XGBoost,4273,2006-10-31 20:00:00,617,637.07
XGBoost,4273,2006-10-31 21:00:00,578,532.74
XGBoost,4273,2006-10-31 22:00:00,443,446.26
XGBoost,4273,2006-10-31 23:00:00,214,223.83
XGBoost,4321,2006-10-27 12:00:00,1653,1586.02
XGBoost,4321,2006-10-27 13:00:00,1587,1582.74
XGBoost,4321,2006-10-27 14:00:00,1607,1591.01
XGBoost,4321,2006-10-27 15:00:00,2192,2085.81
XGBoost,4321,2006-10-27 16:00:00,2034,2123.01
XGBoost,4321,2006-10-27 17:00:00,2263,2300.1
XGBoost,4321,2006-10-27 18:00:00,2047,2126.94
XGBoost,4321,2006-10-27 19:00:00,1495,1503.21
XGBoost,4321,2006-10-27 20:00:00,935,998.56
XGBoost,4321,2006-10-27 21:00:00,787,797.98
XGBoost,4321,2006-10-27 22:00:00,640,671.4
XGBoost,4321,2006-10-27 23:00:00,580,544.79004
XGBoost,4321,2006-10-28 00:00:00,344,354.83002
XGBoost,4321,2006-10-28 01:00:00,220,227.78
XGBoost,4321,2006-10-28 02:00:00,171,149.2
XGBoost,4321,2006-10-28 03:00:00,158,142.39
XGBoost,4321,2006-10-28 04:00:00,121,123.49
XGBoost,4321,2006-10-28 05:00:00,129,158.41
XGBoost,4321,2006-10-28 06:00:00,345,373.79
XGBoost,4321,2006-10-28 07:00:00,611,603.44
XGBoost,4321,2006-10-28 08:00:00,1064,1074.78
XGBoost,4321,2006-10-28 09:00:00,1562,1485.09
XGBoost,4321,2006-10-28 10:00:00,1822,1769.23
XGBoost,4321,2006-10-28 11:00:00,1972,1912.1
XGBoost,4321,2006-10-28 12:00:00,2042,1987.93
XGBoost,4321,2006-10-28 13:00:00,1759,1777.6799
XGBoost,4321,2006-10-28 14:00:00,1713,1729.99
XGBoost,4321,2006-10-28 15:00:00,1642,1665.67
XGBoost,4321,2006-10-28 16:00:00,1566,1601.19
XGBoost,4321,2006-10-28 17:00:00,1587,1637.65
XGBoost,4321,2006-10-28 18:00:00,1547,1540.23
XGBoost,4321,2006-10-28 19:00:00,1169,1184.13
XGBoost,4321,2006-10-28 20:00:00,790,839.03
XGBoost,4321,2006-10-28 21:00:00,678,708.95
XGBoost,4321,2006-10-28 22:00:00,674,661.70996
XGBoost,4321,2006-10-28 23:00:00,611,621.72
XGBoost,4321,2006-10-29 00:00:00,467,461.69
XGBoost,4321,2006-10-29 01:00:00,236,300.55
XGBoost,4321,2006-10-29 02:00:00,59,94.51
XGBoost,4321,2006-10-29 03:00:00,197,174.56
XGBoost,4321,2006-10-29 04:00:00,153,166.8
XGBoost,4321,2006-10-29 05:00:00,129,151.4
XGBoost,4321,2006-10-29 06:00:00,195,217.03
XGBoost,4321,2006-10-29 07:00:00,287,284.97998
XGBoost,4321,2006-10-29 08:00:00,467,440.08002
XGBoost,4321,2006-10-29 09:00:00,819,826.22
XGBoost,4321,2006-10-29 10:00:00,992,1080.5499
XGBoost,4321,2006-10-29 11:00:00,1254,1300.9
XGBoost,4321,2006-10-29 12:00:00,1370,1425.64
XGBoost,4321,2006-10-29 13:00:00,1459,1439.5499
XGBoost,4321,2006-10-29 14:00:00,1413,1434.03
XGBoost,4321,2006-10-29 15:00:00,1363,1366.79
XGBoost,4321,2006-10-29 16:00:00,1456,1414.84
XGBoost,4321,2006-10-29 17:00:00,1500,1472.27
XGBoost,4321,2006-10-29 18:00:00,1331,1279.4299
XGBoost,4321,2006-10-29 19:00:00,969,966.45
XGBoost,4321,2006-10-29 20:00:00,747,731.19
XGBoost,4321,2006-10-29 21:00:00,633,663.79
XGBoost,4321,2006-10-29 22:00:00,458,455.54
XGBoost,4321,2006-10-29 23:00:00,282,284.21
XGBoost,4321,2006-10-30 00:00:00,170,166.68001
XGBoost,4321,2006-10-30 01:00:00,111,104.1
XGBoost,4321,2006-10-30 02:00:00,44,54.28
XGBoost,4321,2006-10-30 03:00:00,51,50.53
XGBoost,4321,2006-10-30 04:00:00,67,88.65
XGBoost,4321,2006-10-30 05:00:00,188,171.37
XGBoost,4321,2006-10-30 06:00:00,758,656.43
XGBoost,4321,2006-10-30 07:00:00,2160,2117.8398
XGBoost,4321,2006-10-30 08:00:00,2612,2671.41
XGBoost,4321,2006-10-30 09:00:00,1664,1660.37
XGBoost,4321,2006-10-30 10:00:00,1351,1327.59
XGBoost,4321,2006-10-30 11:00:00,1447,1395.02
XGBoost,4321,2006-10-30 12:00:00,1440,1443.88
XGBoost,4321,2006-10-30 13:00:00,1468,1427.5
XGBoost,4321,2006-10-30 14:00:00,1558,1574.39
XGBoost,4321,2006-10-30 15:00:00,2091,1994.94
XGBoost,4321,2006-10-30 16:00:00,1940,2072.0
XGBoost,4321,2006-10-30 17:00:00,2220,2119.27
XGBoost,4321,2006-10-30 18:00:00,1921,1936.21
XGBoost,4321,2006-10-30 19:00:00,1212,1205.54
XGBoost,4321,2006-10-30 20:00:00,948,905.36
XGBoost,4321,2006-10-30 21:00:00,636,707.39
XGBoost,4321,2006-10-30 22:00:00,522,495.29
XGBoost,4321,2006-10-30 23:00:00,261,272.47
XGBoost,4321,2006-10-31 00:00:00,147,150.33
XGBoost,4321,2006-10-31 01:00:00,60,76.23
XGBoost,4321,2006-10-31 02:00:00,44,45.87
XGBoost,4321,2006-10-31 03:00:00,44,47.87
XGBoost,4321,2006-10-31 04:00:00,59,66.55
XGBoost,4321,2006-10-31 05:00:00,237,208.04
XGBoost,4321,2006-10-31 06:00:00,842,842.1
XGBoost,4321,2006-10-31 07:00:00,2352,2272.51
XGBoost,4321,2006-10-31 08:00:00,2551,2684.73
XGBoost,4321,2006-10-31 09:00:00,1761,1821.34
XGBoost,4321,2006-10-31 10:00:00,1445,1442.51
XGBoost,4321,2006-10-31 11:00:00,1406,1443.47
XGBoost,4321,2006-10-31 12:00:00,1575,1514.79
XGBoost,4321,2006-10-31 13:00:00,1537,1522.35
XGBoost,4321,2006-10-31 14:00:00,1479,1567.28
XGBoost,4321,2006-10-31 15:00:00,2077,2035.51
XGBoost,4321,2006-10-31 16:00:00,2006,2107.73
XGBoost,4321,2006-10-31 17:00:00,2230,2241.99
XGBoost,4321,2006-10-31 18:00:00,1987,2006.6
XGBoost,4321,2006-10-31 19:00:00,1374,1383.58
XGBoost,4321,2006-10-31 20:00:00,921,972.73
XGBoost,4321,2006-10-31 21:00:00,779,775.6
XGBoost,4321,2006-10-31 22:00:00,573,569.97
XGBoost,4321,2006-10-31 23:00:00,330,315.85
XGBoost,4324,2006-10-27 12:00:00,1431,1400.24
XGBoost,4324,2006-10-27 13:00:00,1323,1356.96
XGBoost,4324,2006-10-27 14:00:00,1369,1358.16
XGBoost,4324,2006-10-27 15:00:00,1591,1580.58
XGBoost,4324,2006-10-27 16:00:00,1635,1618.12
XGBoost,4324,2006-10-27 17:00:00,1788,1816.3
XGBoost,4324,2006-10-27 18:00:00,1586,1634.36
XGBoost,4324,2006-10-27 19:00:00,1283,1248.14
XGBoost,4324,2006-10-27 20:00:00,830,899.25
XGBoost,4324,2006-10-27 21:00:00,730,714.54
XGBoost,4324,2006-10-27 22:00:00,580,644.1
XGBoost,4324,2006-10-27 23:00:00,535,498.15
XGBoost,4324,2006-10-28 00:00:00,338,355.66
XGBoost,4324,2006-10-28 01:00:00,231,229.02
XGBoost,4324,2006-10-28 02:00:00,174,151.55
XGBoost,4324,2006-10-28 03:00:00,140,141.22
XGBoost,4324,2006-10-28 04:00:00,94,91.990005
XGBoost,4324,2006-10-28 05:00:00,145,163.82
XGBoost,4324,2006-10-28 06:00:00,269,316.22
XGBoost,4324,2006-10-28 07:00:00,488,496.44
XGBoost,4324,2006-10-28 08:00:00,919,925.32996
XGBoost,4324,2006-10-28 09:00:00,1219,1232.14
XGBoost,4324,2006-10-28 10:00:00,1352,1353.15
XGBoost,4324,2006-10-28 11:00:00,1494,1438.5901
XGBoost,4324,2006-10-28 12:00:00,1549,1572.92
XGBoost,4324,2006-10-28 13:00:00,1441,1458.03
XGBoost,4324,2006-10-28 14:00:00,1383,1390.59
XGBoost,4324,2006-10-28 15:00:00,1302,1369.49
XGBoost,4324,2006-10-28 16:00:00,1338,1308.38
XGBoost,4324,2006-10-28 17:00:00,1312,1370.45
XGBoost,4324,2006-10-28 18:00:00,1219,1159.34
XGBoost,4324,2006-10-28 19:00:00,1078,1055.58
XGBoost,4324,2006-10-28 20:00:00,794,800.88
XGBoost,4324,2006-10-28 21:00:00,587,647.86
XGBoost,4324,2006-10-28 22:00:00,575,564.11
XGBoost,4324,2006-10-28 23:00:00,564,575.18
XGBoost,4324,2006-10-29 00:00:00,470,432.84
XGBoost,4324,2006-10-29 01:00:00,244,311.56
XGBoost,4324,2006-10-29 02:00:00,48,94.51
XGBoost,4324,2006-10-29 03:00:00,199,166.05
XGBoost,4324,2006-10-29 04:00:00,152,154.75
XGBoost,4324,2006-10-29 05:00:00,153,169.13
XGBoost,4324,2006-10-29 06:00:00,195,225.99
XGBoost,4324,2006-10-29 07:00:00,240,237.14
XGBoost,4324,2006-10-29 08:00:00,376,400.05
XGBoost,4324,2006-10-29 09:00:00,630,616.41003
XGBoost,4324,2006-10-29 10:00:00,828,869.83997
XGBoost,4324,2006-10-29 11:00:00,1049,1059.96
XGBoost,4324,2006-10-29 12:00:00,1233,1257.38
XGBoost,4324,2006-10-29 13:00:00,1217,1246.4099
XGBoost,4324,2006-10-29 14:00:00,1138,1202.49
XGBoost,4324,2006-10-29 15:00:00,1183,1166.74
XGBoost,4324,2006-10-29 16:00:00,1236,1227.97
XGBoost,4324,2006-10-29 17:00:00,1244,1248.1101
XGBoost,4324,2006-10-29 18:00:00,1092,1026.21
XGBoost,4324,2006-10-29 19:00:00,871,827.05
XGBoost,4324,2006-10-29 20:00:00,661,687.41003
XGBoost,4324,2006-10-29 21:00:00,563,572.23
XGBoost,4324,2006-10-29 22:00:00,406,400.75
XGBoost,4324,2006-10-29 23:00:00,265,261.07
XGBoost,4324,2006-10-30 00:00:00,141,157.35
XGBoost,4324,2006-10-30 01:00:00,80,72.55
XGBoost,4324,2006-10-30 02:00:00,48,50.89
XGBoost,4324,2006-10-30 03:00:00,42,50.22
XGBoost,4324,2006-10-30 04:00:00,73,82.69
XGBoost,4324,2006-10-30 05:00:00,159,172.19
XGBoost,4324,2006-10-30 06:00:00,558,515.99
XGBoost,4324,2006-10-30 07:00:00,1435,1484.45
XGBoost,4324,2006-10-30 08:00:00,1997,2090.29
XGBoost,4324,2006-10-30 09:00:00,1261,1331.58
XGBoost,4324,2006-10-30 10:00:00,1141,1053.96
XGBoost,4324,2006-10-30 11:00:00,1236,1195.5701
XGBoost,4324,2006-10-30 12:00:00,1237,1278.72
XGBoost,4324,2006-10-30 13:00:00,1309,1263.56
XGBoost,4324,2006-10-30 14:00:00,1311,1294.36
XGBoost,4324,2006-10-30 15:00:00,1503,1521.71
XGBoost,4324,2006-10-30 16:00:00,1559,1583.13
XGBoost,4324,2006-10-30 17:00:00,1751,1777.28
XGBoost,4324,2006-10-30 18:00:00,1533,1465.23
XGBoost,4324,2006-10-30 19:00:00,1077,1068.13
XGBoost,4324,2006-10-30 20:00:00,771,777.6
XGBoost,4324,2006-10-30 21:00:00,639,623.44
XGBoost,4324,2006-10-30 22:00:00,452,458.16
XGBoost,4324,2006-10-30 23:00:00,265,257.9
XGBoost,4324,2006-10-31 00:00:00,155,142.69
XGBoost,4324,2006-10-31 01:00:00,69,79.68
XGBoost,4324,2006-10-31 02:00:00,59,47.35
XGBoost,4324,2006-10-31 03:00:00,64,55.93
XGBoost,4324,2006-10-31 04:00:00,61,72.09
XGBoost,4324,2006-10-31 05:00:00,187,184.39
XGBoost,4324,2006-10-31 06:00:00,590,621.88
XGBoost,4324,2006-10-31 07:00:00,1408,1451.06
XGBoost,4324,2006-10-31 08:00:00,1944,2018.7999
XGBoost,4324,2006-10-31 09:00:00,1323,1391.4199
XGBoost,4324,2006-10-31 10:00:00,1211,1218.23
XGBoost,4324,2006-10-31 11:00:00,1255,1241.87
XGBoost,4324,2006-10-31 12:00:00,1261,1275.35
XGBoost,4324,2006-10-31 13:00:00,1234,1292.0901
XGBoost,4324,2006-10-31 14:00:00,1253,1308.99
XGBoost,4324,2006-10-31 15:00:00,1500,1557.0801
XGBoost,4324,2006-10-31 16:00:00,1548,1581.1
XGBoost,4324,2006-10-31 17:00:00,1791,1787.73
XGBoost,4324,2006-10-31 18:00:00,1621,1626.72
XGBoost,4324,2006-10-31 19:00:00,1167,1140.98
XGBoost,4324,2006-10-31 20:00:00,901,877.44995
XGBoost,4324,2006-10-31 21:00:00,742,734.07
XGBoost,4324,2006-10-31 22:00:00,584,562.76
XGBoost,4324,2006-10-31 23:00:00,291,322.9
XGBoost,4812,2006-10-29 00:00:00,817,584.89
XGBoost,4812,2006-10-29 01:00:00,450,624.11
XGBoost,4812,2006-10-29 02:00:00,254,182.18
XGBoost,4812,2006-10-29 03:00:00,341,336.81
XGBoost,4812,2006-10-29 04:00:00,279,344.03
XGBoost,4812,2006-10-29 05:00:00,257,268.46
XGBoost,4812,2006-10-29 06:00:00,263,310.43
XGBoost,4812,2006-10-29 07:00:00,354,429.15
XGBoost,4812,2006-10-29 08:00:00,475,538.91003
XGBoost,4812,2006-10-29 09:00:00,703,763.01
XGBoost,4812,2006-10-29 10:00:00,928,955.27
XGBoost,4812,2006-10-29 11:00:00,1188,1089.04
XGBoost,4812,2006-10-29 12:00:00,1437,1393.44
XGBoost,4812,2006-10-29 13:00:00,1410,1411.37
XGBoost,4812,2006-10-29 14:00:00,1455,1375.02
XGBoost,4812,2006-10-29 15:00:00,1442,1484.38
XGBoost,4812,2006-10-29 16:00:00,1585,1545.52
XGBoost,4812,2006-10-29 17:00:00,1535,1593.16
XGBoost,4812,2006-10-29 18:00:00,1406,1394.3999
XGBoost,4812,2006-10-29 19:00:00,941,986.56
XGBoost,4812,2006-10-29 20:00:00,785,735.25
XGBoost,4812,2006-10-29 21:00:00,673,655.86
XGBoost,4812,2006-10-29 22:00:00,563,522.56
XGBoost,4812,2006-10-29 23:00:00,389,363.69
XGBoost,4812,2006-10-30 00:00:00,226,216.23
XGBoost,4812,2006-10-30 01:00:00,141,136.78
XGBoost,4812,2006-10-30 02:00:00,84,87.19
XGBoost,4812,2006-10-30 03:00:00,104,104.95
XGBoost,4812,2006-10-30 04:00:00,87,122.68
XGBoost,4812,2006-10-30 05:00:00,242,220.67
XGBoost,4812,2006-10-30 06:00:00,754,819.19
XGBoost,4812,2006-10-30 07:00:00,1777,1739.03
XGBoost,4812,2006-10-30 08:00:00,2436,2323.3599
XGBoost,4812,2006-10-30 09:00:00,1632,1691.84
XGBoost,4812,2006-10-30 10:00:00,1383,1308.49
XGBoost,4812,2006-10-30 11:00:00,1360,1355.5
XGBoost,4812,2006-10-30 12:00:00,1410,1363.43
XGBoost,4812,2006-10-30 13:00:00,1394,1427.4299
XGBoost,4812,2006-10-30 14:00:00,1531,1501.2
XGBoost,4812,2006-10-30 15:00:00,1930,1920.29
XGBoost,4812,2006-10-30 16:00:00,2026,2002.75
XGBoost,4812,2006-10-30 17:00:00,2425,2281.56
XGBoost,4812,2006-10-30 18:00:00,2155,2139.64
XGBoost,4812,2006-10-30 19:00:00,1295,1329.48
XGBoost,4812,2006-10-30 20:00:00,894,922.2
XGBoost,4812,2006-10-30 21:00:00,783,779.91
XGBoost,4812,2006-10-30 22:00:00,566,585.11
XGBoost,4812,2006-10-30 23:00:00,342,342.02
XGBoost,4812,2006-10-31 00:00:00,174,181.52
XGBoost,4812,2006-10-31 01:00:00,104,104.03
XGBoost,4812,2006-10-31 02:00:00,66,74.09
XGBoost,4812,2006-10-31 03:00:00,81,71.67
XGBoost,4812,2006-10-31 04:00:00,93,106.69
XGBoost,4812,2006-10-31 05:00:00,266,248.56
XGBoost,4812,2006-10-31 06:00:00,816,871.33
XGBoost,4812,2006-10-31 07:00:00,1861,1857.43
XGBoost,4812,2006-10-31 08:00:00,2428,2447.87
XGBoost,4812,2006-10-31 09:00:00,1859,1799.94
XGBoost,4812,2006-10-31 10:00:00,1425,1485.75
XGBoost,4812,2006-10-31 11:00:00,1508,1446.31
XGBoost,4812,2006-10-31 12:00:00,1515,1491.13
XGBoost,4812,2006-10-31 13:00:00,1535,1506.53
XGBoost,4812,2006-10-31 14:00:00,1656,1624.08
XGBoost,4812,2006-10-31 15:00:00,1943,1959.39
XGBoost,4812,2006-10-31 16:00:00,2024,2126.48
XGBoost,4812,2006-10-31 17:00:00,2545,2371.69
XGBoost,4812,2006-10-31 18:00:00,2231,2271.51
XGBoost,4812,2006-10-31 19:00:00,1490,1498.99
XGBoost,4812,2006-10-31 20:00:00,1031,1033.99
XGBoost,4812,2006-10-31 21:00:00,960,908.01
XGBoost,4812,2006-10-31 22:00:00,779,753.81
XGBoost,4812,2006-10-31 23:00:00,432,440.05
XGBoost,4821,2006-10-27 12:00:00,2133,2027.8201
XGBoost,4821,2006-10-27 13:00:00,2155,2129.6099
XGBoost,4821,2006-10-27 14:00:00,2111,2139.31
XGBoost,4821,2006-10-27 15:00:00,2274,2266.65
XGBoost,4821,2006-10-27 16:00:00,2455,2460.02
XGBoost,4821,2006-10-27 17:00:00,2730,2752.77
XGBoost,4821,2006-10-27 18:00:00,2547,2559.92
XGBoost,4821,2006-10-27 19:00:00,1864,1822.11
XGBoost,4821,2006-10-27 20:00:00,1373,1396.63
XGBoost,4821,2006-10-27 21:00:00,1152,1194.67
XGBoost,4821,2006-10-27 22:00:00,976,944.31
XGBoost,4821,2006-10-27 23:00:00,868,832.13
XGBoost,4821,2006-10-28 00:00:00,609,604.01
XGBoost,4821,2006-10-28 01:00:00,420,420.39
XGBoost,4821,2006-10-28 02:00:00,296,273.66
XGBoost,4821,2006-10-28 03:00:00,204,228.23
XGBoost,4821,2006-10-28 04:00:00,189,184.39
XGBoost,4821,2006-10-28 05:00:00,248,250.01999
XGBoost,4821,2006-10-28 06:00:00,513,518.28
XGBoost,4821,2006-10-28 07:00:00,747,787.19
XGBoost,4821,2006-10-28 08:00:00,1195,1251.25
XGBoost,4821,2006-10-28 09:00:00,1693,1639.75
XGBoost,4821,2006-10-28 10:00:00,1944,1926.08
XGBoost,4821,2006-10-28 11:00:00,2281,2166.08
XGBoost,4821,2006-10-28 12:00:00,2458,2434.2
XGBoost,4821,2006-10-28 13:00:00,2348,2362.09
XGBoost,4821,2006-10-28 14:00:00,2421,2352.24
XGBoost,4821,2006-10-28 15:00:00,2236,2294.78
XGBoost,4821,2006-10-28 16:00:00,2299,2316.0698
XGBoost,4821,2006-10-28 17:00:00,2043,2202.3599
XGBoost,4821,2006-10-28 18:00:00,1716,1812.86
XGBoost,4821,2006-10-28 19:00:00,1407,1365.79
XGBoost,4821,2006-10-28 20:00:00,1128,1138.28
XGBoost,4821,2006-10-28 21:00:00,902,984.96
XGBoost,4821,2006-10-28 22:00:00,901,861.4
XGBoost,4821,2006-10-28 23:00:00,839,840.86
XGBoost,4821,2006-10-29 00:00:00,667,689.86
XGBoost,4821,2006-10-29 01:00:00,465,499.22
XGBoost,4821,2006-10-29 02:00:00,268,224.51
XGBoost,4821,2006-10-29 03:00:00,361,363.76
XGBoost,4821,2006-10-29 04:00:00,298,316.68
XGBoost,4821,2006-10-29 05:00:00,283,288.39
XGBoost,4821,2006-10-29 06:00:00,317,327.33002
XGBoost,4821,2006-10-29 07:00:00,367,381.22998
XGBoost,4821,2006-10-29 08:00:00,486,516.09
XGBoost,4821,2006-10-29 09:00:00,901,836.9
XGBoost,4821,2006-10-29 10:00:00,1260,1328.8201
XGBoost,4821,2006-10-29 11:00:00,1640,1603.96
XGBoost,4821,2006-10-29 12:00:00,2020,1999.95
XGBoost,4821,2006-10-29 13:00:00,2181,2157.54
XGBoost,4821,2006-10-29 14:00:00,2184,2158.37
XGBoost,4821,2006-10-29 15:00:00,2197,2228.48
XGBoost,4821,2006-10-29 16:00:00,2153,2155.57
XGBoost,4821,2006-10-29 17:00:00,2043,2069.9
XGBoost,4821,2006-10-29 18:00:00,1569,1616.1
XGBoost,4821,2006-10-29 19:00:00,1037,1037.54
XGBoost,4821,2006-10-29 20:00:00,914,874.15
XGBoost,4821,2006-10-29 21:00:00,836,802.88
XGBoost,4821,2006-10-29 22:00:00,606,611.62
XGBoost,4821,2006-10-29 23:00:00,454,466.08
XGBoost,4821,2006-10-30 00:00:00,258,250.08
XGBoost,4821,2006-10-30 01:00:00,143,145.47
XGBoost,4821,2006-10-30 02:00:00,123,106.84
XGBoost,4821,2006-10-30 03:00:00,97,107.38
XGBoost,4821,2006-10-30 04:00:00,133,146.42
XGBoost,4821,2006-10-30 05:00:00,324,321.99
XGBoost,4821,2006-10-30 06:00:00,897,954.66
XGBoost,4821,2006-10-30 07:00:00,2039,2024.0
XGBoost,4821,2006-10-30 08:00:00,2501,2431.24
XGBoost,4821,2006-10-30 09:00:00,2121,2002.1599
XGBoost,4821,2006-10-30 10:00:00,1658,1694.89
XGBoost,4821,2006-10-30 11:00:00,1737,1711.82
XGBoost,4821,2006-10-30 12:00:00,1931,1881.53
XGBoost,4821,2006-10-30 13:00:00,1891,1979.64
XGBoost,4821,2006-10-30 14:00:00,1985,2082.55
XGBoost,4821,2006-10-30 15:00:00,2133,2232.99
XGBoost,4821,2006-10-30 16:00:00,2313,2371.86
XGBoost,4821,2006-10-30 17:00:00,2744,2672.25
XGBoost,4821,2006-10-30 18:00:00,2275,2341.52
XGBoost,4821,2006-10-30 19:00:00,1410,1380.55
XGBoost,4821,2006-10-30 20:00:00,1045,1044.23
XGBoost,4821,2006-10-30 21:00:00,821,880.41
XGBoost,4821,2006-10-30 22:00:00,625,649.35
XGBoost,4821,2006-10-30 23:00:00,428,383.91
XGBoost,4821,2006-10-31 00:00:00,223,235.33
XGBoost,4821,2006-10-31 01:00:00,117,121.17
XGBoost,4821,2006-10-31 02:00:00,75,80.9
XGBoost,4821,2006-10-31 03:00:00,93,83.89
XGBoost,4821,2006-10-31 04:00:00,129,133.87
XGBoost,4821,2006-10-31 05:00:00,326,328.58
XGBoost,4821,2006-10-31 06:00:00,1007,1025.4299
XGBoost,4821,2006-10-31 07:00:00,2094,2158.73
XGBoost,4821,2006-10-31 08:00:00,2347,2408.21
XGBoost,4821,2006-10-31 09:00:00,2074,2078.3298
XGBoost,4821,2006-10-31 10:00:00,1723,1737.55
XGBoost,4821,2006-10-31 11:00:00,1855,1809.55
XGBoost,4821,2006-10-31 12:00:00,1940,1924.81
XGBoost,4821,2006-10-31 13:00:00,1945,1921.0701
XGBoost,4821,2006-10-31 14:00:00,2009,2018.64
XGBoost,4821,2006-10-31 15:00:00,2133,2211.19
XGBoost,4821,2006-10-31 16:00:00,2320,2328.8
XGBoost,4821,2006-10-31 17:00:00,2760,2750.77
XGBoost,4821,2006-10-31 18:00:00,2314,2380.41
XGBoost,4821,2006-10-31 19:00:00,1554,1578.89
XGBoost,4821,2006-10-31 20:00:00,1200,1167.88
XGBoost,4821,2006-10-31 21:00:00,996,998.12
XGBoost,4821,2006-10-31 22:00:00,761,733.89
XGBoost,4821,2006-10-31 23:00:00,472,479.84
